[
  {
    "name": "get_block",
    "documentation": "https://bookshelf.docs.gunivers.net/en/latest/modules/hitbox.html#get",
    "authors": [
      "Aksiome"
    ],
    "created": {
      "date": "2023/11/21",
      "version": "1.20.3"
    },
    "updated": {
      "date": "2024/09/28",
      "version": "1.21"
    }
  },
  {
    "name": "get_entity",
    "documentation": "https://bookshelf.docs.gunivers.net/en/latest/modules/hitbox.html#get",
    "authors": [
      "Aksiome"
    ],
    "created": {
      "date": "2023/11/21",
      "version": "1.20.3"
    },
    "updated": {
      "date": "2024/09/28",
      "version": "1.21"
    }
  },
  {
    "name": "is_entity_in_block",
    "documentation": "https://bookshelf.docs.gunivers.net/en/latest/modules/hitbox.html#is-inside",
    "authors": [
      "Aksiome"
    ],
    "created": {
      "date": "2024/09/28",
      "version": "1.21"
    },
    "updated": {
      "date": "2024/09/28",
      "version": "1.21"
    }
  },
  {
    "name": "is_entity_in_blocks",
    "documentation": "https://bookshelf.docs.gunivers.net/en/latest/modules/hitbox.html#is-inside",
    "authors": [
      "Aksiome"
    ],
    "created": {
      "date": "2024/09/28",
      "version": "1.21"
    },
    "updated": {
      "date": "2024/09/28",
      "version": "1.21"
    }
  },
  {
    "name": "is_in_block",
    "documentation": "https://bookshelf.docs.gunivers.net/en/latest/modules/hitbox.html#is-inside",
    "authors": [
      "Aksiome"
    ],
    "created": {
      "date": "2023/11/21",
      "version": "1.20.3"
    },
    "updated": {
      "date": "2024/09/28",
      "version": "1.21"
    }
  },
  {
    "name": "is_in_entity",
    "documentation": "https://bookshelf.docs.gunivers.net/en/latest/modules/hitbox.html#is-inside",
    "authors": [
      "Aksiome"
    ],
    "created": {
      "date": "2023/11/21",
      "version": "1.20.3"
    },
    "updated": {
      "date": "2024/09/28",
      "version": "1.21"
    }
  }
]
