{
  "__bookshelf__": {
    "feature": true,
    "documentation": "https://bookshelf.docs.gunivers.net/en/latest/modules/link.html#imitate-behaviors",
    "authors": [
      "Aksiome",
      "Leirof"
    ],
    "created": {
      "date": "2018/06/29",
      "minecraft_version": "1.13"
    },
    "updated": {
      "date": "2023/09/11",
      "minecraft_version": "1.20.4"
    }
  },
  "values": [
    "#bs.link:behaviors/setup",
    "#bs.link:behaviors/imitate_pos_x",
    "#bs.link:behaviors/imitate_pos_y",
    "#bs.link:behaviors/imitate_pos_z",
    "#bs.link:behaviors/apply"
  ]
}
