{
  "__bookshelf__": {
    "feature": true,
      "documentation": "https://bookshelf.docs.gunivers.net/en/latest/modules/link.html#mirror-plane",
      "authors": [
        "Aksiome"
      ],
      "created": {
        "date": "2023/09/10",
        "minecraft_version": "1.20.1"
      },
      "updated": {
        "date": "2023/09/11",
        "minecraft_version": "1.20.1"
      }
    },
  "values": [
    "#bs.link:behaviors/setup",
    "#bs.link:behaviors/imitate_pos_x",
    "#bs.link:behaviors/imitate_pos_y",
    "#bs.link:behaviors/reverse_pos_z",
    "#bs.link:behaviors/reverse_rot_h",
    "#bs.link:behaviors/imitate_rot_v",
    "#bs.link:behaviors/apply"
  ]
}
