[
  {
    "name": "get_biome",
    "documentation": "https://bookshelf.docs.gunivers.net/en/latest/modules/biome.html#get-biome",
    "authors": [
      "Aksiome"
    ],
    "created": {
      "date": "2024/04/22",
      "version": "1.20.5"
    },
    "updated": {
      "date": "2024/04/22",
      "version": "1.20.5"
    }
  },
  {
    "name": "get_temperature",
    "documentation": "https://bookshelf.docs.gunivers.net/en/latest/modules/biome.html#get-temperature",
    "authors": [
      "theogiraudet"
    ],
    "contributors": [
      "Aksiome"
    ],
    "created": {
      "date": "2018/08/16",
      "version": "1.14"
    },
    "updated": {
      "date": "2024/04/22",
      "version": "1.20.5"
    }
  }
]
