{
  "__bookshelf__": {
    "feature": true,
    "documentation": "https://bookshelf.docs.gunivers.net/en/latest/modules/hitbox.html#intangible",
    "authors": [
      "Aksiome"
    ],
    "created": {
      "date": "2024/09/28",
      "minecraft_version": "1.21"
    },
    "updated": {
      "date": "2024/09/28",
      "minecraft_version": "1.21"
    }
  },
  "values": [
    "minecraft:air",
    "minecraft:cave_air",
    "minecraft:lava",
    "minecraft:light",
    "minecraft:structure_void",
    "minecraft:void_air",
    "minecraft:water"
  ]
}
