{
  "__bookshelf__": {
    "feature": true,
    "documentation": "https://bookshelf.docs.gunivers.net/en/latest/modules/hitbox.html#is-composite",
    "authors": [
      "Aksiome"
    ],
    "created": {
      "date": "2024/09/28",
      "minecraft_version": "1.21"
    },
    "updated": {
      "date": "2024/10/24",
      "minecraft_version": "1.21.2"
    }
  },
  "values": [
    "minecraft:acacia_button",
    "minecraft:acacia_door",
    "minecraft:acacia_fence",
    "minecraft:acacia_fence_gate",
    "minecraft:acacia_hanging_sign",
    "minecraft:acacia_pressure_plate",
    "minecraft:acacia_sapling",
    "minecraft:acacia_sign",
    "minecraft:acacia_slab",
    "minecraft:acacia_stairs",
    "minecraft:acacia_trapdoor",
    "minecraft:acacia_wall_hanging_sign",
    "minecraft:acacia_wall_sign",
    "minecraft:activator_rail",
    "minecraft:allium",
    "minecraft:amethyst_cluster",
    "minecraft:andesite_slab",
    "minecraft:andesite_stairs",
    "minecraft:andesite_wall",
    "minecraft:anvil",
    "minecraft:attached_melon_stem",
    "minecraft:attached_pumpkin_stem",
    "minecraft:azalea",
    "minecraft:azure_bluet",
    "minecraft:bamboo",
    "minecraft:bamboo_button",
    "minecraft:bamboo_door",
    "minecraft:bamboo_fence",
    "minecraft:bamboo_fence_gate",
    "minecraft:bamboo_hanging_sign",
    "minecraft:bamboo_mosaic_slab",
    "minecraft:bamboo_mosaic_stairs",
    "minecraft:bamboo_pressure_plate",
    "minecraft:bamboo_sapling",
    "minecraft:bamboo_sign",
    "minecraft:bamboo_slab",
    "minecraft:bamboo_stairs",
    "minecraft:bamboo_trapdoor",
    "minecraft:bamboo_wall_hanging_sign",
    "minecraft:bamboo_wall_sign",
    "minecraft:beetroots",
    "minecraft:bell",
    "minecraft:big_dripleaf",
    "minecraft:big_dripleaf_stem",
    "minecraft:birch_button",
    "minecraft:birch_door",
    "minecraft:birch_fence",
    "minecraft:birch_fence_gate",
    "minecraft:birch_hanging_sign",
    "minecraft:birch_pressure_plate",
    "minecraft:birch_sapling",
    "minecraft:birch_sign",
    "minecraft:birch_slab",
    "minecraft:birch_stairs",
    "minecraft:birch_trapdoor",
    "minecraft:birch_wall_hanging_sign",
    "minecraft:birch_wall_sign",
    "minecraft:black_banner",
    "minecraft:black_bed",
    "minecraft:black_candle",
    "minecraft:black_candle_cake",
    "minecraft:black_carpet",
    "minecraft:black_stained_glass_pane",
    "minecraft:black_wall_banner",
    "minecraft:blackstone_slab",
    "minecraft:blackstone_stairs",
    "minecraft:blackstone_wall",
    "minecraft:blue_banner",
    "minecraft:blue_bed",
    "minecraft:blue_candle",
    "minecraft:blue_candle_cake",
    "minecraft:blue_carpet",
    "minecraft:blue_orchid",
    "minecraft:blue_stained_glass_pane",
    "minecraft:blue_wall_banner",
    "minecraft:brain_coral",
    "minecraft:brain_coral_fan",
    "minecraft:brain_coral_wall_fan",
    "minecraft:brewing_stand",
    "minecraft:brick_slab",
    "minecraft:brick_stairs",
    "minecraft:brick_wall",
    "minecraft:brown_banner",
    "minecraft:brown_bed",
    "minecraft:brown_candle",
    "minecraft:brown_candle_cake",
    "minecraft:brown_carpet",
    "minecraft:brown_mushroom",
    "minecraft:brown_stained_glass_pane",
    "minecraft:brown_wall_banner",
    "minecraft:bubble_coral",
    "minecraft:bubble_coral_fan",
    "minecraft:bubble_coral_wall_fan",
    "minecraft:cactus",
    "minecraft:cake",
    "minecraft:calibrated_sculk_sensor",
    "minecraft:campfire",
    "minecraft:candle",
    "minecraft:candle_cake",
    "minecraft:carrots",
    "minecraft:cauldron",
    "minecraft:cave_vines",
    "minecraft:cave_vines_plant",
    "minecraft:chain",
    "minecraft:cherry_button",
    "minecraft:cherry_door",
    "minecraft:cherry_fence",
    "minecraft:cherry_fence_gate",
    "minecraft:cherry_hanging_sign",
    "minecraft:cherry_pressure_plate",
    "minecraft:cherry_sapling",
    "minecraft:cherry_sign",
    "minecraft:cherry_slab",
    "minecraft:cherry_stairs",
    "minecraft:cherry_trapdoor",
    "minecraft:cherry_wall_hanging_sign",
    "minecraft:cherry_wall_sign",
    "minecraft:chest",
    "minecraft:chipped_anvil",
    "minecraft:chorus_plant",
    "minecraft:cobbled_deepslate_slab",
    "minecraft:cobbled_deepslate_stairs",
    "minecraft:cobbled_deepslate_wall",
    "minecraft:cobblestone_slab",
    "minecraft:cobblestone_stairs",
    "minecraft:cobblestone_wall",
    "minecraft:cocoa",
    "minecraft:comparator",
    "minecraft:composter",
    "minecraft:conduit",
    "minecraft:copper_door",
    "minecraft:copper_trapdoor",
    "minecraft:cornflower",
    "minecraft:creeper_head",
    "minecraft:creeper_wall_head",
    "minecraft:crimson_button",
    "minecraft:crimson_door",
    "minecraft:crimson_fence",
    "minecraft:crimson_fence_gate",
    "minecraft:crimson_fungus",
    "minecraft:crimson_hanging_sign",
    "minecraft:crimson_pressure_plate",
    "minecraft:crimson_roots",
    "minecraft:crimson_sign",
    "minecraft:crimson_slab",
    "minecraft:crimson_stairs",
    "minecraft:crimson_trapdoor",
    "minecraft:crimson_wall_hanging_sign",
    "minecraft:crimson_wall_sign",
    "minecraft:cut_copper_slab",
    "minecraft:cut_copper_stairs",
    "minecraft:cut_red_sandstone_slab",
    "minecraft:cut_sandstone_slab",
    "minecraft:cyan_banner",
    "minecraft:cyan_bed",
    "minecraft:cyan_candle",
    "minecraft:cyan_candle_cake",
    "minecraft:cyan_carpet",
    "minecraft:cyan_stained_glass_pane",
    "minecraft:cyan_wall_banner",
    "minecraft:damaged_anvil",
    "minecraft:dandelion",
    "minecraft:dark_oak_button",
    "minecraft:dark_oak_door",
    "minecraft:dark_oak_fence",
    "minecraft:dark_oak_fence_gate",
    "minecraft:dark_oak_hanging_sign",
    "minecraft:dark_oak_pressure_plate",
    "minecraft:dark_oak_sapling",
    "minecraft:dark_oak_sign",
    "minecraft:dark_oak_slab",
    "minecraft:dark_oak_stairs",
    "minecraft:dark_oak_trapdoor",
    "minecraft:dark_oak_wall_hanging_sign",
    "minecraft:dark_oak_wall_sign",
    "minecraft:dark_prismarine_slab",
    "minecraft:dark_prismarine_stairs",
    "minecraft:daylight_detector",
    "minecraft:dead_brain_coral",
    "minecraft:dead_brain_coral_fan",
    "minecraft:dead_brain_coral_wall_fan",
    "minecraft:dead_bubble_coral",
    "minecraft:dead_bubble_coral_fan",
    "minecraft:dead_bubble_coral_wall_fan",
    "minecraft:dead_bush",
    "minecraft:dead_fire_coral",
    "minecraft:dead_fire_coral_fan",
    "minecraft:dead_fire_coral_wall_fan",
    "minecraft:dead_horn_coral",
    "minecraft:dead_horn_coral_fan",
    "minecraft:dead_horn_coral_wall_fan",
    "minecraft:dead_tube_coral",
    "minecraft:dead_tube_coral_fan",
    "minecraft:dead_tube_coral_wall_fan",
    "minecraft:decorated_pot",
    "minecraft:deepslate_brick_slab",
    "minecraft:deepslate_brick_stairs",
    "minecraft:deepslate_brick_wall",
    "minecraft:deepslate_tile_slab",
    "minecraft:deepslate_tile_stairs",
    "minecraft:deepslate_tile_wall",
    "minecraft:detector_rail",
    "minecraft:diorite_slab",
    "minecraft:diorite_stairs",
    "minecraft:diorite_wall",
    "minecraft:dirt_path",
    "minecraft:dragon_egg",
    "minecraft:dragon_head",
    "minecraft:dragon_wall_head",
    "minecraft:enchanting_table",
    "minecraft:end_portal",
    "minecraft:end_portal_frame",
    "minecraft:end_rod",
    "minecraft:end_stone_brick_slab",
    "minecraft:end_stone_brick_stairs",
    "minecraft:end_stone_brick_wall",
    "minecraft:ender_chest",
    "minecraft:exposed_copper_door",
    "minecraft:exposed_copper_trapdoor",
    "minecraft:exposed_cut_copper_slab",
    "minecraft:exposed_cut_copper_stairs",
    "minecraft:farmland",
    "minecraft:fern",
    "minecraft:fire",
    "minecraft:fire_coral",
    "minecraft:fire_coral_fan",
    "minecraft:fire_coral_wall_fan",
    "minecraft:flower_pot",
    "minecraft:flowering_azalea",
    "minecraft:frogspawn",
    "minecraft:glass_pane",
    "minecraft:glow_lichen",
    "minecraft:granite_slab",
    "minecraft:granite_stairs",
    "minecraft:granite_wall",
    "minecraft:gray_banner",
    "minecraft:gray_bed",
    "minecraft:gray_candle",
    "minecraft:gray_candle_cake",
    "minecraft:gray_carpet",
    "minecraft:gray_stained_glass_pane",
    "minecraft:gray_wall_banner",
    "minecraft:green_banner",
    "minecraft:green_bed",
    "minecraft:green_candle",
    "minecraft:green_candle_cake",
    "minecraft:green_carpet",
    "minecraft:green_stained_glass_pane",
    "minecraft:green_wall_banner",
    "minecraft:grindstone",
    "minecraft:hanging_roots",
    "minecraft:heavy_core",
    "minecraft:heavy_weighted_pressure_plate",
    "minecraft:hopper",
    "minecraft:horn_coral",
    "minecraft:horn_coral_fan",
    "minecraft:horn_coral_wall_fan",
    "minecraft:iron_bars",
    "minecraft:iron_door",
    "minecraft:iron_trapdoor",
    "minecraft:jungle_button",
    "minecraft:jungle_door",
    "minecraft:jungle_fence",
    "minecraft:jungle_fence_gate",
    "minecraft:jungle_hanging_sign",
    "minecraft:jungle_pressure_plate",
    "minecraft:jungle_sapling",
    "minecraft:jungle_sign",
    "minecraft:jungle_slab",
    "minecraft:jungle_stairs",
    "minecraft:jungle_trapdoor",
    "minecraft:jungle_wall_hanging_sign",
    "minecraft:jungle_wall_sign",
    "minecraft:kelp",
    "minecraft:ladder",
    "minecraft:lantern",
    "minecraft:large_amethyst_bud",
    "minecraft:lava_cauldron",
    "minecraft:lectern",
    "minecraft:lever",
    "minecraft:light_blue_banner",
    "minecraft:light_blue_bed",
    "minecraft:light_blue_candle",
    "minecraft:light_blue_candle_cake",
    "minecraft:light_blue_carpet",
    "minecraft:light_blue_stained_glass_pane",
    "minecraft:light_blue_wall_banner",
    "minecraft:light_gray_banner",
    "minecraft:light_gray_bed",
    "minecraft:light_gray_candle",
    "minecraft:light_gray_candle_cake",
    "minecraft:light_gray_carpet",
    "minecraft:light_gray_stained_glass_pane",
    "minecraft:light_gray_wall_banner",
    "minecraft:light_weighted_pressure_plate",
    "minecraft:lightning_rod",
    "minecraft:lily_of_the_valley",
    "minecraft:lily_pad",
    "minecraft:lime_banner",
    "minecraft:lime_bed",
    "minecraft:lime_candle",
    "minecraft:lime_candle_cake",
    "minecraft:lime_carpet",
    "minecraft:lime_stained_glass_pane",
    "minecraft:lime_wall_banner",
    "minecraft:magenta_banner",
    "minecraft:magenta_bed",
    "minecraft:magenta_candle",
    "minecraft:magenta_candle_cake",
    "minecraft:magenta_carpet",
    "minecraft:magenta_stained_glass_pane",
    "minecraft:magenta_wall_banner",
    "minecraft:mangrove_button",
    "minecraft:mangrove_door",
    "minecraft:mangrove_fence",
    "minecraft:mangrove_fence_gate",
    "minecraft:mangrove_hanging_sign",
    "minecraft:mangrove_pressure_plate",
    "minecraft:mangrove_propagule",
    "minecraft:mangrove_sign",
    "minecraft:mangrove_slab",
    "minecraft:mangrove_stairs",
    "minecraft:mangrove_trapdoor",
    "minecraft:mangrove_wall_hanging_sign",
    "minecraft:mangrove_wall_sign",
    "minecraft:medium_amethyst_bud",
    "minecraft:melon_stem",
    "minecraft:moss_carpet",
    "minecraft:mossy_cobblestone_slab",
    "minecraft:mossy_cobblestone_stairs",
    "minecraft:mossy_cobblestone_wall",
    "minecraft:mossy_stone_brick_slab",
    "minecraft:mossy_stone_brick_stairs",
    "minecraft:mossy_stone_brick_wall",
    "minecraft:mud_brick_slab",
    "minecraft:mud_brick_stairs",
    "minecraft:mud_brick_wall",
    "minecraft:nether_brick_fence",
    "minecraft:nether_brick_slab",
    "minecraft:nether_brick_stairs",
    "minecraft:nether_brick_wall",
    "minecraft:nether_portal",
    "minecraft:nether_sprouts",
    "minecraft:nether_wart",
    "minecraft:oak_button",
    "minecraft:oak_door",
    "minecraft:oak_fence",
    "minecraft:oak_fence_gate",
    "minecraft:oak_hanging_sign",
    "minecraft:oak_pressure_plate",
    "minecraft:oak_sapling",
    "minecraft:oak_sign",
    "minecraft:oak_slab",
    "minecraft:oak_stairs",
    "minecraft:oak_trapdoor",
    "minecraft:oak_wall_hanging_sign",
    "minecraft:oak_wall_sign",
    "minecraft:orange_banner",
    "minecraft:orange_bed",
    "minecraft:orange_candle",
    "minecraft:orange_candle_cake",
    "minecraft:orange_carpet",
    "minecraft:orange_stained_glass_pane",
    "minecraft:orange_tulip",
    "minecraft:orange_wall_banner",
    "minecraft:oxeye_daisy",
    "minecraft:oxidized_copper_door",
    "minecraft:oxidized_copper_trapdoor",
    "minecraft:oxidized_cut_copper_slab",
    "minecraft:oxidized_cut_copper_stairs",
    "minecraft:pale_hanging_moss",
    "minecraft:pale_moss_carpet",
    "minecraft:pale_oak_button",
    "minecraft:pale_oak_door",
    "minecraft:pale_oak_fence",
    "minecraft:pale_oak_fence_gate",
    "minecraft:pale_oak_hanging_sign",
    "minecraft:pale_oak_pressure_plate",
    "minecraft:pale_oak_sapling",
    "minecraft:pale_oak_sign",
    "minecraft:pale_oak_slab",
    "minecraft:pale_oak_stairs",
    "minecraft:pale_oak_trapdoor",
    "minecraft:pale_oak_wall_hanging_sign",
    "minecraft:pale_oak_wall_sign",
    "minecraft:petrified_oak_slab",
    "minecraft:piglin_head",
    "minecraft:piglin_wall_head",
    "minecraft:pink_banner",
    "minecraft:pink_bed",
    "minecraft:pink_candle",
    "minecraft:pink_candle_cake",
    "minecraft:pink_carpet",
    "minecraft:pink_petals",
    "minecraft:pink_stained_glass_pane",
    "minecraft:pink_tulip",
    "minecraft:pink_wall_banner",
    "minecraft:piston",
    "minecraft:piston_head",
    "minecraft:pitcher_crop",
    "minecraft:player_head",
    "minecraft:player_wall_head",
    "minecraft:pointed_dripstone",
    "minecraft:polished_andesite_slab",
    "minecraft:polished_andesite_stairs",
    "minecraft:polished_blackstone_brick_slab",
    "minecraft:polished_blackstone_brick_stairs",
    "minecraft:polished_blackstone_brick_wall",
    "minecraft:polished_blackstone_button",
    "minecraft:polished_blackstone_pressure_plate",
    "minecraft:polished_blackstone_slab",
    "minecraft:polished_blackstone_stairs",
    "minecraft:polished_blackstone_wall",
    "minecraft:polished_deepslate_slab",
    "minecraft:polished_deepslate_stairs",
    "minecraft:polished_deepslate_wall",
    "minecraft:polished_diorite_slab",
    "minecraft:polished_diorite_stairs",
    "minecraft:polished_granite_slab",
    "minecraft:polished_granite_stairs",
    "minecraft:polished_tuff_slab",
    "minecraft:polished_tuff_stairs",
    "minecraft:polished_tuff_wall",
    "minecraft:poppy",
    "minecraft:potatoes",
    "minecraft:potted_acacia_sapling",
    "minecraft:potted_allium",
    "minecraft:potted_azalea_bush",
    "minecraft:potted_azure_bluet",
    "minecraft:potted_bamboo",
    "minecraft:potted_birch_sapling",
    "minecraft:potted_blue_orchid",
    "minecraft:potted_brown_mushroom",
    "minecraft:potted_cactus",
    "minecraft:potted_cherry_sapling",
    "minecraft:potted_cornflower",
    "minecraft:potted_crimson_fungus",
    "minecraft:potted_crimson_roots",
    "minecraft:potted_dandelion",
    "minecraft:potted_dark_oak_sapling",
    "minecraft:potted_dead_bush",
    "minecraft:potted_fern",
    "minecraft:potted_flowering_azalea_bush",
    "minecraft:potted_jungle_sapling",
    "minecraft:potted_lily_of_the_valley",
    "minecraft:potted_mangrove_propagule",
    "minecraft:potted_oak_sapling",
    "minecraft:potted_orange_tulip",
    "minecraft:potted_oxeye_daisy",
    "minecraft:potted_pale_oak_sapling",
    "minecraft:potted_pink_tulip",
    "minecraft:potted_poppy",
    "minecraft:potted_red_mushroom",
    "minecraft:potted_red_tulip",
    "minecraft:potted_spruce_sapling",
    "minecraft:potted_torchflower",
    "minecraft:potted_warped_fungus",
    "minecraft:potted_warped_roots",
    "minecraft:potted_white_tulip",
    "minecraft:potted_wither_rose",
    "minecraft:powder_snow_cauldron",
    "minecraft:powered_rail",
    "minecraft:prismarine_brick_slab",
    "minecraft:prismarine_brick_stairs",
    "minecraft:prismarine_slab",
    "minecraft:prismarine_stairs",
    "minecraft:prismarine_wall",
    "minecraft:pumpkin_stem",
    "minecraft:purple_banner",
    "minecraft:purple_bed",
    "minecraft:purple_candle",
    "minecraft:purple_candle_cake",
    "minecraft:purple_carpet",
    "minecraft:purple_stained_glass_pane",
    "minecraft:purple_wall_banner",
    "minecraft:purpur_slab",
    "minecraft:purpur_stairs",
    "minecraft:quartz_slab",
    "minecraft:quartz_stairs",
    "minecraft:rail",
    "minecraft:red_banner",
    "minecraft:red_bed",
    "minecraft:red_candle",
    "minecraft:red_candle_cake",
    "minecraft:red_carpet",
    "minecraft:red_mushroom",
    "minecraft:red_nether_brick_slab",
    "minecraft:red_nether_brick_stairs",
    "minecraft:red_nether_brick_wall",
    "minecraft:red_sandstone_slab",
    "minecraft:red_sandstone_stairs",
    "minecraft:red_sandstone_wall",
    "minecraft:red_stained_glass_pane",
    "minecraft:red_tulip",
    "minecraft:red_wall_banner",
    "minecraft:redstone_torch",
    "minecraft:redstone_wall_torch",
    "minecraft:redstone_wire",
    "minecraft:repeater",
    "minecraft:sandstone_slab",
    "minecraft:sandstone_stairs",
    "minecraft:sandstone_wall",
    "minecraft:scaffolding",
    "minecraft:sculk_sensor",
    "minecraft:sculk_vein",
    "minecraft:sea_pickle",
    "minecraft:seagrass",
    "minecraft:short_grass",
    "minecraft:skeleton_skull",
    "minecraft:skeleton_wall_skull",
    "minecraft:small_amethyst_bud",
    "minecraft:small_dripleaf",
    "minecraft:smooth_quartz_slab",
    "minecraft:smooth_quartz_stairs",
    "minecraft:smooth_red_sandstone_slab",
    "minecraft:smooth_red_sandstone_stairs",
    "minecraft:smooth_sandstone_slab",
    "minecraft:smooth_sandstone_stairs",
    "minecraft:smooth_stone_slab",
    "minecraft:sniffer_egg",
    "minecraft:snow",
    "minecraft:soul_campfire",
    "minecraft:soul_fire",
    "minecraft:soul_lantern",
    "minecraft:soul_torch",
    "minecraft:soul_wall_torch",
    "minecraft:spore_blossom",
    "minecraft:spruce_button",
    "minecraft:spruce_door",
    "minecraft:spruce_fence",
    "minecraft:spruce_fence_gate",
    "minecraft:spruce_hanging_sign",
    "minecraft:spruce_pressure_plate",
    "minecraft:spruce_sapling",
    "minecraft:spruce_sign",
    "minecraft:spruce_slab",
    "minecraft:spruce_stairs",
    "minecraft:spruce_trapdoor",
    "minecraft:spruce_wall_hanging_sign",
    "minecraft:spruce_wall_sign",
    "minecraft:sticky_piston",
    "minecraft:stone_brick_slab",
    "minecraft:stone_brick_stairs",
    "minecraft:stone_brick_wall",
    "minecraft:stone_button",
    "minecraft:stone_pressure_plate",
    "minecraft:stone_slab",
    "minecraft:stone_stairs",
    "minecraft:stonecutter",
    "minecraft:structure_void",
    "minecraft:sugar_cane",
    "minecraft:sweet_berry_bush",
    "minecraft:tall_seagrass",
    "minecraft:torch",
    "minecraft:torchflower",
    "minecraft:torchflower_crop",
    "minecraft:trapped_chest",
    "minecraft:tripwire",
    "minecraft:tripwire_hook",
    "minecraft:tube_coral",
    "minecraft:tube_coral_fan",
    "minecraft:tube_coral_wall_fan",
    "minecraft:tuff_brick_slab",
    "minecraft:tuff_brick_stairs",
    "minecraft:tuff_brick_wall",
    "minecraft:tuff_slab",
    "minecraft:tuff_stairs",
    "minecraft:tuff_wall",
    "minecraft:turtle_egg",
    "minecraft:twisting_vines",
    "minecraft:twisting_vines_plant",
    "minecraft:vine",
    "minecraft:wall_torch",
    "minecraft:warped_button",
    "minecraft:warped_door",
    "minecraft:warped_fence",
    "minecraft:warped_fence_gate",
    "minecraft:warped_fungus",
    "minecraft:warped_hanging_sign",
    "minecraft:warped_pressure_plate",
    "minecraft:warped_roots",
    "minecraft:warped_sign",
    "minecraft:warped_slab",
    "minecraft:warped_stairs",
    "minecraft:warped_trapdoor",
    "minecraft:warped_wall_hanging_sign",
    "minecraft:warped_wall_sign",
    "minecraft:water_cauldron",
    "minecraft:waxed_copper_door",
    "minecraft:waxed_copper_trapdoor",
    "minecraft:waxed_cut_copper_slab",
    "minecraft:waxed_cut_copper_stairs",
    "minecraft:waxed_exposed_copper_door",
    "minecraft:waxed_exposed_copper_trapdoor",
    "minecraft:waxed_exposed_cut_copper_slab",
    "minecraft:waxed_exposed_cut_copper_stairs",
    "minecraft:waxed_oxidized_copper_door",
    "minecraft:waxed_oxidized_copper_trapdoor",
    "minecraft:waxed_oxidized_cut_copper_slab",
    "minecraft:waxed_oxidized_cut_copper_stairs",
    "minecraft:waxed_weathered_copper_door",
    "minecraft:waxed_weathered_copper_trapdoor",
    "minecraft:waxed_weathered_cut_copper_slab",
    "minecraft:waxed_weathered_cut_copper_stairs",
    "minecraft:weathered_copper_door",
    "minecraft:weathered_copper_trapdoor",
    "minecraft:weathered_cut_copper_slab",
    "minecraft:weathered_cut_copper_stairs",
    "minecraft:weeping_vines",
    "minecraft:weeping_vines_plant",
    "minecraft:wheat",
    "minecraft:white_banner",
    "minecraft:white_bed",
    "minecraft:white_candle",
    "minecraft:white_candle_cake",
    "minecraft:white_carpet",
    "minecraft:white_stained_glass_pane",
    "minecraft:white_tulip",
    "minecraft:white_wall_banner",
    "minecraft:wither_rose",
    "minecraft:wither_skeleton_skull",
    "minecraft:wither_skeleton_wall_skull",
    "minecraft:yellow_banner",
    "minecraft:yellow_bed",
    "minecraft:yellow_candle",
    "minecraft:yellow_candle_cake",
    "minecraft:yellow_carpet",
    "minecraft:yellow_stained_glass_pane",
    "minecraft:yellow_wall_banner",
    "minecraft:zombie_head",
    "minecraft:zombie_wall_head"
  ]
}
