{
    "type": "minecraft:generic",
    "pools": [
        {
            "rolls": 1,
            "bonus_rolls": 0,
            "entries": [
                {
                    "type": "minecraft:item",
                    "name": "minecraft:stone",
                    "functions": [
                        {
                            "function":"minecraft:set_custom_data",
                            "tag": "{\"large_number:loot_spawn\":1b}"
                        }
                    ]
                }
            ]
        }
    ]
}