[
  {
    "name": "hex_to_int",
    "documentation": "https://bookshelf.docs.gunivers.net/en/latest/modules/biome.html#get-biome",
    "authors": [
      "Aksiome"
    ],
    "created": {
      "date": "2024/04/22",
      "version": "1.20.5"
    },
    "updated": {
      "date": "2024/04/22",
      "version": "1.20.5"
    }
  },
  {
    "name": "hex_to_rgb",
    "documentation": "https://bookshelf.docs.gunivers.net/en/latest/modules/color.html#convert-to-rgb",
    "authors": [
      "Aksiome"
    ],
    "created": {
      "date": "2024/01/20",
      "version": "1.20.4"
    },
    "updated": {
      "date": "2024/01/20",
      "version": "1.20.4"
    }
  },
  {
    "name": "int_to_hex",
    "documentation": "https://bookshelf.docs.gunivers.net/en/latest/modules/color.html#convert-to-hex",
    "authors": [
      "Aksiome"
    ],
    "created": {
      "date": "2024/01/20",
      "version": "1.20.4"
    },
    "updated": {
      "date": "2024/01/20",
      "version": "1.20.4"
    }
  },
  {
    "name": "int_to_rgb",
    "documentation": "https://bookshelf.docs.gunivers.net/en/latest/modules/color.html#convert-to-rgb",
    "authors": [
      "theogiraudet"
    ],
    "contributors": [
      "Aksiome"
    ],
    "created": {
      "date": "2019/08/12",
      "version": "1.14"
    },
    "updated": {
      "date": "2023/10/22",
      "version": "1.20.2"
    }
  },
  {
    "name": "rgb_to_hex",
    "documentation": "https://bookshelf.docs.gunivers.net/en/latest/modules/color.html#convert-to-hex",
    "authors": [
      "Aksiome"
    ],
    "created": {
      "date": "2024/01/20",
      "version": "1.20.4"
    },
    "updated": {
      "date": "2024/01/20",
      "version": "1.20.4"
    }
  },
  {
    "name": "rgb_to_int",
    "documentation": "https://bookshelf.docs.gunivers.net/en/latest/modules/color.html#convert-to-int",
    "authors": [
      "theogiraudet"
    ],
    "contributors": [
      "Aksiome"
    ],
    "created": {
      "date": "2019/08/12",
      "version": "1.14"
    },
    "updated": {
      "date": "2023/10/22",
      "version": "1.20.2"
    }
  }
]
