[
  {
    "name": "acos",
    "documentation": "https://bookshelf.docs.gunivers.net/en/latest/modules/math.html#inverse-trigonometry",
    "authors": [
      "Aksiome",
      "KubbyDev"
    ],
    "created": {
      "date": "2017/09/04",
      "version": "1.12.1"
    },
    "updated": {
      "date": "2023/09/05",
      "version": "23w33a"
    }
  },
  {
    "name": "asin",
    "documentation": "https://bookshelf.docs.gunivers.net/en/latest/modules/math.html#inverse-trigonometry",
    "authors": [
      "Aksiome",
      "KubbyDev"
    ],
    "created": {
      "date": "2017/08/24",
      "version": "1.12"
    },
    "updated": {
      "date": "2023/09/05",
      "version": "23w33a"
    }
  },
  {
    "name": "atan",
    "documentation": "https://bookshelf.docs.gunivers.net/en/latest/modules/math.html#inverse-trigonometry",
    "authors": [
      "Aksiome",
      "Leirof"
    ],
    "created": {
      "date": "2018/10/01",
      "version": "1.13.2"
    },
    "updated": {
      "date": "2023/09/05",
      "version": "23w33a"
    }
  },
  {
    "name": "atan2",
    "documentation": "https://bookshelf.docs.gunivers.net/en/latest/modules/math.html#inverse-trigonometry",
    "authors": [
      "Aksiome",
      "KubbyDev"
    ],
    "created": {
      "date": "2023/09/05",
      "version": "23w33a"
    },
    "updated": {
      "date": "2024/02/27",
      "version": "1.20.4"
    }
  },
  {
    "name": "combine",
    "documentation": "https://bookshelf.docs.gunivers.net/en/latest/modules/math.html#combine",
    "authors": [
      "Ethanout"
    ],
    "created": {
      "date": "2023/08/13",
      "version": "23w31a"
    },
    "updated": {
      "date": "2023/08/13",
      "version": "23w31a"
    }
  },
  {
    "name": "cos",
    "documentation": "https://bookshelf.docs.gunivers.net/en/latest/modules/math.html#trigonometry",
    "authors": [
      "Aksiome",
      "Leirof"
    ],
    "created": {
      "date": "2017/05/15",
      "version": "1.12"
    },
    "updated": {
      "date": "2023/08/31",
      "version": "23w33a"
    }
  },
  {
    "name": "divide",
    "documentation": "https://bookshelf.docs.gunivers.net/en/latest/modules/math.html#rounded-division",
    "authors": [
      "Aksiome",
      "theogiraudet"
    ],
    "created": {
      "date": "2017/08/26",
      "version": "1.12"
    },
    "updated": {
      "date": "2023/09/01",
      "version": "23w33a"
    }
  },
  {
    "name": "exp",
    "documentation": "https://bookshelf.docs.gunivers.net/en/latest/modules/math.html#exponential",
    "authors": [
      "Aksiome",
      "KubbyDev"
    ],
    "created": {
      "date": "2018/12/25",
      "version": "1.13.2"
    },
    "updated": {
      "date": "2024/01/31",
      "version": "1.20.4"
    }
  },
  {
    "name": "exp2",
    "documentation": "https://bookshelf.docs.gunivers.net/en/latest/modules/math.html#exponential",
    "authors": [
      "Aksiome"
    ],
    "created": {
      "date": "2024/01/31",
      "version": "1.20.4"
    },
    "updated": {
      "date": "2024/01/31",
      "version": "1.20.4"
    }
  },
  {
    "name": "factorial",
    "documentation": "https://bookshelf.docs.gunivers.net/en/latest/modules/math.html#factorial",
    "authors": [
      "Aksiome",
      "KubbyDev",
      "SBtree-bit"
    ],
    "contributors": [
      "tryashtar"
    ],
    "created": {
      "date": "2017/09/08",
      "version": "1.12.1"
    },
    "updated": {
      "date": "2023/08/31",
      "version": "23w33a"
    }
  },
  {
    "name": "frexp",
    "documentation": "https://bookshelf.docs.gunivers.net/en/latest/modules/math.html#float-manipulation",
    "authors": [
      "Aksiome"
    ],
    "created": {
      "date": "2023/09/02",
      "version": "23w33a"
    },
    "updated": {
      "date": "2024/01/31",
      "version": "1.20.4"
    }
  },
  {
    "name": "gcd",
    "documentation": "https://bookshelf.docs.gunivers.net/en/latest/modules/math.html#greatest-common-denominator",
    "authors": [
      "Aksiome",
      "Leirof"
    ],
    "created": {
      "date": "2017/10/28",
      "version": "1.12.2"
    },
    "updated": {
      "date": "2023/08/03",
      "version": "23w33a"
    }
  },
  {
    "name": "ipow",
    "documentation": "https://bookshelf.docs.gunivers.net/en/latest/modules/math.html#power",
    "authors": [
      "Aksiome",
      "KubbyDev"
    ],
    "created": {
      "date": "2017/05/14",
      "version": "1.12"
    },
    "updated": {
      "date": "2024/01/29",
      "version": "1.20.4"
    }
  },
  {
    "name": "isqrt",
    "documentation": "https://bookshelf.docs.gunivers.net/en/latest/modules/math.html#square-root",
    "authors": [
      "Ethanout",
      "Triton365",
      "xiaodou123"
    ],
    "created": {
      "date": "2017/05/14",
      "version": "1.12"
    },
    "updated": {
      "date": "2023/01/26",
      "version": "1.20.4"
    }
  },
  {
    "name": "ldexp",
    "documentation": "https://bookshelf.docs.gunivers.net/en/latest/modules/math.html#float-manipulation",
    "authors": [
      "Aksiome"
    ],
    "created": {
      "date": "2024/01/28",
      "version": "1.20.4"
    },
    "updated": {
      "date": "2024/01/28",
      "version": "1.20.4"
    }
  },
  {
    "name": "log",
    "documentation": "https://bookshelf.docs.gunivers.net/en/latest/modules/math.html#logarithm",
    "authors": [
      "Aksiome",
      "KubbyDev"
    ],
    "created": {
      "date": "2019/01/06",
      "version": "1.13.2"
    },
    "updated": {
      "date": "2024/01/29",
      "version": "1.20.4"
    }
  },
  {
    "name": "log10",
    "documentation": "https://bookshelf.docs.gunivers.net/en/latest/modules/math.html#logarithm",
    "authors": [
      "Aksiome",
      "KubbyDev"
    ],
    "created": {
      "date": "2019/01/07",
      "version": "1.13.2"
    },
    "updated": {
      "date": "2024/01/29",
      "version": "1.20.4"
    }
  },
  {
    "name": "log2",
    "documentation": "https://bookshelf.docs.gunivers.net/en/latest/modules/math.html#logarithm",
    "authors": [
      "Aksiome",
      "KubbyDev"
    ],
    "created": {
      "date": "2019/01/07",
      "version": "1.13.2"
    },
    "updated": {
      "date": "2024/01/29",
      "version": "1.20.4"
    }
  },
  {
    "name": "loga",
    "documentation": "https://bookshelf.docs.gunivers.net/en/latest/modules/math.html#logarithm",
    "authors": [
      "Aksiome",
      "KubbyDev"
    ],
    "created": {
      "date": "2019/01/07",
      "version": "1.13.2"
    },
    "updated": {
      "date": "2024/01/29",
      "version": "1.20.4"
    }
  },
  {
    "name": "pow",
    "documentation": "https://bookshelf.docs.gunivers.net/en/latest/modules/math.html#pow",
    "authors": [
      "Aksiome"
    ],
    "created": {
      "date": "2024/01/30",
      "version": "1.20.4"
    },
    "updated": {
      "date": "2024/01/30",
      "version": "1.20.4"
    }
  },
  {
    "name": "sin",
    "documentation": "https://bookshelf.docs.gunivers.net/en/latest/modules/math.html#trigonometry",
    "authors": [
      "Leirof"
    ],
    "contributors": [
      "Aksiome"
    ],
    "created": {
      "date": "2017/05/16",
      "version": "1.12"
    },
    "updated": {
      "date": "2023/08/31",
      "version": "23w33a"
    }
  },
  {
    "name": "sincos",
    "documentation": "https://bookshelf.docs.gunivers.net/en/latest/modules/math.html#trigonometry",
    "authors": [
      "Aksiome"
    ],
    "created": {
      "date": "2023/09/05",
      "version": "23w33a"
    },
    "updated": {
      "date": "2024/02/27",
      "version": "1.20.4"
    }
  },
  {
    "name": "sqrt",
    "documentation": "https://bookshelf.docs.gunivers.net/en/latest/modules/math.html#square-root",
    "authors": [
      "Aksiome",
      "Ethanout",
      "theogiraudet"
    ],
    "created": {
      "date": "2017/05/14",
      "version": "1.12"
    },
    "updated": {
      "date": "2024/01/28",
      "version": "1.20.4"
    }
  },
  {
    "name": "tan",
    "documentation": "https://bookshelf.docs.gunivers.net/en/latest/modules/math.html#trigonometry",
    "authors": [
      "Aksiome",
      "KubbyDev"
    ],
    "created": {
      "date": "2018/10/01",
      "version": "1.13.2"
    },
    "updated": {
      "date": "2024/02/27",
      "version": "1.20.4"
    }
  }
]
