{
  "name": "bs.math",
  "display_name": "Math",
  "description": "The beatifull world of mathematics… in Minecraft!",
  "documentation": "https://bookshelf.docs.gunivers.net/en/latest/modules/math.html",
  "authors": [
    "Aksiome",
    "Ethanout",
    "KubbyDev",
    "Leirof",
    "SBtree-bit",
    "Triton365",
    "theogiraudet",
    "xiaodou123"
  ],
  "contributors": [
    "Aksiome",
    "tryashtar"
  ],
  "features": [
    "bs.math:acos",
    "bs.math:asin",
    "bs.math:atan",
    "bs.math:atan2",
    "bs.math:combine",
    "bs.math:cos",
    "bs.math:divide",
    "bs.math:exp",
    "bs.math:exp2",
    "bs.math:factorial",
    "bs.math:frexp",
    "bs.math:gcd",
    "bs.math:ipow",
    "bs.math:isqrt",
    "bs.math:ldexp",
    "bs.math:log",
    "bs.math:log10",
    "bs.math:log2",
    "bs.math:loga",
    "bs.math:pow",
    "bs.math:sin",
    "bs.math:sincos",
    "bs.math:sqrt",
    "bs.math:tan"
  ]
}
