[
  {
    "name": "clear_events",
    "documentation": "https://bookshelf.docs.gunivers.net/en/latest/modules/interaction.html#clear-events",
    "authors": [
      "Aksiome"
    ],
    "created": {
      "date": "2024/11/01",
      "version": "1.21.3"
    },
    "updated": {
      "date": "2024/11/01",
      "version": "1.21.3"
    }
  },
  {
    "name": "on_hover",
    "documentation": "https://bookshelf.docs.gunivers.net/en/latest/modules/interaction.html#on-event",
    "authors": [
      "Aksiome",
      "theogiraudet"
    ],
    "created": {
      "date": "2024/03/30",
      "version": "24w13a"
    },
    "updated": {
      "date": "2024/11/01",
      "version": "1.21.3"
    },
    "weak_dependencies": [
      "bs.log"
    ]
  },
  {
    "name": "on_hover_enter",
    "documentation": "https://bookshelf.docs.gunivers.net/en/latest/modules/interaction.html#on-event",
    "authors": [
      "Aksiome",
      "theogiraudet"
    ],
    "created": {
      "date": "2024/03/30",
      "version": "24w13a"
    },
    "updated": {
      "date": "2024/11/01",
      "version": "1.21.3"
    },
    "weak_dependencies": [
      "bs.log"
    ]
  },
  {
    "name": "on_hover_leave",
    "documentation": "https://bookshelf.docs.gunivers.net/en/latest/modules/interaction.html#on-event",
    "authors": [
      "Aksiome",
      "theogiraudet"
    ],
    "created": {
      "date": "2024/03/30",
      "version": "24w13a"
    },
    "updated": {
      "date": "2024/11/01",
      "version": "1.21.3"
    },
    "weak_dependencies": [
      "bs.log"
    ]
  },
  {
    "name": "on_left_click",
    "documentation": "https://bookshelf.docs.gunivers.net/en/latest/modules/interaction.html#on-event",
    "authors": [
      "Aksiome",
      "theogiraudet"
    ],
    "created": {
      "date": "2024/03/30",
      "version": "24w13a"
    },
    "updated": {
      "date": "2024/11/01",
      "version": "1.21.3"
    },
    "weak_dependencies": [
      "bs.log"
    ]
  },
  {
    "name": "on_right_click",
    "documentation": "https://bookshelf.docs.gunivers.net/en/latest/modules/interaction.html#on-event",
    "authors": [
      "Aksiome",
      "theogiraudet"
    ],
    "created": {
      "date": "2024/03/30",
      "version": "24w13a"
    },
    "updated": {
      "date": "2024/11/01",
      "version": "1.21.3"
    },
    "weak_dependencies": [
      "bs.log"
    ]
  }
]
