{
  "name": "bs.interaction",
  "display_name": "Interaction",
  "description": "A low-level API to create GUI based on Interaction entity by binding events to it.",
  "documentation": "https://bookshelf.docs.gunivers.net/en/latest/modules/interaction.html",
  "authors": [
    "Aksiome",
    "theogiraudet"
  ],
  "weak_dependencies": [
    "bs.log"
  ],
  "features": [
    "bs.interaction:clear_events",
    "bs.interaction:on_hover",
    "bs.interaction:on_hover_enter",
    "bs.interaction:on_hover_leave",
    "bs.interaction:on_left_click",
    "bs.interaction:on_right_click"
  ]
}
