[
  {
    "name": "add_health",
    "documentation": "https://bookshelf.docs.gunivers.net/en/latest/modules/health.html#add-remove",
    "authors": [
      "Aksiome"
    ],
    "created": {
      "date": "2023/09/15",
      "version": "1.20.2"
    },
    "updated": {
      "date": "2024/03/19",
      "version": "1.20.4"
    }
  },
  {
    "name": "add_max_health",
    "documentation": "https://bookshelf.docs.gunivers.net/en/latest/modules/health.html#add-remove",
    "authors": [
      "Aksiome"
    ],
    "created": {
      "date": "2023/09/15",
      "version": "1.20.2"
    },
    "updated": {
      "date": "2024/03/19",
      "version": "1.20.4"
    }
  },
  {
    "name": "get_health",
    "documentation": "https://bookshelf.docs.gunivers.net/en/latest/modules/health.html#get",
    "authors": [
      "Aksiome"
    ],
    "created": {
      "date": "2023/10/23",
      "version": "1.20.2"
    },
    "updated": {
      "date": "2024/03/19",
      "version": "1.20.4"
    }
  },
  {
    "name": "get_max_health",
    "documentation": "https://bookshelf.docs.gunivers.net/en/latest/modules/health.html#get",
    "authors": [
      "Aksiome"
    ],
    "created": {
      "date": "2023/10/23",
      "version": "1.20.2"
    },
    "updated": {
      "date": "2024/03/19",
      "version": "1.20.4"
    }
  },
  {
    "name": "set_health",
    "documentation": "https://bookshelf.docs.gunivers.net/en/latest/modules/health.html#set",
    "authors": [
      "Aksiome"
    ],
    "created": {
      "date": "2023/09/15",
      "version": "1.20.2"
    },
    "updated": {
      "date": "2024/03/19",
      "version": "1.20.4"
    }
  },
  {
    "name": "set_max_health",
    "documentation": "https://bookshelf.docs.gunivers.net/en/latest/modules/health.html#set",
    "authors": [
      "Aksiome"
    ],
    "created": {
      "date": "2023/09/15",
      "version": "1.20.2"
    },
    "updated": {
      "date": "2024/03/19",
      "version": "1.20.4"
    }
  },
  {
    "name": "time_to_live",
    "documentation": "https://bookshelf.docs.gunivers.net/en/latest/modules/health.html#time-to-live",
    "authors": [
      "Aksiome",
      "Leirof"
    ],
    "created": {
      "date": "2018/07/08",
      "version": "1.13"
    },
    "updated": {
      "date": "2023/11/19",
      "version": "1.20.3"
    },
    "weak_dependencies": [
      "bs.log"
    ]
  }
]
