{
  "name": "bs.health",
  "display_name": "Health",
  "description": "Efficiently manage the lifecycle and vital aspects of an entity.",
  "documentation": "https://bookshelf.docs.gunivers.net/en/latest/modules/health.html",
  "authors": [
    "Aksiome",
    "Leirof"
  ],
  "weak_dependencies": [
    "bs.log"
  ],
  "features": [
    "bs.health:add_health",
    "bs.health:add_max_health",
    "bs.health:get_health",
    "bs.health:get_max_health",
    "bs.health:set_health",
    "bs.health:set_max_health",
    "bs.health:time_to_live"
  ]
}
