{"pools":[{"rolls":1,"entries":[{"type":"alternatives","children":[{"type":"alternatives","children":[{"type":"item","name":"egg","functions":[{"function":"set_custom_data","tag":"{shape:[[7.0,13.0,7.0,9.0,16.0,9.0]]}"}],"conditions":[{"condition":"location_check","predicate":{"block":{"state":{"age":"0"}}}}]},{"type":"item","name":"egg","functions":[{"function":"set_custom_data","tag":"{shape:[[7.0,10.0,7.0,9.0,16.0,9.0]]}"}],"conditions":[{"condition":"location_check","predicate":{"block":{"state":{"age":"1"}}}}]},{"type":"item","name":"egg","functions":[{"function":"set_custom_data","tag":"{shape:[[7.0,7.0,7.0,9.0,16.0,9.0]]}"}],"conditions":[{"condition":"location_check","predicate":{"block":{"state":{"age":"2"}}}}]},{"type":"item","name":"egg","functions":[{"function":"set_custom_data","tag":"{shape:[[7.0,3.0,7.0,9.0,16.0,9.0]]}"}],"conditions":[{"condition":"location_check","predicate":{"block":{"state":{"age":"3"}}}}]},{"type":"item","name":"egg","functions":[{"function":"set_custom_data","tag":"{shape:[[7.0,0.0,7.0,9.0,16.0,9.0]]}"}]}],"conditions":[{"condition":"location_check","predicate":{"block":{"state":{"hanging":"true"}}}}]},{"type":"alternatives","children":[{"type":"item","name":"egg","functions":[{"function":"set_custom_data","tag":"{shape:[[7.0,0.0,7.0,9.0,16.0,9.0]]}"}],"conditions":[{"condition":"location_check","predicate":{"block":{"state":{"age":"0"}}}}]},{"type":"item","name":"egg","functions":[{"function":"set_custom_data","tag":"{shape:[[7.0,0.0,7.0,9.0,16.0,9.0]]}"}],"conditions":[{"condition":"location_check","predicate":{"block":{"state":{"age":"1"}}}}]},{"type":"item","name":"egg","functions":[{"function":"set_custom_data","tag":"{shape:[[7.0,0.0,7.0,9.0,16.0,9.0]]}"}],"conditions":[{"condition":"location_check","predicate":{"block":{"state":{"age":"2"}}}}]},{"type":"item","name":"egg","functions":[{"function":"set_custom_data","tag":"{shape:[[7.0,0.0,7.0,9.0,16.0,9.0]]}"}],"conditions":[{"condition":"location_check","predicate":{"block":{"state":{"age":"3"}}}}]},{"type":"item","name":"egg","functions":[{"function":"set_custom_data","tag":"{shape:[[7.0,0.0,7.0,9.0,16.0,9.0]]}"}]}]}]}]}]}
