{"pools":[{"rolls":1,"entries":[{"type":"alternatives","children":[{"type":"alternatives","children":[{"type":"alternatives","children":[{"type":"alternatives","children":[{"type":"item","name":"egg","functions":[{"function":"set_custom_data","tag":"{shape:[[0.0,0.0,3.0,1.0,16.0,13.0],[1.0,0.0,3.0,16.0,1.0,13.0],[3.0,0.0,0.0,13.0,16.0,1.0],[3.0,0.0,1.0,13.0,1.0,16.0],[3.0,1.0,15.0,13.0,16.0,16.0],[15.0,1.0,3.0,16.0,16.0,13.0]]}"}],"conditions":[{"condition":"location_check","predicate":{"block":{"state":{"west":"up"}}}}]},{"type":"item","name":"egg","functions":[{"function":"set_custom_data","tag":"{shape:[[0.0,0.0,3.0,16.0,1.0,13.0],[3.0,0.0,0.0,13.0,16.0,1.0],[3.0,0.0,1.0,13.0,1.0,16.0],[3.0,1.0,15.0,13.0,16.0,16.0],[15.0,1.0,3.0,16.0,16.0,13.0]]}"}],"conditions":[{"condition":"location_check","predicate":{"block":{"state":{"west":"side"}}}}]},{"type":"item","name":"egg","functions":[{"function":"set_custom_data","tag":"{shape:[[3.0,0.0,0.0,13.0,16.0,1.0],[3.0,0.0,1.0,13.0,1.0,16.0],[3.0,1.0,15.0,13.0,16.0,16.0],[13.0,0.0,3.0,16.0,1.0,13.0],[15.0,1.0,3.0,16.0,16.0,13.0]]}"}]}],"conditions":[{"condition":"location_check","predicate":{"block":{"state":{"south":"up"}}}}]},{"type":"alternatives","children":[{"type":"item","name":"egg","functions":[{"function":"set_custom_data","tag":"{shape:[[0.0,0.0,3.0,1.0,16.0,13.0],[1.0,0.0,3.0,16.0,1.0,13.0],[3.0,0.0,0.0,13.0,16.0,1.0],[3.0,0.0,1.0,13.0,1.0,16.0],[15.0,1.0,3.0,16.0,16.0,13.0]]}"}],"conditions":[{"condition":"location_check","predicate":{"block":{"state":{"west":"up"}}}}]},{"type":"item","name":"egg","functions":[{"function":"set_custom_data","tag":"{shape:[[0.0,0.0,3.0,16.0,1.0,13.0],[3.0,0.0,0.0,13.0,16.0,1.0],[3.0,0.0,1.0,13.0,1.0,16.0],[15.0,1.0,3.0,16.0,16.0,13.0]]}"}],"conditions":[{"condition":"location_check","predicate":{"block":{"state":{"west":"side"}}}}]},{"type":"item","name":"egg","functions":[{"function":"set_custom_data","tag":"{shape:[[3.0,0.0,0.0,13.0,16.0,1.0],[3.0,0.0,1.0,13.0,1.0,16.0],[13.0,0.0,3.0,16.0,1.0,13.0],[15.0,1.0,3.0,16.0,16.0,13.0]]}"}]}],"conditions":[{"condition":"location_check","predicate":{"block":{"state":{"south":"side"}}}}]},{"type":"alternatives","children":[{"type":"item","name":"egg","functions":[{"function":"set_custom_data","tag":"{shape:[[0.0,0.0,3.0,1.0,16.0,13.0],[1.0,0.0,3.0,16.0,1.0,13.0],[3.0,0.0,0.0,13.0,16.0,1.0],[3.0,0.0,1.0,13.0,1.0,13.0],[15.0,1.0,3.0,16.0,16.0,13.0]]}"}],"conditions":[{"condition":"location_check","predicate":{"block":{"state":{"west":"up"}}}}]},{"type":"item","name":"egg","functions":[{"function":"set_custom_data","tag":"{shape:[[0.0,0.0,3.0,16.0,1.0,13.0],[3.0,0.0,0.0,13.0,16.0,1.0],[3.0,0.0,1.0,13.0,1.0,13.0],[15.0,1.0,3.0,16.0,16.0,13.0]]}"}],"conditions":[{"condition":"location_check","predicate":{"block":{"state":{"west":"side"}}}}]},{"type":"item","name":"egg","functions":[{"function":"set_custom_data","tag":"{shape:[[3.0,0.0,0.0,13.0,16.0,1.0],[3.0,0.0,1.0,13.0,1.0,13.0],[13.0,0.0,3.0,16.0,1.0,13.0],[15.0,1.0,3.0,16.0,16.0,13.0]]}"}]}]}],"conditions":[{"condition":"location_check","predicate":{"block":{"state":{"north":"up"}}}}]},{"type":"alternatives","children":[{"type":"alternatives","children":[{"type":"item","name":"egg","functions":[{"function":"set_custom_data","tag":"{shape:[[0.0,0.0,3.0,1.0,16.0,13.0],[1.0,0.0,3.0,16.0,1.0,13.0],[3.0,0.0,0.0,13.0,1.0,16.0],[3.0,1.0,15.0,13.0,16.0,16.0],[15.0,1.0,3.0,16.0,16.0,13.0]]}"}],"conditions":[{"condition":"location_check","predicate":{"block":{"state":{"west":"up"}}}}]},{"type":"item","name":"egg","functions":[{"function":"set_custom_data","tag":"{shape:[[0.0,0.0,3.0,16.0,1.0,13.0],[3.0,0.0,0.0,13.0,1.0,16.0],[3.0,1.0,15.0,13.0,16.0,16.0],[15.0,1.0,3.0,16.0,16.0,13.0]]}"}],"conditions":[{"condition":"location_check","predicate":{"block":{"state":{"west":"side"}}}}]},{"type":"item","name":"egg","functions":[{"function":"set_custom_data","tag":"{shape:[[3.0,0.0,0.0,13.0,1.0,16.0],[3.0,1.0,15.0,13.0,16.0,16.0],[13.0,0.0,3.0,16.0,1.0,13.0],[15.0,1.0,3.0,16.0,16.0,13.0]]}"}]}],"conditions":[{"condition":"location_check","predicate":{"block":{"state":{"south":"up"}}}}]},{"type":"alternatives","children":[{"type":"item","name":"egg","functions":[{"function":"set_custom_data","tag":"{shape:[[0.0,0.0,3.0,1.0,16.0,13.0],[1.0,0.0,3.0,16.0,1.0,13.0],[3.0,0.0,0.0,13.0,1.0,16.0],[15.0,1.0,3.0,16.0,16.0,13.0]]}"}],"conditions":[{"condition":"location_check","predicate":{"block":{"state":{"west":"up"}}}}]},{"type":"item","name":"egg","functions":[{"function":"set_custom_data","tag":"{shape:[[0.0,0.0,3.0,16.0,1.0,13.0],[3.0,0.0,0.0,13.0,1.0,16.0],[15.0,1.0,3.0,16.0,16.0,13.0]]}"}],"conditions":[{"condition":"location_check","predicate":{"block":{"state":{"west":"side"}}}}]},{"type":"item","name":"egg","functions":[{"function":"set_custom_data","tag":"{shape:[[3.0,0.0,0.0,13.0,1.0,16.0],[13.0,0.0,3.0,16.0,1.0,13.0],[15.0,1.0,3.0,16.0,16.0,13.0]]}"}]}],"conditions":[{"condition":"location_check","predicate":{"block":{"state":{"south":"side"}}}}]},{"type":"alternatives","children":[{"type":"item","name":"egg","functions":[{"function":"set_custom_data","tag":"{shape:[[0.0,0.0,3.0,1.0,16.0,13.0],[1.0,0.0,3.0,16.0,1.0,13.0],[3.0,0.0,0.0,13.0,1.0,13.0],[15.0,1.0,3.0,16.0,16.0,13.0]]}"}],"conditions":[{"condition":"location_check","predicate":{"block":{"state":{"west":"up"}}}}]},{"type":"item","name":"egg","functions":[{"function":"set_custom_data","tag":"{shape:[[0.0,0.0,3.0,16.0,1.0,13.0],[3.0,0.0,0.0,13.0,1.0,13.0],[15.0,1.0,3.0,16.0,16.0,13.0]]}"}],"conditions":[{"condition":"location_check","predicate":{"block":{"state":{"west":"side"}}}}]},{"type":"item","name":"egg","functions":[{"function":"set_custom_data","tag":"{shape:[[3.0,0.0,0.0,13.0,1.0,13.0],[13.0,0.0,3.0,16.0,1.0,13.0],[15.0,1.0,3.0,16.0,16.0,13.0]]}"}]}]}],"conditions":[{"condition":"location_check","predicate":{"block":{"state":{"north":"side"}}}}]},{"type":"alternatives","children":[{"type":"alternatives","children":[{"type":"item","name":"egg","functions":[{"function":"set_custom_data","tag":"{shape:[[0.0,0.0,3.0,1.0,16.0,13.0],[1.0,0.0,3.0,16.0,1.0,13.0],[3.0,0.0,13.0,13.0,1.0,16.0],[3.0,1.0,15.0,13.0,16.0,16.0],[15.0,1.0,3.0,16.0,16.0,13.0]]}"}],"conditions":[{"condition":"location_check","predicate":{"block":{"state":{"west":"up"}}}}]},{"type":"item","name":"egg","functions":[{"function":"set_custom_data","tag":"{shape:[[0.0,0.0,3.0,16.0,1.0,13.0],[3.0,0.0,13.0,13.0,1.0,16.0],[3.0,1.0,15.0,13.0,16.0,16.0],[15.0,1.0,3.0,16.0,16.0,13.0]]}"}],"conditions":[{"condition":"location_check","predicate":{"block":{"state":{"west":"side"}}}}]},{"type":"item","name":"egg","functions":[{"function":"set_custom_data","tag":"{shape:[[3.0,0.0,3.0,16.0,1.0,13.0],[3.0,0.0,13.0,13.0,1.0,16.0],[3.0,1.0,15.0,13.0,16.0,16.0],[15.0,1.0,3.0,16.0,16.0,13.0]]}"}]}],"conditions":[{"condition":"location_check","predicate":{"block":{"state":{"south":"up"}}}}]},{"type":"alternatives","children":[{"type":"item","name":"egg","functions":[{"function":"set_custom_data","tag":"{shape:[[0.0,0.0,3.0,1.0,16.0,13.0],[1.0,0.0,3.0,16.0,1.0,13.0],[3.0,0.0,13.0,13.0,1.0,16.0],[15.0,1.0,3.0,16.0,16.0,13.0]]}"}],"conditions":[{"condition":"location_check","predicate":{"block":{"state":{"west":"up"}}}}]},{"type":"item","name":"egg","functions":[{"function":"set_custom_data","tag":"{shape:[[0.0,0.0,3.0,16.0,1.0,13.0],[3.0,0.0,13.0,13.0,1.0,16.0],[15.0,1.0,3.0,16.0,16.0,13.0]]}"}],"conditions":[{"condition":"location_check","predicate":{"block":{"state":{"west":"side"}}}}]},{"type":"item","name":"egg","functions":[{"function":"set_custom_data","tag":"{shape:[[3.0,0.0,3.0,16.0,1.0,13.0],[3.0,0.0,13.0,13.0,1.0,16.0],[15.0,1.0,3.0,16.0,16.0,13.0]]}"}]}],"conditions":[{"condition":"location_check","predicate":{"block":{"state":{"south":"side"}}}}]},{"type":"alternatives","children":[{"type":"item","name":"egg","functions":[{"function":"set_custom_data","tag":"{shape:[[0.0,0.0,3.0,1.0,16.0,13.0],[1.0,0.0,3.0,16.0,1.0,13.0],[15.0,1.0,3.0,16.0,16.0,13.0]]}"}],"conditions":[{"condition":"location_check","predicate":{"block":{"state":{"west":"up"}}}}]},{"type":"item","name":"egg","functions":[{"function":"set_custom_data","tag":"{shape:[[0.0,0.0,3.0,16.0,1.0,13.0],[15.0,1.0,3.0,16.0,16.0,13.0]]}"}],"conditions":[{"condition":"location_check","predicate":{"block":{"state":{"west":"side"}}}}]},{"type":"item","name":"egg","functions":[{"function":"set_custom_data","tag":"{shape:[[3.0,0.0,3.0,16.0,1.0,13.0],[15.0,1.0,3.0,16.0,16.0,13.0]]}"}]}]}]}],"conditions":[{"condition":"location_check","predicate":{"block":{"state":{"east":"up"}}}}]},{"type":"alternatives","children":[{"type":"alternatives","children":[{"type":"alternatives","children":[{"type":"item","name":"egg","functions":[{"function":"set_custom_data","tag":"{shape:[[0.0,0.0,3.0,1.0,16.0,13.0],[1.0,0.0,3.0,16.0,1.0,13.0],[3.0,0.0,0.0,13.0,16.0,1.0],[3.0,0.0,1.0,13.0,1.0,16.0],[3.0,1.0,15.0,13.0,16.0,16.0]]}"}],"conditions":[{"condition":"location_check","predicate":{"block":{"state":{"west":"up"}}}}]},{"type":"item","name":"egg","functions":[{"function":"set_custom_data","tag":"{shape:[[0.0,0.0,3.0,16.0,1.0,13.0],[3.0,0.0,0.0,13.0,16.0,1.0],[3.0,0.0,1.0,13.0,1.0,16.0],[3.0,1.0,15.0,13.0,16.0,16.0]]}"}],"conditions":[{"condition":"location_check","predicate":{"block":{"state":{"west":"side"}}}}]},{"type":"item","name":"egg","functions":[{"function":"set_custom_data","tag":"{shape:[[3.0,0.0,0.0,13.0,16.0,1.0],[3.0,0.0,1.0,13.0,1.0,16.0],[3.0,1.0,15.0,13.0,16.0,16.0],[13.0,0.0,3.0,16.0,1.0,13.0]]}"}]}],"conditions":[{"condition":"location_check","predicate":{"block":{"state":{"south":"up"}}}}]},{"type":"alternatives","children":[{"type":"item","name":"egg","functions":[{"function":"set_custom_data","tag":"{shape:[[0.0,0.0,3.0,1.0,16.0,13.0],[1.0,0.0,3.0,16.0,1.0,13.0],[3.0,0.0,0.0,13.0,16.0,1.0],[3.0,0.0,1.0,13.0,1.0,16.0]]}"}],"conditions":[{"condition":"location_check","predicate":{"block":{"state":{"west":"up"}}}}]},{"type":"item","name":"egg","functions":[{"function":"set_custom_data","tag":"{shape:[[0.0,0.0,3.0,16.0,1.0,13.0],[3.0,0.0,0.0,13.0,16.0,1.0],[3.0,0.0,1.0,13.0,1.0,16.0]]}"}],"conditions":[{"condition":"location_check","predicate":{"block":{"state":{"west":"side"}}}}]},{"type":"item","name":"egg","functions":[{"function":"set_custom_data","tag":"{shape:[[3.0,0.0,0.0,13.0,16.0,1.0],[3.0,0.0,1.0,13.0,1.0,16.0],[13.0,0.0,3.0,16.0,1.0,13.0]]}"}]}],"conditions":[{"condition":"location_check","predicate":{"block":{"state":{"south":"side"}}}}]},{"type":"alternatives","children":[{"type":"item","name":"egg","functions":[{"function":"set_custom_data","tag":"{shape:[[0.0,0.0,3.0,1.0,16.0,13.0],[1.0,0.0,3.0,16.0,1.0,13.0],[3.0,0.0,0.0,13.0,16.0,1.0],[3.0,0.0,1.0,13.0,1.0,13.0]]}"}],"conditions":[{"condition":"location_check","predicate":{"block":{"state":{"west":"up"}}}}]},{"type":"item","name":"egg","functions":[{"function":"set_custom_data","tag":"{shape:[[0.0,0.0,3.0,16.0,1.0,13.0],[3.0,0.0,0.0,13.0,16.0,1.0],[3.0,0.0,1.0,13.0,1.0,13.0]]}"}],"conditions":[{"condition":"location_check","predicate":{"block":{"state":{"west":"side"}}}}]},{"type":"item","name":"egg","functions":[{"function":"set_custom_data","tag":"{shape:[[3.0,0.0,0.0,13.0,16.0,1.0],[3.0,0.0,1.0,13.0,1.0,13.0],[13.0,0.0,3.0,16.0,1.0,13.0]]}"}]}]}],"conditions":[{"condition":"location_check","predicate":{"block":{"state":{"north":"up"}}}}]},{"type":"alternatives","children":[{"type":"alternatives","children":[{"type":"item","name":"egg","functions":[{"function":"set_custom_data","tag":"{shape:[[0.0,0.0,3.0,1.0,16.0,13.0],[1.0,0.0,3.0,16.0,1.0,13.0],[3.0,0.0,0.0,13.0,1.0,16.0],[3.0,1.0,15.0,13.0,16.0,16.0]]}"}],"conditions":[{"condition":"location_check","predicate":{"block":{"state":{"west":"up"}}}}]},{"type":"item","name":"egg","functions":[{"function":"set_custom_data","tag":"{shape:[[0.0,0.0,3.0,16.0,1.0,13.0],[3.0,0.0,0.0,13.0,1.0,16.0],[3.0,1.0,15.0,13.0,16.0,16.0]]}"}],"conditions":[{"condition":"location_check","predicate":{"block":{"state":{"west":"side"}}}}]},{"type":"item","name":"egg","functions":[{"function":"set_custom_data","tag":"{shape:[[3.0,0.0,0.0,13.0,1.0,16.0],[3.0,1.0,15.0,13.0,16.0,16.0],[13.0,0.0,3.0,16.0,1.0,13.0]]}"}]}],"conditions":[{"condition":"location_check","predicate":{"block":{"state":{"south":"up"}}}}]},{"type":"alternatives","children":[{"type":"item","name":"egg","functions":[{"function":"set_custom_data","tag":"{shape:[[0.0,0.0,3.0,1.0,16.0,13.0],[1.0,0.0,3.0,16.0,1.0,13.0],[3.0,0.0,0.0,13.0,1.0,16.0]]}"}],"conditions":[{"condition":"location_check","predicate":{"block":{"state":{"west":"up"}}}}]},{"type":"item","name":"egg","functions":[{"function":"set_custom_data","tag":"{shape:[[0.0,0.0,3.0,16.0,1.0,13.0],[3.0,0.0,0.0,13.0,1.0,16.0]]}"}],"conditions":[{"condition":"location_check","predicate":{"block":{"state":{"west":"side"}}}}]},{"type":"item","name":"egg","functions":[{"function":"set_custom_data","tag":"{shape:[[3.0,0.0,0.0,13.0,1.0,16.0],[13.0,0.0,3.0,16.0,1.0,13.0]]}"}]}],"conditions":[{"condition":"location_check","predicate":{"block":{"state":{"south":"side"}}}}]},{"type":"alternatives","children":[{"type":"item","name":"egg","functions":[{"function":"set_custom_data","tag":"{shape:[[0.0,0.0,3.0,1.0,16.0,13.0],[1.0,0.0,3.0,16.0,1.0,13.0],[3.0,0.0,0.0,13.0,1.0,13.0]]}"}],"conditions":[{"condition":"location_check","predicate":{"block":{"state":{"west":"up"}}}}]},{"type":"item","name":"egg","functions":[{"function":"set_custom_data","tag":"{shape:[[0.0,0.0,3.0,16.0,1.0,13.0],[3.0,0.0,0.0,13.0,1.0,13.0]]}"}],"conditions":[{"condition":"location_check","predicate":{"block":{"state":{"west":"side"}}}}]},{"type":"item","name":"egg","functions":[{"function":"set_custom_data","tag":"{shape:[[3.0,0.0,0.0,13.0,1.0,13.0],[13.0,0.0,3.0,16.0,1.0,13.0]]}"}]}]}],"conditions":[{"condition":"location_check","predicate":{"block":{"state":{"north":"side"}}}}]},{"type":"alternatives","children":[{"type":"alternatives","children":[{"type":"item","name":"egg","functions":[{"function":"set_custom_data","tag":"{shape:[[0.0,0.0,3.0,1.0,16.0,13.0],[1.0,0.0,3.0,16.0,1.0,13.0],[3.0,0.0,13.0,13.0,1.0,16.0],[3.0,1.0,15.0,13.0,16.0,16.0]]}"}],"conditions":[{"condition":"location_check","predicate":{"block":{"state":{"west":"up"}}}}]},{"type":"item","name":"egg","functions":[{"function":"set_custom_data","tag":"{shape:[[0.0,0.0,3.0,16.0,1.0,13.0],[3.0,0.0,13.0,13.0,1.0,16.0],[3.0,1.0,15.0,13.0,16.0,16.0]]}"}],"conditions":[{"condition":"location_check","predicate":{"block":{"state":{"west":"side"}}}}]},{"type":"item","name":"egg","functions":[{"function":"set_custom_data","tag":"{shape:[[3.0,0.0,3.0,16.0,1.0,13.0],[3.0,0.0,13.0,13.0,1.0,16.0],[3.0,1.0,15.0,13.0,16.0,16.0]]}"}]}],"conditions":[{"condition":"location_check","predicate":{"block":{"state":{"south":"up"}}}}]},{"type":"alternatives","children":[{"type":"item","name":"egg","functions":[{"function":"set_custom_data","tag":"{shape:[[0.0,0.0,3.0,1.0,16.0,13.0],[1.0,0.0,3.0,16.0,1.0,13.0],[3.0,0.0,13.0,13.0,1.0,16.0]]}"}],"conditions":[{"condition":"location_check","predicate":{"block":{"state":{"west":"up"}}}}]},{"type":"item","name":"egg","functions":[{"function":"set_custom_data","tag":"{shape:[[0.0,0.0,3.0,16.0,1.0,13.0],[3.0,0.0,13.0,13.0,1.0,16.0]]}"}],"conditions":[{"condition":"location_check","predicate":{"block":{"state":{"west":"side"}}}}]},{"type":"item","name":"egg","functions":[{"function":"set_custom_data","tag":"{shape:[[3.0,0.0,3.0,16.0,1.0,13.0],[3.0,0.0,13.0,13.0,1.0,16.0]]}"}]}],"conditions":[{"condition":"location_check","predicate":{"block":{"state":{"south":"side"}}}}]},{"type":"alternatives","children":[{"type":"item","name":"egg","functions":[{"function":"set_custom_data","tag":"{shape:[[0.0,0.0,3.0,1.0,16.0,13.0],[1.0,0.0,3.0,16.0,1.0,13.0]]}"}],"conditions":[{"condition":"location_check","predicate":{"block":{"state":{"west":"up"}}}}]},{"type":"item","name":"egg","functions":[{"function":"set_custom_data","tag":"{shape:[[0.0,0.0,3.0,16.0,1.0,13.0]]}"}],"conditions":[{"condition":"location_check","predicate":{"block":{"state":{"west":"side"}}}}]},{"type":"item","name":"egg","functions":[{"function":"set_custom_data","tag":"{shape:[[3.0,0.0,3.0,16.0,1.0,13.0]]}"}]}]}]}],"conditions":[{"condition":"location_check","predicate":{"block":{"state":{"east":"side"}}}}]},{"type":"alternatives","children":[{"type":"alternatives","children":[{"type":"alternatives","children":[{"type":"item","name":"egg","functions":[{"function":"set_custom_data","tag":"{shape:[[0.0,0.0,3.0,1.0,16.0,13.0],[1.0,0.0,3.0,13.0,1.0,13.0],[3.0,0.0,0.0,13.0,16.0,1.0],[3.0,0.0,1.0,13.0,1.0,16.0],[3.0,1.0,15.0,13.0,16.0,16.0]]}"}],"conditions":[{"condition":"location_check","predicate":{"block":{"state":{"west":"up"}}}}]},{"type":"item","name":"egg","functions":[{"function":"set_custom_data","tag":"{shape:[[0.0,0.0,3.0,13.0,1.0,13.0],[3.0,0.0,0.0,13.0,16.0,1.0],[3.0,0.0,1.0,13.0,1.0,16.0],[3.0,1.0,15.0,13.0,16.0,16.0]]}"}],"conditions":[{"condition":"location_check","predicate":{"block":{"state":{"west":"side"}}}}]},{"type":"item","name":"egg","functions":[{"function":"set_custom_data","tag":"{shape:[[3.0,0.0,0.0,13.0,16.0,1.0],[3.0,0.0,1.0,13.0,1.0,16.0],[3.0,1.0,15.0,13.0,16.0,16.0]]}"}]}],"conditions":[{"condition":"location_check","predicate":{"block":{"state":{"south":"up"}}}}]},{"type":"alternatives","children":[{"type":"item","name":"egg","functions":[{"function":"set_custom_data","tag":"{shape:[[0.0,0.0,3.0,1.0,16.0,13.0],[1.0,0.0,3.0,13.0,1.0,13.0],[3.0,0.0,0.0,13.0,16.0,1.0],[3.0,0.0,1.0,13.0,1.0,16.0]]}"}],"conditions":[{"condition":"location_check","predicate":{"block":{"state":{"west":"up"}}}}]},{"type":"item","name":"egg","functions":[{"function":"set_custom_data","tag":"{shape:[[0.0,0.0,3.0,13.0,1.0,13.0],[3.0,0.0,0.0,13.0,16.0,1.0],[3.0,0.0,1.0,13.0,1.0,16.0]]}"}],"conditions":[{"condition":"location_check","predicate":{"block":{"state":{"west":"side"}}}}]},{"type":"item","name":"egg","functions":[{"function":"set_custom_data","tag":"{shape:[[3.0,0.0,0.0,13.0,16.0,1.0],[3.0,0.0,1.0,13.0,1.0,16.0]]}"}]}],"conditions":[{"condition":"location_check","predicate":{"block":{"state":{"south":"side"}}}}]},{"type":"alternatives","children":[{"type":"item","name":"egg","functions":[{"function":"set_custom_data","tag":"{shape:[[0.0,0.0,3.0,1.0,16.0,13.0],[1.0,0.0,3.0,13.0,1.0,13.0],[3.0,0.0,0.0,13.0,16.0,1.0],[3.0,0.0,1.0,13.0,1.0,13.0]]}"}],"conditions":[{"condition":"location_check","predicate":{"block":{"state":{"west":"up"}}}}]},{"type":"item","name":"egg","functions":[{"function":"set_custom_data","tag":"{shape:[[0.0,0.0,3.0,13.0,1.0,13.0],[3.0,0.0,0.0,13.0,16.0,1.0],[3.0,0.0,1.0,13.0,1.0,13.0]]}"}],"conditions":[{"condition":"location_check","predicate":{"block":{"state":{"west":"side"}}}}]},{"type":"item","name":"egg","functions":[{"function":"set_custom_data","tag":"{shape:[[3.0,0.0,0.0,13.0,16.0,1.0],[3.0,0.0,1.0,13.0,1.0,13.0]]}"}]}]}],"conditions":[{"condition":"location_check","predicate":{"block":{"state":{"north":"up"}}}}]},{"type":"alternatives","children":[{"type":"alternatives","children":[{"type":"item","name":"egg","functions":[{"function":"set_custom_data","tag":"{shape:[[0.0,0.0,3.0,1.0,16.0,13.0],[1.0,0.0,3.0,13.0,1.0,13.0],[3.0,0.0,0.0,13.0,1.0,16.0],[3.0,1.0,15.0,13.0,16.0,16.0]]}"}],"conditions":[{"condition":"location_check","predicate":{"block":{"state":{"west":"up"}}}}]},{"type":"item","name":"egg","functions":[{"function":"set_custom_data","tag":"{shape:[[0.0,0.0,3.0,13.0,1.0,13.0],[3.0,0.0,0.0,13.0,1.0,16.0],[3.0,1.0,15.0,13.0,16.0,16.0]]}"}],"conditions":[{"condition":"location_check","predicate":{"block":{"state":{"west":"side"}}}}]},{"type":"item","name":"egg","functions":[{"function":"set_custom_data","tag":"{shape:[[3.0,0.0,0.0,13.0,1.0,16.0],[3.0,1.0,15.0,13.0,16.0,16.0]]}"}]}],"conditions":[{"condition":"location_check","predicate":{"block":{"state":{"south":"up"}}}}]},{"type":"alternatives","children":[{"type":"item","name":"egg","functions":[{"function":"set_custom_data","tag":"{shape:[[0.0,0.0,3.0,1.0,16.0,13.0],[1.0,0.0,3.0,13.0,1.0,13.0],[3.0,0.0,0.0,13.0,1.0,16.0]]}"}],"conditions":[{"condition":"location_check","predicate":{"block":{"state":{"west":"up"}}}}]},{"type":"item","name":"egg","functions":[{"function":"set_custom_data","tag":"{shape:[[0.0,0.0,3.0,13.0,1.0,13.0],[3.0,0.0,0.0,13.0,1.0,16.0]]}"}],"conditions":[{"condition":"location_check","predicate":{"block":{"state":{"west":"side"}}}}]},{"type":"item","name":"egg","functions":[{"function":"set_custom_data","tag":"{shape:[[3.0,0.0,0.0,13.0,1.0,16.0]]}"}]}],"conditions":[{"condition":"location_check","predicate":{"block":{"state":{"south":"side"}}}}]},{"type":"alternatives","children":[{"type":"item","name":"egg","functions":[{"function":"set_custom_data","tag":"{shape:[[0.0,0.0,3.0,1.0,16.0,13.0],[1.0,0.0,3.0,13.0,1.0,13.0],[3.0,0.0,0.0,13.0,1.0,13.0]]}"}],"conditions":[{"condition":"location_check","predicate":{"block":{"state":{"west":"up"}}}}]},{"type":"item","name":"egg","functions":[{"function":"set_custom_data","tag":"{shape:[[0.0,0.0,3.0,13.0,1.0,13.0],[3.0,0.0,0.0,13.0,1.0,13.0]]}"}],"conditions":[{"condition":"location_check","predicate":{"block":{"state":{"west":"side"}}}}]},{"type":"item","name":"egg","functions":[{"function":"set_custom_data","tag":"{shape:[[3.0,0.0,0.0,13.0,1.0,13.0]]}"}]}]}],"conditions":[{"condition":"location_check","predicate":{"block":{"state":{"north":"side"}}}}]},{"type":"alternatives","children":[{"type":"alternatives","children":[{"type":"item","name":"egg","functions":[{"function":"set_custom_data","tag":"{shape:[[0.0,0.0,3.0,1.0,16.0,13.0],[1.0,0.0,3.0,13.0,1.0,13.0],[3.0,0.0,13.0,13.0,1.0,16.0],[3.0,1.0,15.0,13.0,16.0,16.0]]}"}],"conditions":[{"condition":"location_check","predicate":{"block":{"state":{"west":"up"}}}}]},{"type":"item","name":"egg","functions":[{"function":"set_custom_data","tag":"{shape:[[0.0,0.0,3.0,13.0,1.0,13.0],[3.0,0.0,13.0,13.0,1.0,16.0],[3.0,1.0,15.0,13.0,16.0,16.0]]}"}],"conditions":[{"condition":"location_check","predicate":{"block":{"state":{"west":"side"}}}}]},{"type":"item","name":"egg","functions":[{"function":"set_custom_data","tag":"{shape:[[3.0,0.0,3.0,13.0,1.0,16.0],[3.0,1.0,15.0,13.0,16.0,16.0]]}"}]}],"conditions":[{"condition":"location_check","predicate":{"block":{"state":{"south":"up"}}}}]},{"type":"alternatives","children":[{"type":"item","name":"egg","functions":[{"function":"set_custom_data","tag":"{shape:[[0.0,0.0,3.0,1.0,16.0,13.0],[1.0,0.0,3.0,13.0,1.0,13.0],[3.0,0.0,13.0,13.0,1.0,16.0]]}"}],"conditions":[{"condition":"location_check","predicate":{"block":{"state":{"west":"up"}}}}]},{"type":"item","name":"egg","functions":[{"function":"set_custom_data","tag":"{shape:[[0.0,0.0,3.0,13.0,1.0,13.0],[3.0,0.0,13.0,13.0,1.0,16.0]]}"}],"conditions":[{"condition":"location_check","predicate":{"block":{"state":{"west":"side"}}}}]},{"type":"item","name":"egg","functions":[{"function":"set_custom_data","tag":"{shape:[[3.0,0.0,3.0,13.0,1.0,16.0]]}"}]}],"conditions":[{"condition":"location_check","predicate":{"block":{"state":{"south":"side"}}}}]},{"type":"alternatives","children":[{"type":"item","name":"egg","functions":[{"function":"set_custom_data","tag":"{shape:[[0.0,0.0,3.0,1.0,16.0,13.0],[1.0,0.0,3.0,13.0,1.0,13.0]]}"}],"conditions":[{"condition":"location_check","predicate":{"block":{"state":{"west":"up"}}}}]},{"type":"item","name":"egg","functions":[{"function":"set_custom_data","tag":"{shape:[[0.0,0.0,3.0,13.0,1.0,13.0]]}"}],"conditions":[{"condition":"location_check","predicate":{"block":{"state":{"west":"side"}}}}]},{"type":"item","name":"egg","functions":[{"function":"set_custom_data","tag":"{shape:[[3.0,0.0,3.0,13.0,1.0,13.0]]}"}]}]}]}]}]}]}]}
