{"pools":[{"rolls":1,"entries":[{"type":"alternatives","children":[{"type":"item","name":"egg","functions":[{"function":"set_custom_data","tag":"{shape:[[1.0,0.0,7.0,15.0,10.0,9.0]]}"}],"conditions":[{"condition":"location_check","predicate":{"block":{"state":{"rotation":"0"}}}}]},{"type":"item","name":"egg","functions":[{"function":"set_custom_data","tag":"{shape:[[3.0,0.0,3.0,13.0,16.0,13.0]]}"}],"conditions":[{"condition":"location_check","predicate":{"block":{"state":{"rotation":"1"}}}}]},{"type":"item","name":"egg","functions":[{"function":"set_custom_data","tag":"{shape:[[3.0,0.0,3.0,13.0,16.0,13.0]]}"}],"conditions":[{"condition":"location_check","predicate":{"block":{"state":{"rotation":"2"}}}}]},{"type":"item","name":"egg","functions":[{"function":"set_custom_data","tag":"{shape:[[3.0,0.0,3.0,13.0,16.0,13.0]]}"}],"conditions":[{"condition":"location_check","predicate":{"block":{"state":{"rotation":"3"}}}}]},{"type":"item","name":"egg","functions":[{"function":"set_custom_data","tag":"{shape:[[7.0,0.0,1.0,9.0,10.0,15.0]]}"}],"conditions":[{"condition":"location_check","predicate":{"block":{"state":{"rotation":"4"}}}}]},{"type":"item","name":"egg","functions":[{"function":"set_custom_data","tag":"{shape:[[3.0,0.0,3.0,13.0,16.0,13.0]]}"}],"conditions":[{"condition":"location_check","predicate":{"block":{"state":{"rotation":"5"}}}}]},{"type":"item","name":"egg","functions":[{"function":"set_custom_data","tag":"{shape:[[3.0,0.0,3.0,13.0,16.0,13.0]]}"}],"conditions":[{"condition":"location_check","predicate":{"block":{"state":{"rotation":"6"}}}}]},{"type":"item","name":"egg","functions":[{"function":"set_custom_data","tag":"{shape:[[3.0,0.0,3.0,13.0,16.0,13.0]]}"}],"conditions":[{"condition":"location_check","predicate":{"block":{"state":{"rotation":"7"}}}}]},{"type":"item","name":"egg","functions":[{"function":"set_custom_data","tag":"{shape:[[1.0,0.0,7.0,15.0,10.0,9.0]]}"}],"conditions":[{"condition":"location_check","predicate":{"block":{"state":{"rotation":"8"}}}}]},{"type":"item","name":"egg","functions":[{"function":"set_custom_data","tag":"{shape:[[3.0,0.0,3.0,13.0,16.0,13.0]]}"}],"conditions":[{"condition":"location_check","predicate":{"block":{"state":{"rotation":"9"}}}}]},{"type":"item","name":"egg","functions":[{"function":"set_custom_data","tag":"{shape:[[3.0,0.0,3.0,13.0,16.0,13.0]]}"}],"conditions":[{"condition":"location_check","predicate":{"block":{"state":{"rotation":"10"}}}}]},{"type":"item","name":"egg","functions":[{"function":"set_custom_data","tag":"{shape:[[3.0,0.0,3.0,13.0,16.0,13.0]]}"}],"conditions":[{"condition":"location_check","predicate":{"block":{"state":{"rotation":"11"}}}}]},{"type":"item","name":"egg","functions":[{"function":"set_custom_data","tag":"{shape:[[7.0,0.0,1.0,9.0,10.0,15.0]]}"}],"conditions":[{"condition":"location_check","predicate":{"block":{"state":{"rotation":"12"}}}}]},{"type":"item","name":"egg","functions":[{"function":"set_custom_data","tag":"{shape:[[3.0,0.0,3.0,13.0,16.0,13.0]]}"}],"conditions":[{"condition":"location_check","predicate":{"block":{"state":{"rotation":"13"}}}}]},{"type":"item","name":"egg","functions":[{"function":"set_custom_data","tag":"{shape:[[3.0,0.0,3.0,13.0,16.0,13.0]]}"}],"conditions":[{"condition":"location_check","predicate":{"block":{"state":{"rotation":"14"}}}}]},{"type":"item","name":"egg","functions":[{"function":"set_custom_data","tag":"{shape:[[3.0,0.0,3.0,13.0,16.0,13.0]]}"}]}]}]}]}
