{"pools":[{"rolls":1,"entries":[{"type":"alternatives","children":[{"type":"item","name":"egg","functions":[{"function":"set_custom_data","tag":"{shape:[[0.0,14.0,6.0,16.0,16.0,10.0],[1.0,0.0,7.0,15.0,10.0,9.0]]}"}],"conditions":[{"condition":"location_check","predicate":{"block":{"state":{"facing":"north"}}}}]},{"type":"item","name":"egg","functions":[{"function":"set_custom_data","tag":"{shape:[[0.0,14.0,6.0,16.0,16.0,10.0],[1.0,0.0,7.0,15.0,10.0,9.0]]}"}],"conditions":[{"condition":"location_check","predicate":{"block":{"state":{"facing":"south"}}}}]},{"type":"item","name":"egg","functions":[{"function":"set_custom_data","tag":"{shape:[[6.0,14.0,0.0,10.0,16.0,16.0],[7.0,0.0,1.0,9.0,10.0,15.0]]}"}],"conditions":[{"condition":"location_check","predicate":{"block":{"state":{"facing":"west"}}}}]},{"type":"item","name":"egg","functions":[{"function":"set_custom_data","tag":"{shape:[[6.0,14.0,0.0,10.0,16.0,16.0],[7.0,0.0,1.0,9.0,10.0,15.0]]}"}]}]}]}]}
