{"pools":[{"rolls":1,"entries":[{"type":"alternatives","children":[{"type":"item","name":"egg","functions":[{"function":"set_custom_data","tag":"{shape:[[0.0,0.0,0.0,16.0,2.0,16.0]]}"}],"conditions":[{"condition":"location_check","predicate":{"block":{"state":{"layers":"1"}}}}]},{"type":"item","name":"egg","functions":[{"function":"set_custom_data","tag":"{shape:[[0.0,0.0,0.0,16.0,4.0,16.0]]}"}],"conditions":[{"condition":"location_check","predicate":{"block":{"state":{"layers":"2"}}}}]},{"type":"item","name":"egg","functions":[{"function":"set_custom_data","tag":"{shape:[[0.0,0.0,0.0,16.0,6.0,16.0]]}"}],"conditions":[{"condition":"location_check","predicate":{"block":{"state":{"layers":"3"}}}}]},{"type":"item","name":"egg","functions":[{"function":"set_custom_data","tag":"{shape:[[0.0,0.0,0.0,16.0,8.0,16.0]]}"}],"conditions":[{"condition":"location_check","predicate":{"block":{"state":{"layers":"4"}}}}]},{"type":"item","name":"egg","functions":[{"function":"set_custom_data","tag":"{shape:[[0.0,0.0,0.0,16.0,10.0,16.0]]}"}],"conditions":[{"condition":"location_check","predicate":{"block":{"state":{"layers":"5"}}}}]},{"type":"item","name":"egg","functions":[{"function":"set_custom_data","tag":"{shape:[[0.0,0.0,0.0,16.0,12.0,16.0]]}"}],"conditions":[{"condition":"location_check","predicate":{"block":{"state":{"layers":"6"}}}}]},{"type":"item","name":"egg","functions":[{"function":"set_custom_data","tag":"{shape:[[0.0,0.0,0.0,16.0,14.0,16.0]]}"}],"conditions":[{"condition":"location_check","predicate":{"block":{"state":{"layers":"7"}}}}]},{"type":"item","name":"egg","functions":[{"function":"set_custom_data","tag":"{shape:[[0.0,0.0,0.0,16.0,16.0,16.0]]}"}]}]}]}]}
