{"pools":[{"rolls":1,"entries":[{"type":"alternatives","children":[{"type":"item","name":"egg","functions":[{"function":"set_custom_data","tag":"{shape:[[1.0,0.0,1.0,15.0,8.0,15.0]]}"}],"conditions":[{"condition":"location_check","predicate":{"block":{"state":{"bites":"0"}}}}]},{"type":"item","name":"egg","functions":[{"function":"set_custom_data","tag":"{shape:[[3.0,0.0,1.0,15.0,8.0,15.0]]}"}],"conditions":[{"condition":"location_check","predicate":{"block":{"state":{"bites":"1"}}}}]},{"type":"item","name":"egg","functions":[{"function":"set_custom_data","tag":"{shape:[[5.0,0.0,1.0,15.0,8.0,15.0]]}"}],"conditions":[{"condition":"location_check","predicate":{"block":{"state":{"bites":"2"}}}}]},{"type":"item","name":"egg","functions":[{"function":"set_custom_data","tag":"{shape:[[7.0,0.0,1.0,15.0,8.0,15.0]]}"}],"conditions":[{"condition":"location_check","predicate":{"block":{"state":{"bites":"3"}}}}]},{"type":"item","name":"egg","functions":[{"function":"set_custom_data","tag":"{shape:[[9.0,0.0,1.0,15.0,8.0,15.0]]}"}],"conditions":[{"condition":"location_check","predicate":{"block":{"state":{"bites":"4"}}}}]},{"type":"item","name":"egg","functions":[{"function":"set_custom_data","tag":"{shape:[[11.0,0.0,1.0,15.0,8.0,15.0]]}"}],"conditions":[{"condition":"location_check","predicate":{"block":{"state":{"bites":"5"}}}}]},{"type":"item","name":"egg","functions":[{"function":"set_custom_data","tag":"{shape:[[13.0,0.0,1.0,15.0,8.0,15.0]]}"}]}]}]}]}
