{"pools":[{"rolls":1,"entries":[{"type":"alternatives","children":[{"type":"item","name":"egg","functions":[{"function":"set_custom_data","tag":"{shape:[[0.0,6.5,6.5,16.0,9.5,9.5]]}"}],"conditions":[{"condition":"location_check","predicate":{"block":{"state":{"axis":"x"}}}}]},{"type":"item","name":"egg","functions":[{"function":"set_custom_data","tag":"{shape:[[6.5,0.0,6.5,9.5,16.0,9.5]]}"}],"conditions":[{"condition":"location_check","predicate":{"block":{"state":{"axis":"y"}}}}]},{"type":"item","name":"egg","functions":[{"function":"set_custom_data","tag":"{shape:[[6.5,6.5,0.0,9.5,9.5,16.0]]}"}]}]}]}]}
