{"pools":[{"rolls":1,"entries":[{"type":"alternatives","children":[{"type":"item","name":"egg","functions":[{"function":"set_custom_data","tag":"{shape:[[7.0,0.0,7.0,9.0,2.0,9.0]]}"}],"conditions":[{"condition":"location_check","predicate":{"block":{"state":{"age":"0"}}}}]},{"type":"item","name":"egg","functions":[{"function":"set_custom_data","tag":"{shape:[[7.0,0.0,7.0,9.0,4.0,9.0]]}"}],"conditions":[{"condition":"location_check","predicate":{"block":{"state":{"age":"1"}}}}]},{"type":"item","name":"egg","functions":[{"function":"set_custom_data","tag":"{shape:[[7.0,0.0,7.0,9.0,6.0,9.0]]}"}],"conditions":[{"condition":"location_check","predicate":{"block":{"state":{"age":"2"}}}}]},{"type":"item","name":"egg","functions":[{"function":"set_custom_data","tag":"{shape:[[7.0,0.0,7.0,9.0,8.0,9.0]]}"}],"conditions":[{"condition":"location_check","predicate":{"block":{"state":{"age":"3"}}}}]},{"type":"item","name":"egg","functions":[{"function":"set_custom_data","tag":"{shape:[[7.0,0.0,7.0,9.0,10.0,9.0]]}"}],"conditions":[{"condition":"location_check","predicate":{"block":{"state":{"age":"4"}}}}]},{"type":"item","name":"egg","functions":[{"function":"set_custom_data","tag":"{shape:[[7.0,0.0,7.0,9.0,12.0,9.0]]}"}],"conditions":[{"condition":"location_check","predicate":{"block":{"state":{"age":"5"}}}}]},{"type":"item","name":"egg","functions":[{"function":"set_custom_data","tag":"{shape:[[7.0,0.0,7.0,9.0,14.0,9.0]]}"}],"conditions":[{"condition":"location_check","predicate":{"block":{"state":{"age":"6"}}}}]},{"type":"item","name":"egg","functions":[{"function":"set_custom_data","tag":"{shape:[[7.0,0.0,7.0,9.0,16.0,9.0]]}"}]}]}]}]}
