{"pools":[{"rolls":1,"entries":[{"type":"alternatives","children":[{"type":"alternatives","children":[{"type":"alternatives","children":[{"type":"alternatives","children":[{"type":"alternatives","children":[{"type":"alternatives","children":[{"type":"item","name":"egg","functions":[{"function":"set_custom_data","tag":"{shape:[[0.0,0.0,0.0,16.0,16.0,1.0],[0.0,0.0,1.0,1.0,16.0,16.0],[1.0,0.0,1.0,16.0,1.0,16.0],[1.0,1.0,15.0,16.0,16.0,16.0],[1.0,15.0,1.0,16.0,16.0,16.0],[15.0,1.0,1.0,16.0,16.0,16.0]]}"}],"conditions":[{"condition":"location_check","predicate":{"block":{"state":{"west":"true"}}}}]},{"type":"item","name":"egg","functions":[{"function":"set_custom_data","tag":"{shape:[[0.0,0.0,0.0,16.0,16.0,1.0],[0.0,0.0,1.0,16.0,1.0,16.0],[0.0,1.0,15.0,16.0,16.0,16.0],[0.0,15.0,1.0,16.0,16.0,16.0],[15.0,1.0,1.0,16.0,16.0,16.0]]}"}]}],"conditions":[{"condition":"location_check","predicate":{"block":{"state":{"up":"true"}}}}]},{"type":"alternatives","children":[{"type":"item","name":"egg","functions":[{"function":"set_custom_data","tag":"{shape:[[0.0,0.0,0.0,16.0,16.0,1.0],[0.0,0.0,1.0,1.0,16.0,16.0],[1.0,0.0,1.0,16.0,1.0,16.0],[1.0,1.0,15.0,16.0,16.0,16.0],[15.0,1.0,1.0,16.0,16.0,16.0]]}"}],"conditions":[{"condition":"location_check","predicate":{"block":{"state":{"west":"true"}}}}]},{"type":"item","name":"egg","functions":[{"function":"set_custom_data","tag":"{shape:[[0.0,0.0,0.0,16.0,16.0,1.0],[0.0,0.0,1.0,16.0,1.0,16.0],[0.0,1.0,15.0,16.0,16.0,16.0],[15.0,1.0,1.0,16.0,16.0,16.0]]}"}]}]}],"conditions":[{"condition":"location_check","predicate":{"block":{"state":{"south":"true"}}}}]},{"type":"alternatives","children":[{"type":"alternatives","children":[{"type":"item","name":"egg","functions":[{"function":"set_custom_data","tag":"{shape:[[0.0,0.0,0.0,16.0,16.0,1.0],[0.0,0.0,1.0,1.0,16.0,16.0],[1.0,0.0,1.0,16.0,1.0,16.0],[1.0,15.0,1.0,16.0,16.0,16.0],[15.0,1.0,1.0,16.0,16.0,16.0]]}"}],"conditions":[{"condition":"location_check","predicate":{"block":{"state":{"west":"true"}}}}]},{"type":"item","name":"egg","functions":[{"function":"set_custom_data","tag":"{shape:[[0.0,0.0,0.0,16.0,16.0,1.0],[0.0,0.0,1.0,16.0,1.0,16.0],[0.0,15.0,1.0,16.0,16.0,16.0],[15.0,1.0,1.0,16.0,16.0,16.0]]}"}]}],"conditions":[{"condition":"location_check","predicate":{"block":{"state":{"up":"true"}}}}]},{"type":"alternatives","children":[{"type":"item","name":"egg","functions":[{"function":"set_custom_data","tag":"{shape:[[0.0,0.0,0.0,16.0,16.0,1.0],[0.0,0.0,1.0,1.0,16.0,16.0],[1.0,0.0,1.0,16.0,1.0,16.0],[15.0,1.0,1.0,16.0,16.0,16.0]]}"}],"conditions":[{"condition":"location_check","predicate":{"block":{"state":{"west":"true"}}}}]},{"type":"item","name":"egg","functions":[{"function":"set_custom_data","tag":"{shape:[[0.0,0.0,0.0,16.0,16.0,1.0],[0.0,0.0,1.0,16.0,1.0,16.0],[15.0,1.0,1.0,16.0,16.0,16.0]]}"}]}]}]}],"conditions":[{"condition":"location_check","predicate":{"block":{"state":{"north":"true"}}}}]},{"type":"alternatives","children":[{"type":"alternatives","children":[{"type":"alternatives","children":[{"type":"item","name":"egg","functions":[{"function":"set_custom_data","tag":"{shape:[[0.0,0.0,0.0,1.0,16.0,16.0],[1.0,0.0,0.0,16.0,1.0,16.0],[1.0,1.0,15.0,16.0,16.0,16.0],[1.0,15.0,0.0,16.0,16.0,16.0],[15.0,1.0,0.0,16.0,16.0,16.0]]}"}],"conditions":[{"condition":"location_check","predicate":{"block":{"state":{"west":"true"}}}}]},{"type":"item","name":"egg","functions":[{"function":"set_custom_data","tag":"{shape:[[0.0,0.0,0.0,16.0,1.0,16.0],[0.0,1.0,15.0,16.0,16.0,16.0],[0.0,15.0,0.0,16.0,16.0,16.0],[15.0,1.0,0.0,16.0,16.0,16.0]]}"}]}],"conditions":[{"condition":"location_check","predicate":{"block":{"state":{"up":"true"}}}}]},{"type":"alternatives","children":[{"type":"item","name":"egg","functions":[{"function":"set_custom_data","tag":"{shape:[[0.0,0.0,0.0,1.0,16.0,16.0],[1.0,0.0,0.0,16.0,1.0,16.0],[1.0,1.0,15.0,16.0,16.0,16.0],[15.0,1.0,0.0,16.0,16.0,16.0]]}"}],"conditions":[{"condition":"location_check","predicate":{"block":{"state":{"west":"true"}}}}]},{"type":"item","name":"egg","functions":[{"function":"set_custom_data","tag":"{shape:[[0.0,0.0,0.0,16.0,1.0,16.0],[0.0,1.0,15.0,16.0,16.0,16.0],[15.0,1.0,0.0,16.0,16.0,16.0]]}"}]}]}],"conditions":[{"condition":"location_check","predicate":{"block":{"state":{"south":"true"}}}}]},{"type":"alternatives","children":[{"type":"alternatives","children":[{"type":"item","name":"egg","functions":[{"function":"set_custom_data","tag":"{shape:[[0.0,0.0,0.0,1.0,16.0,16.0],[1.0,0.0,0.0,16.0,1.0,16.0],[1.0,15.0,0.0,16.0,16.0,16.0],[15.0,1.0,0.0,16.0,16.0,16.0]]}"}],"conditions":[{"condition":"location_check","predicate":{"block":{"state":{"west":"true"}}}}]},{"type":"item","name":"egg","functions":[{"function":"set_custom_data","tag":"{shape:[[0.0,0.0,0.0,16.0,1.0,16.0],[0.0,15.0,0.0,16.0,16.0,16.0],[15.0,1.0,0.0,16.0,16.0,16.0]]}"}]}],"conditions":[{"condition":"location_check","predicate":{"block":{"state":{"up":"true"}}}}]},{"type":"alternatives","children":[{"type":"item","name":"egg","functions":[{"function":"set_custom_data","tag":"{shape:[[0.0,0.0,0.0,1.0,16.0,16.0],[1.0,0.0,0.0,16.0,1.0,16.0],[15.0,1.0,0.0,16.0,16.0,16.0]]}"}],"conditions":[{"condition":"location_check","predicate":{"block":{"state":{"west":"true"}}}}]},{"type":"item","name":"egg","functions":[{"function":"set_custom_data","tag":"{shape:[[0.0,0.0,0.0,16.0,1.0,16.0],[15.0,1.0,0.0,16.0,16.0,16.0]]}"}]}]}]}]}],"conditions":[{"condition":"location_check","predicate":{"block":{"state":{"east":"true"}}}}]},{"type":"alternatives","children":[{"type":"alternatives","children":[{"type":"alternatives","children":[{"type":"alternatives","children":[{"type":"item","name":"egg","functions":[{"function":"set_custom_data","tag":"{shape:[[0.0,0.0,0.0,16.0,16.0,1.0],[0.0,0.0,1.0,1.0,16.0,16.0],[1.0,0.0,1.0,16.0,1.0,16.0],[1.0,1.0,15.0,16.0,16.0,16.0],[1.0,15.0,1.0,16.0,16.0,16.0]]}"}],"conditions":[{"condition":"location_check","predicate":{"block":{"state":{"west":"true"}}}}]},{"type":"item","name":"egg","functions":[{"function":"set_custom_data","tag":"{shape:[[0.0,0.0,0.0,16.0,16.0,1.0],[0.0,0.0,1.0,16.0,1.0,16.0],[0.0,1.0,15.0,16.0,16.0,16.0],[0.0,15.0,1.0,16.0,16.0,16.0]]}"}]}],"conditions":[{"condition":"location_check","predicate":{"block":{"state":{"up":"true"}}}}]},{"type":"alternatives","children":[{"type":"item","name":"egg","functions":[{"function":"set_custom_data","tag":"{shape:[[0.0,0.0,0.0,16.0,16.0,1.0],[0.0,0.0,1.0,1.0,16.0,16.0],[1.0,0.0,1.0,16.0,1.0,16.0],[1.0,1.0,15.0,16.0,16.0,16.0]]}"}],"conditions":[{"condition":"location_check","predicate":{"block":{"state":{"west":"true"}}}}]},{"type":"item","name":"egg","functions":[{"function":"set_custom_data","tag":"{shape:[[0.0,0.0,0.0,16.0,16.0,1.0],[0.0,0.0,1.0,16.0,1.0,16.0],[0.0,1.0,15.0,16.0,16.0,16.0]]}"}]}]}],"conditions":[{"condition":"location_check","predicate":{"block":{"state":{"south":"true"}}}}]},{"type":"alternatives","children":[{"type":"alternatives","children":[{"type":"item","name":"egg","functions":[{"function":"set_custom_data","tag":"{shape:[[0.0,0.0,0.0,16.0,16.0,1.0],[0.0,0.0,1.0,1.0,16.0,16.0],[1.0,0.0,1.0,16.0,1.0,16.0],[1.0,15.0,1.0,16.0,16.0,16.0]]}"}],"conditions":[{"condition":"location_check","predicate":{"block":{"state":{"west":"true"}}}}]},{"type":"item","name":"egg","functions":[{"function":"set_custom_data","tag":"{shape:[[0.0,0.0,0.0,16.0,16.0,1.0],[0.0,0.0,1.0,16.0,1.0,16.0],[0.0,15.0,1.0,16.0,16.0,16.0]]}"}]}],"conditions":[{"condition":"location_check","predicate":{"block":{"state":{"up":"true"}}}}]},{"type":"alternatives","children":[{"type":"item","name":"egg","functions":[{"function":"set_custom_data","tag":"{shape:[[0.0,0.0,0.0,16.0,16.0,1.0],[0.0,0.0,1.0,1.0,16.0,16.0],[1.0,0.0,1.0,16.0,1.0,16.0]]}"}],"conditions":[{"condition":"location_check","predicate":{"block":{"state":{"west":"true"}}}}]},{"type":"item","name":"egg","functions":[{"function":"set_custom_data","tag":"{shape:[[0.0,0.0,0.0,16.0,16.0,1.0],[0.0,0.0,1.0,16.0,1.0,16.0]]}"}]}]}]}],"conditions":[{"condition":"location_check","predicate":{"block":{"state":{"north":"true"}}}}]},{"type":"alternatives","children":[{"type":"alternatives","children":[{"type":"alternatives","children":[{"type":"item","name":"egg","functions":[{"function":"set_custom_data","tag":"{shape:[[0.0,0.0,0.0,1.0,16.0,16.0],[1.0,0.0,0.0,16.0,1.0,16.0],[1.0,1.0,15.0,16.0,16.0,16.0],[1.0,15.0,0.0,16.0,16.0,16.0]]}"}],"conditions":[{"condition":"location_check","predicate":{"block":{"state":{"west":"true"}}}}]},{"type":"item","name":"egg","functions":[{"function":"set_custom_data","tag":"{shape:[[0.0,0.0,0.0,16.0,1.0,16.0],[0.0,1.0,15.0,16.0,16.0,16.0],[0.0,15.0,0.0,16.0,16.0,16.0]]}"}]}],"conditions":[{"condition":"location_check","predicate":{"block":{"state":{"up":"true"}}}}]},{"type":"alternatives","children":[{"type":"item","name":"egg","functions":[{"function":"set_custom_data","tag":"{shape:[[0.0,0.0,0.0,1.0,16.0,16.0],[1.0,0.0,0.0,16.0,1.0,16.0],[1.0,1.0,15.0,16.0,16.0,16.0]]}"}],"conditions":[{"condition":"location_check","predicate":{"block":{"state":{"west":"true"}}}}]},{"type":"item","name":"egg","functions":[{"function":"set_custom_data","tag":"{shape:[[0.0,0.0,0.0,16.0,1.0,16.0],[0.0,1.0,15.0,16.0,16.0,16.0]]}"}]}]}],"conditions":[{"condition":"location_check","predicate":{"block":{"state":{"south":"true"}}}}]},{"type":"alternatives","children":[{"type":"alternatives","children":[{"type":"item","name":"egg","functions":[{"function":"set_custom_data","tag":"{shape:[[0.0,0.0,0.0,1.0,16.0,16.0],[1.0,0.0,0.0,16.0,1.0,16.0],[1.0,15.0,0.0,16.0,16.0,16.0]]}"}],"conditions":[{"condition":"location_check","predicate":{"block":{"state":{"west":"true"}}}}]},{"type":"item","name":"egg","functions":[{"function":"set_custom_data","tag":"{shape:[[0.0,0.0,0.0,16.0,1.0,16.0],[0.0,15.0,0.0,16.0,16.0,16.0]]}"}]}],"conditions":[{"condition":"location_check","predicate":{"block":{"state":{"up":"true"}}}}]},{"type":"alternatives","children":[{"type":"item","name":"egg","functions":[{"function":"set_custom_data","tag":"{shape:[[0.0,0.0,0.0,1.0,16.0,16.0],[1.0,0.0,0.0,16.0,1.0,16.0]]}"}],"conditions":[{"condition":"location_check","predicate":{"block":{"state":{"west":"true"}}}}]},{"type":"item","name":"egg","functions":[{"function":"set_custom_data","tag":"{shape:[[0.0,0.0,0.0,16.0,1.0,16.0]]}"}]}]}]}]}]}],"conditions":[{"condition":"location_check","predicate":{"block":{"state":{"down":"true"}}}}]},{"type":"alternatives","children":[{"type":"alternatives","children":[{"type":"alternatives","children":[{"type":"alternatives","children":[{"type":"alternatives","children":[{"type":"item","name":"egg","functions":[{"function":"set_custom_data","tag":"{shape:[[0.0,0.0,0.0,16.0,16.0,1.0],[0.0,0.0,1.0,1.0,16.0,16.0],[1.0,0.0,15.0,16.0,16.0,16.0],[1.0,15.0,1.0,16.0,16.0,16.0],[15.0,0.0,1.0,16.0,16.0,16.0]]}"}],"conditions":[{"condition":"location_check","predicate":{"block":{"state":{"west":"true"}}}}]},{"type":"item","name":"egg","functions":[{"function":"set_custom_data","tag":"{shape:[[0.0,0.0,0.0,16.0,16.0,1.0],[0.0,0.0,15.0,16.0,16.0,16.0],[0.0,15.0,1.0,16.0,16.0,16.0],[15.0,0.0,1.0,16.0,16.0,16.0]]}"}]}],"conditions":[{"condition":"location_check","predicate":{"block":{"state":{"up":"true"}}}}]},{"type":"alternatives","children":[{"type":"item","name":"egg","functions":[{"function":"set_custom_data","tag":"{shape:[[0.0,0.0,0.0,16.0,16.0,1.0],[0.0,0.0,1.0,1.0,16.0,16.0],[1.0,0.0,15.0,16.0,16.0,16.0],[15.0,0.0,1.0,16.0,16.0,16.0]]}"}],"conditions":[{"condition":"location_check","predicate":{"block":{"state":{"west":"true"}}}}]},{"type":"item","name":"egg","functions":[{"function":"set_custom_data","tag":"{shape:[[0.0,0.0,0.0,16.0,16.0,1.0],[0.0,0.0,15.0,16.0,16.0,16.0],[15.0,0.0,1.0,16.0,16.0,16.0]]}"}]}]}],"conditions":[{"condition":"location_check","predicate":{"block":{"state":{"south":"true"}}}}]},{"type":"alternatives","children":[{"type":"alternatives","children":[{"type":"item","name":"egg","functions":[{"function":"set_custom_data","tag":"{shape:[[0.0,0.0,0.0,16.0,16.0,1.0],[0.0,0.0,1.0,1.0,16.0,16.0],[1.0,15.0,1.0,16.0,16.0,16.0],[15.0,0.0,1.0,16.0,16.0,16.0]]}"}],"conditions":[{"condition":"location_check","predicate":{"block":{"state":{"west":"true"}}}}]},{"type":"item","name":"egg","functions":[{"function":"set_custom_data","tag":"{shape:[[0.0,0.0,0.0,16.0,16.0,1.0],[0.0,15.0,1.0,16.0,16.0,16.0],[15.0,0.0,1.0,16.0,16.0,16.0]]}"}]}],"conditions":[{"condition":"location_check","predicate":{"block":{"state":{"up":"true"}}}}]},{"type":"alternatives","children":[{"type":"item","name":"egg","functions":[{"function":"set_custom_data","tag":"{shape:[[0.0,0.0,0.0,16.0,16.0,1.0],[0.0,0.0,1.0,1.0,16.0,16.0],[15.0,0.0,1.0,16.0,16.0,16.0]]}"}],"conditions":[{"condition":"location_check","predicate":{"block":{"state":{"west":"true"}}}}]},{"type":"item","name":"egg","functions":[{"function":"set_custom_data","tag":"{shape:[[0.0,0.0,0.0,16.0,16.0,1.0],[15.0,0.0,1.0,16.0,16.0,16.0]]}"}]}]}]}],"conditions":[{"condition":"location_check","predicate":{"block":{"state":{"north":"true"}}}}]},{"type":"alternatives","children":[{"type":"alternatives","children":[{"type":"alternatives","children":[{"type":"item","name":"egg","functions":[{"function":"set_custom_data","tag":"{shape:[[0.0,0.0,0.0,1.0,16.0,16.0],[1.0,0.0,15.0,16.0,16.0,16.0],[1.0,15.0,0.0,16.0,16.0,16.0],[15.0,0.0,0.0,16.0,16.0,16.0]]}"}],"conditions":[{"condition":"location_check","predicate":{"block":{"state":{"west":"true"}}}}]},{"type":"item","name":"egg","functions":[{"function":"set_custom_data","tag":"{shape:[[0.0,0.0,15.0,16.0,16.0,16.0],[0.0,15.0,0.0,16.0,16.0,16.0],[15.0,0.0,0.0,16.0,16.0,16.0]]}"}]}],"conditions":[{"condition":"location_check","predicate":{"block":{"state":{"up":"true"}}}}]},{"type":"alternatives","children":[{"type":"item","name":"egg","functions":[{"function":"set_custom_data","tag":"{shape:[[0.0,0.0,0.0,1.0,16.0,16.0],[1.0,0.0,15.0,16.0,16.0,16.0],[15.0,0.0,0.0,16.0,16.0,16.0]]}"}],"conditions":[{"condition":"location_check","predicate":{"block":{"state":{"west":"true"}}}}]},{"type":"item","name":"egg","functions":[{"function":"set_custom_data","tag":"{shape:[[0.0,0.0,15.0,16.0,16.0,16.0],[15.0,0.0,0.0,16.0,16.0,16.0]]}"}]}]}],"conditions":[{"condition":"location_check","predicate":{"block":{"state":{"south":"true"}}}}]},{"type":"alternatives","children":[{"type":"alternatives","children":[{"type":"item","name":"egg","functions":[{"function":"set_custom_data","tag":"{shape:[[0.0,0.0,0.0,1.0,16.0,16.0],[1.0,15.0,0.0,16.0,16.0,16.0],[15.0,0.0,0.0,16.0,16.0,16.0]]}"}],"conditions":[{"condition":"location_check","predicate":{"block":{"state":{"west":"true"}}}}]},{"type":"item","name":"egg","functions":[{"function":"set_custom_data","tag":"{shape:[[0.0,15.0,0.0,16.0,16.0,16.0],[15.0,0.0,0.0,16.0,16.0,16.0]]}"}]}],"conditions":[{"condition":"location_check","predicate":{"block":{"state":{"up":"true"}}}}]},{"type":"alternatives","children":[{"type":"item","name":"egg","functions":[{"function":"set_custom_data","tag":"{shape:[[0.0,0.0,0.0,1.0,16.0,16.0],[15.0,0.0,0.0,16.0,16.0,16.0]]}"}],"conditions":[{"condition":"location_check","predicate":{"block":{"state":{"west":"true"}}}}]},{"type":"item","name":"egg","functions":[{"function":"set_custom_data","tag":"{shape:[[15.0,0.0,0.0,16.0,16.0,16.0]]}"}]}]}]}]}],"conditions":[{"condition":"location_check","predicate":{"block":{"state":{"east":"true"}}}}]},{"type":"alternatives","children":[{"type":"alternatives","children":[{"type":"alternatives","children":[{"type":"alternatives","children":[{"type":"item","name":"egg","functions":[{"function":"set_custom_data","tag":"{shape:[[0.0,0.0,0.0,16.0,16.0,1.0],[0.0,0.0,1.0,1.0,16.0,16.0],[1.0,0.0,15.0,16.0,16.0,16.0],[1.0,15.0,1.0,16.0,16.0,16.0]]}"}],"conditions":[{"condition":"location_check","predicate":{"block":{"state":{"west":"true"}}}}]},{"type":"item","name":"egg","functions":[{"function":"set_custom_data","tag":"{shape:[[0.0,0.0,0.0,16.0,16.0,1.0],[0.0,0.0,15.0,16.0,16.0,16.0],[0.0,15.0,1.0,16.0,16.0,16.0]]}"}]}],"conditions":[{"condition":"location_check","predicate":{"block":{"state":{"up":"true"}}}}]},{"type":"alternatives","children":[{"type":"item","name":"egg","functions":[{"function":"set_custom_data","tag":"{shape:[[0.0,0.0,0.0,16.0,16.0,1.0],[0.0,0.0,1.0,1.0,16.0,16.0],[1.0,0.0,15.0,16.0,16.0,16.0]]}"}],"conditions":[{"condition":"location_check","predicate":{"block":{"state":{"west":"true"}}}}]},{"type":"item","name":"egg","functions":[{"function":"set_custom_data","tag":"{shape:[[0.0,0.0,0.0,16.0,16.0,1.0],[0.0,0.0,15.0,16.0,16.0,16.0]]}"}]}]}],"conditions":[{"condition":"location_check","predicate":{"block":{"state":{"south":"true"}}}}]},{"type":"alternatives","children":[{"type":"alternatives","children":[{"type":"item","name":"egg","functions":[{"function":"set_custom_data","tag":"{shape:[[0.0,0.0,0.0,16.0,16.0,1.0],[0.0,0.0,1.0,1.0,16.0,16.0],[1.0,15.0,1.0,16.0,16.0,16.0]]}"}],"conditions":[{"condition":"location_check","predicate":{"block":{"state":{"west":"true"}}}}]},{"type":"item","name":"egg","functions":[{"function":"set_custom_data","tag":"{shape:[[0.0,0.0,0.0,16.0,16.0,1.0],[0.0,15.0,1.0,16.0,16.0,16.0]]}"}]}],"conditions":[{"condition":"location_check","predicate":{"block":{"state":{"up":"true"}}}}]},{"type":"alternatives","children":[{"type":"item","name":"egg","functions":[{"function":"set_custom_data","tag":"{shape:[[0.0,0.0,0.0,16.0,16.0,1.0],[0.0,0.0,1.0,1.0,16.0,16.0]]}"}],"conditions":[{"condition":"location_check","predicate":{"block":{"state":{"west":"true"}}}}]},{"type":"item","name":"egg","functions":[{"function":"set_custom_data","tag":"{shape:[[0.0,0.0,0.0,16.0,16.0,1.0]]}"}]}]}]}],"conditions":[{"condition":"location_check","predicate":{"block":{"state":{"north":"true"}}}}]},{"type":"alternatives","children":[{"type":"alternatives","children":[{"type":"alternatives","children":[{"type":"item","name":"egg","functions":[{"function":"set_custom_data","tag":"{shape:[[0.0,0.0,0.0,1.0,16.0,16.0],[1.0,0.0,15.0,16.0,16.0,16.0],[1.0,15.0,0.0,16.0,16.0,16.0]]}"}],"conditions":[{"condition":"location_check","predicate":{"block":{"state":{"west":"true"}}}}]},{"type":"item","name":"egg","functions":[{"function":"set_custom_data","tag":"{shape:[[0.0,0.0,15.0,16.0,16.0,16.0],[0.0,15.0,0.0,16.0,16.0,16.0]]}"}]}],"conditions":[{"condition":"location_check","predicate":{"block":{"state":{"up":"true"}}}}]},{"type":"alternatives","children":[{"type":"item","name":"egg","functions":[{"function":"set_custom_data","tag":"{shape:[[0.0,0.0,0.0,1.0,16.0,16.0],[1.0,0.0,15.0,16.0,16.0,16.0]]}"}],"conditions":[{"condition":"location_check","predicate":{"block":{"state":{"west":"true"}}}}]},{"type":"item","name":"egg","functions":[{"function":"set_custom_data","tag":"{shape:[[0.0,0.0,15.0,16.0,16.0,16.0]]}"}]}]}],"conditions":[{"condition":"location_check","predicate":{"block":{"state":{"south":"true"}}}}]},{"type":"alternatives","children":[{"type":"alternatives","children":[{"type":"item","name":"egg","functions":[{"function":"set_custom_data","tag":"{shape:[[0.0,0.0,0.0,1.0,16.0,16.0],[1.0,15.0,0.0,16.0,16.0,16.0]]}"}],"conditions":[{"condition":"location_check","predicate":{"block":{"state":{"west":"true"}}}}]},{"type":"item","name":"egg","functions":[{"function":"set_custom_data","tag":"{shape:[[0.0,15.0,0.0,16.0,16.0,16.0]]}"}]}],"conditions":[{"condition":"location_check","predicate":{"block":{"state":{"up":"true"}}}}]},{"type":"alternatives","children":[{"type":"item","name":"egg","functions":[{"function":"set_custom_data","tag":"{shape:[[0.0,0.0,0.0,1.0,16.0,16.0]]}"}],"conditions":[{"condition":"location_check","predicate":{"block":{"state":{"west":"true"}}}}]},{"type":"item","name":"egg","functions":[{"function":"set_custom_data","tag":"{shape:[[0.0,0.0,0.0,16.0,16.0,16.0]]}"}]}]}]}]}]}]}]}]}]}
