{"pools":[{"rolls":1,"entries":[{"type":"alternatives","children":[{"type":"alternatives","children":[{"type":"alternatives","children":[{"type":"alternatives","children":[{"type":"alternatives","children":[{"type":"item","name":"egg","functions":[{"function":"set_custom_data","tag":"{shape:[[4.0,0.0,4.0,12.0,16.0,12.0]]}"}],"conditions":[{"condition":"location_check","predicate":{"block":{"state":{"west":"none"}}}}]},{"type":"item","name":"egg","functions":[{"function":"set_custom_data","tag":"{shape:[[0.0,0.0,5.0,12.0,14.0,11.0],[4.0,0.0,4.0,12.0,16.0,12.0]]}"}],"conditions":[{"condition":"location_check","predicate":{"block":{"state":{"west":"low"}}}}]},{"type":"item","name":"egg","functions":[{"function":"set_custom_data","tag":"{shape:[[0.0,0.0,5.0,12.0,16.0,11.0],[4.0,0.0,4.0,12.0,16.0,12.0]]}"}]}],"conditions":[{"condition":"location_check","predicate":{"block":{"state":{"south":"none"}}}}]},{"type":"alternatives","children":[{"type":"item","name":"egg","functions":[{"function":"set_custom_data","tag":"{shape:[[4.0,0.0,4.0,12.0,16.0,12.0],[5.0,0.0,12.0,11.0,14.0,16.0]]}"}],"conditions":[{"condition":"location_check","predicate":{"block":{"state":{"west":"none"}}}}]},{"type":"item","name":"egg","functions":[{"function":"set_custom_data","tag":"{shape:[[0.0,0.0,5.0,12.0,14.0,11.0],[4.0,0.0,4.0,12.0,16.0,12.0],[5.0,0.0,12.0,11.0,14.0,16.0]]}"}],"conditions":[{"condition":"location_check","predicate":{"block":{"state":{"west":"low"}}}}]},{"type":"item","name":"egg","functions":[{"function":"set_custom_data","tag":"{shape:[[0.0,0.0,5.0,12.0,16.0,11.0],[4.0,0.0,4.0,12.0,16.0,12.0],[5.0,0.0,12.0,11.0,14.0,16.0]]}"}]}],"conditions":[{"condition":"location_check","predicate":{"block":{"state":{"south":"low"}}}}]},{"type":"alternatives","children":[{"type":"item","name":"egg","functions":[{"function":"set_custom_data","tag":"{shape:[[4.0,0.0,4.0,12.0,16.0,12.0],[5.0,0.0,12.0,11.0,16.0,16.0]]}"}],"conditions":[{"condition":"location_check","predicate":{"block":{"state":{"west":"none"}}}}]},{"type":"item","name":"egg","functions":[{"function":"set_custom_data","tag":"{shape:[[0.0,0.0,5.0,12.0,14.0,11.0],[4.0,0.0,4.0,12.0,16.0,12.0],[5.0,0.0,12.0,11.0,16.0,16.0]]}"}],"conditions":[{"condition":"location_check","predicate":{"block":{"state":{"west":"low"}}}}]},{"type":"item","name":"egg","functions":[{"function":"set_custom_data","tag":"{shape:[[0.0,0.0,5.0,12.0,16.0,11.0],[4.0,0.0,4.0,12.0,16.0,12.0],[5.0,0.0,12.0,11.0,16.0,16.0]]}"}]}]}],"conditions":[{"condition":"location_check","predicate":{"block":{"state":{"north":"none"}}}}]},{"type":"alternatives","children":[{"type":"alternatives","children":[{"type":"item","name":"egg","functions":[{"function":"set_custom_data","tag":"{shape:[[4.0,0.0,4.0,12.0,16.0,12.0],[5.0,0.0,0.0,11.0,14.0,12.0]]}"}],"conditions":[{"condition":"location_check","predicate":{"block":{"state":{"west":"none"}}}}]},{"type":"item","name":"egg","functions":[{"function":"set_custom_data","tag":"{shape:[[0.0,0.0,5.0,12.0,14.0,11.0],[4.0,0.0,4.0,12.0,16.0,12.0],[5.0,0.0,0.0,11.0,14.0,12.0]]}"}],"conditions":[{"condition":"location_check","predicate":{"block":{"state":{"west":"low"}}}}]},{"type":"item","name":"egg","functions":[{"function":"set_custom_data","tag":"{shape:[[0.0,0.0,5.0,12.0,16.0,11.0],[4.0,0.0,4.0,12.0,16.0,12.0],[5.0,0.0,0.0,11.0,14.0,12.0]]}"}]}],"conditions":[{"condition":"location_check","predicate":{"block":{"state":{"south":"none"}}}}]},{"type":"alternatives","children":[{"type":"item","name":"egg","functions":[{"function":"set_custom_data","tag":"{shape:[[4.0,0.0,4.0,12.0,16.0,12.0],[5.0,0.0,0.0,11.0,14.0,16.0]]}"}],"conditions":[{"condition":"location_check","predicate":{"block":{"state":{"west":"none"}}}}]},{"type":"item","name":"egg","functions":[{"function":"set_custom_data","tag":"{shape:[[0.0,0.0,5.0,12.0,14.0,11.0],[4.0,0.0,4.0,12.0,16.0,12.0],[5.0,0.0,0.0,11.0,14.0,16.0]]}"}],"conditions":[{"condition":"location_check","predicate":{"block":{"state":{"west":"low"}}}}]},{"type":"item","name":"egg","functions":[{"function":"set_custom_data","tag":"{shape:[[0.0,0.0,5.0,12.0,16.0,11.0],[4.0,0.0,4.0,12.0,16.0,12.0],[5.0,0.0,0.0,11.0,14.0,16.0]]}"}]}],"conditions":[{"condition":"location_check","predicate":{"block":{"state":{"south":"low"}}}}]},{"type":"alternatives","children":[{"type":"item","name":"egg","functions":[{"function":"set_custom_data","tag":"{shape:[[4.0,0.0,4.0,12.0,16.0,12.0],[5.0,0.0,0.0,11.0,14.0,16.0],[5.0,14.0,12.0,11.0,16.0,16.0]]}"}],"conditions":[{"condition":"location_check","predicate":{"block":{"state":{"west":"none"}}}}]},{"type":"item","name":"egg","functions":[{"function":"set_custom_data","tag":"{shape:[[0.0,0.0,5.0,12.0,14.0,11.0],[4.0,0.0,4.0,12.0,16.0,12.0],[5.0,0.0,0.0,11.0,14.0,16.0],[5.0,14.0,12.0,11.0,16.0,16.0]]}"}],"conditions":[{"condition":"location_check","predicate":{"block":{"state":{"west":"low"}}}}]},{"type":"item","name":"egg","functions":[{"function":"set_custom_data","tag":"{shape:[[0.0,0.0,5.0,12.0,16.0,11.0],[4.0,0.0,4.0,12.0,16.0,12.0],[5.0,0.0,0.0,11.0,14.0,16.0],[5.0,14.0,12.0,11.0,16.0,16.0]]}"}]}]}],"conditions":[{"condition":"location_check","predicate":{"block":{"state":{"north":"low"}}}}]},{"type":"alternatives","children":[{"type":"alternatives","children":[{"type":"item","name":"egg","functions":[{"function":"set_custom_data","tag":"{shape:[[4.0,0.0,4.0,12.0,16.0,12.0],[5.0,0.0,0.0,11.0,16.0,12.0]]}"}],"conditions":[{"condition":"location_check","predicate":{"block":{"state":{"west":"none"}}}}]},{"type":"item","name":"egg","functions":[{"function":"set_custom_data","tag":"{shape:[[0.0,0.0,5.0,12.0,14.0,11.0],[4.0,0.0,4.0,12.0,16.0,12.0],[5.0,0.0,0.0,11.0,16.0,12.0]]}"}],"conditions":[{"condition":"location_check","predicate":{"block":{"state":{"west":"low"}}}}]},{"type":"item","name":"egg","functions":[{"function":"set_custom_data","tag":"{shape:[[0.0,0.0,5.0,12.0,16.0,11.0],[4.0,0.0,4.0,12.0,16.0,12.0],[5.0,0.0,0.0,11.0,16.0,12.0]]}"}]}],"conditions":[{"condition":"location_check","predicate":{"block":{"state":{"south":"none"}}}}]},{"type":"alternatives","children":[{"type":"item","name":"egg","functions":[{"function":"set_custom_data","tag":"{shape:[[4.0,0.0,4.0,12.0,16.0,12.0],[5.0,0.0,0.0,11.0,16.0,12.0],[5.0,0.0,12.0,11.0,14.0,16.0]]}"}],"conditions":[{"condition":"location_check","predicate":{"block":{"state":{"west":"none"}}}}]},{"type":"item","name":"egg","functions":[{"function":"set_custom_data","tag":"{shape:[[0.0,0.0,5.0,12.0,14.0,11.0],[4.0,0.0,4.0,12.0,16.0,12.0],[5.0,0.0,0.0,11.0,16.0,12.0],[5.0,0.0,12.0,11.0,14.0,16.0]]}"}],"conditions":[{"condition":"location_check","predicate":{"block":{"state":{"west":"low"}}}}]},{"type":"item","name":"egg","functions":[{"function":"set_custom_data","tag":"{shape:[[0.0,0.0,5.0,12.0,16.0,11.0],[4.0,0.0,4.0,12.0,16.0,12.0],[5.0,0.0,0.0,11.0,16.0,12.0],[5.0,0.0,12.0,11.0,14.0,16.0]]}"}]}],"conditions":[{"condition":"location_check","predicate":{"block":{"state":{"south":"low"}}}}]},{"type":"alternatives","children":[{"type":"item","name":"egg","functions":[{"function":"set_custom_data","tag":"{shape:[[4.0,0.0,4.0,12.0,16.0,12.0],[5.0,0.0,0.0,11.0,16.0,16.0]]}"}],"conditions":[{"condition":"location_check","predicate":{"block":{"state":{"west":"none"}}}}]},{"type":"item","name":"egg","functions":[{"function":"set_custom_data","tag":"{shape:[[0.0,0.0,5.0,12.0,14.0,11.0],[4.0,0.0,4.0,12.0,16.0,12.0],[5.0,0.0,0.0,11.0,16.0,16.0]]}"}],"conditions":[{"condition":"location_check","predicate":{"block":{"state":{"west":"low"}}}}]},{"type":"item","name":"egg","functions":[{"function":"set_custom_data","tag":"{shape:[[0.0,0.0,5.0,12.0,16.0,11.0],[4.0,0.0,4.0,12.0,16.0,12.0],[5.0,0.0,0.0,11.0,16.0,16.0]]}"}]}]}]}],"conditions":[{"condition":"location_check","predicate":{"block":{"state":{"east":"none"}}}}]},{"type":"alternatives","children":[{"type":"alternatives","children":[{"type":"alternatives","children":[{"type":"item","name":"egg","functions":[{"function":"set_custom_data","tag":"{shape:[[4.0,0.0,4.0,12.0,16.0,12.0],[12.0,0.0,5.0,16.0,14.0,11.0]]}"}],"conditions":[{"condition":"location_check","predicate":{"block":{"state":{"west":"none"}}}}]},{"type":"item","name":"egg","functions":[{"function":"set_custom_data","tag":"{shape:[[0.0,0.0,5.0,16.0,14.0,11.0],[4.0,0.0,4.0,12.0,16.0,12.0]]}"}],"conditions":[{"condition":"location_check","predicate":{"block":{"state":{"west":"low"}}}}]},{"type":"item","name":"egg","functions":[{"function":"set_custom_data","tag":"{shape:[[0.0,0.0,5.0,12.0,16.0,11.0],[4.0,0.0,4.0,12.0,16.0,12.0],[12.0,0.0,5.0,16.0,14.0,11.0]]}"}]}],"conditions":[{"condition":"location_check","predicate":{"block":{"state":{"south":"none"}}}}]},{"type":"alternatives","children":[{"type":"item","name":"egg","functions":[{"function":"set_custom_data","tag":"{shape:[[4.0,0.0,4.0,12.0,16.0,12.0],[5.0,0.0,12.0,11.0,14.0,16.0],[12.0,0.0,5.0,16.0,14.0,11.0]]}"}],"conditions":[{"condition":"location_check","predicate":{"block":{"state":{"west":"none"}}}}]},{"type":"item","name":"egg","functions":[{"function":"set_custom_data","tag":"{shape:[[0.0,0.0,5.0,16.0,14.0,11.0],[4.0,0.0,4.0,12.0,16.0,12.0],[5.0,0.0,12.0,11.0,14.0,16.0]]}"}],"conditions":[{"condition":"location_check","predicate":{"block":{"state":{"west":"low"}}}}]},{"type":"item","name":"egg","functions":[{"function":"set_custom_data","tag":"{shape:[[0.0,0.0,5.0,12.0,16.0,11.0],[4.0,0.0,4.0,12.0,16.0,12.0],[5.0,0.0,12.0,11.0,14.0,16.0],[12.0,0.0,5.0,16.0,14.0,11.0]]}"}]}],"conditions":[{"condition":"location_check","predicate":{"block":{"state":{"south":"low"}}}}]},{"type":"alternatives","children":[{"type":"item","name":"egg","functions":[{"function":"set_custom_data","tag":"{shape:[[4.0,0.0,4.0,12.0,16.0,12.0],[5.0,0.0,12.0,11.0,16.0,16.0],[12.0,0.0,5.0,16.0,14.0,11.0]]}"}],"conditions":[{"condition":"location_check","predicate":{"block":{"state":{"west":"none"}}}}]},{"type":"item","name":"egg","functions":[{"function":"set_custom_data","tag":"{shape:[[0.0,0.0,5.0,16.0,14.0,11.0],[4.0,0.0,4.0,12.0,16.0,12.0],[5.0,0.0,12.0,11.0,16.0,16.0]]}"}],"conditions":[{"condition":"location_check","predicate":{"block":{"state":{"west":"low"}}}}]},{"type":"item","name":"egg","functions":[{"function":"set_custom_data","tag":"{shape:[[0.0,0.0,5.0,12.0,16.0,11.0],[4.0,0.0,4.0,12.0,16.0,12.0],[5.0,0.0,12.0,11.0,16.0,16.0],[12.0,0.0,5.0,16.0,14.0,11.0]]}"}]}]}],"conditions":[{"condition":"location_check","predicate":{"block":{"state":{"north":"none"}}}}]},{"type":"alternatives","children":[{"type":"alternatives","children":[{"type":"item","name":"egg","functions":[{"function":"set_custom_data","tag":"{shape:[[4.0,0.0,4.0,12.0,16.0,12.0],[5.0,0.0,0.0,11.0,14.0,12.0],[12.0,0.0,5.0,16.0,14.0,11.0]]}"}],"conditions":[{"condition":"location_check","predicate":{"block":{"state":{"west":"none"}}}}]},{"type":"item","name":"egg","functions":[{"function":"set_custom_data","tag":"{shape:[[0.0,0.0,5.0,16.0,14.0,11.0],[4.0,0.0,4.0,12.0,16.0,12.0],[5.0,0.0,0.0,11.0,14.0,12.0]]}"}],"conditions":[{"condition":"location_check","predicate":{"block":{"state":{"west":"low"}}}}]},{"type":"item","name":"egg","functions":[{"function":"set_custom_data","tag":"{shape:[[0.0,0.0,5.0,12.0,16.0,11.0],[4.0,0.0,4.0,12.0,16.0,12.0],[5.0,0.0,0.0,11.0,14.0,12.0],[12.0,0.0,5.0,16.0,14.0,11.0]]}"}]}],"conditions":[{"condition":"location_check","predicate":{"block":{"state":{"south":"none"}}}}]},{"type":"alternatives","children":[{"type":"item","name":"egg","functions":[{"function":"set_custom_data","tag":"{shape:[[4.0,0.0,4.0,12.0,16.0,12.0],[5.0,0.0,0.0,11.0,14.0,16.0],[12.0,0.0,5.0,16.0,14.0,11.0]]}"}],"conditions":[{"condition":"location_check","predicate":{"block":{"state":{"west":"none"}}}}]},{"type":"item","name":"egg","functions":[{"function":"set_custom_data","tag":"{shape:[[0.0,0.0,5.0,16.0,14.0,11.0],[4.0,0.0,4.0,12.0,16.0,12.0],[5.0,0.0,0.0,11.0,14.0,16.0]]}"}],"conditions":[{"condition":"location_check","predicate":{"block":{"state":{"west":"low"}}}}]},{"type":"item","name":"egg","functions":[{"function":"set_custom_data","tag":"{shape:[[0.0,0.0,5.0,12.0,16.0,11.0],[4.0,0.0,4.0,12.0,16.0,12.0],[5.0,0.0,0.0,11.0,14.0,16.0],[12.0,0.0,5.0,16.0,14.0,11.0]]}"}]}],"conditions":[{"condition":"location_check","predicate":{"block":{"state":{"south":"low"}}}}]},{"type":"alternatives","children":[{"type":"item","name":"egg","functions":[{"function":"set_custom_data","tag":"{shape:[[4.0,0.0,4.0,12.0,16.0,12.0],[5.0,0.0,0.0,11.0,14.0,16.0],[5.0,14.0,12.0,11.0,16.0,16.0],[12.0,0.0,5.0,16.0,14.0,11.0]]}"}],"conditions":[{"condition":"location_check","predicate":{"block":{"state":{"west":"none"}}}}]},{"type":"item","name":"egg","functions":[{"function":"set_custom_data","tag":"{shape:[[0.0,0.0,5.0,16.0,14.0,11.0],[4.0,0.0,4.0,12.0,16.0,12.0],[5.0,0.0,0.0,11.0,14.0,16.0],[5.0,14.0,12.0,11.0,16.0,16.0]]}"}],"conditions":[{"condition":"location_check","predicate":{"block":{"state":{"west":"low"}}}}]},{"type":"item","name":"egg","functions":[{"function":"set_custom_data","tag":"{shape:[[0.0,0.0,5.0,12.0,16.0,11.0],[4.0,0.0,4.0,12.0,16.0,12.0],[5.0,0.0,0.0,11.0,14.0,16.0],[5.0,14.0,12.0,11.0,16.0,16.0],[12.0,0.0,5.0,16.0,14.0,11.0]]}"}]}]}],"conditions":[{"condition":"location_check","predicate":{"block":{"state":{"north":"low"}}}}]},{"type":"alternatives","children":[{"type":"alternatives","children":[{"type":"item","name":"egg","functions":[{"function":"set_custom_data","tag":"{shape:[[4.0,0.0,4.0,12.0,16.0,12.0],[5.0,0.0,0.0,11.0,16.0,12.0],[12.0,0.0,5.0,16.0,14.0,11.0]]}"}],"conditions":[{"condition":"location_check","predicate":{"block":{"state":{"west":"none"}}}}]},{"type":"item","name":"egg","functions":[{"function":"set_custom_data","tag":"{shape:[[0.0,0.0,5.0,16.0,14.0,11.0],[4.0,0.0,4.0,12.0,16.0,12.0],[5.0,0.0,0.0,11.0,16.0,12.0]]}"}],"conditions":[{"condition":"location_check","predicate":{"block":{"state":{"west":"low"}}}}]},{"type":"item","name":"egg","functions":[{"function":"set_custom_data","tag":"{shape:[[0.0,0.0,5.0,12.0,16.0,11.0],[4.0,0.0,4.0,12.0,16.0,12.0],[5.0,0.0,0.0,11.0,16.0,12.0],[12.0,0.0,5.0,16.0,14.0,11.0]]}"}]}],"conditions":[{"condition":"location_check","predicate":{"block":{"state":{"south":"none"}}}}]},{"type":"alternatives","children":[{"type":"item","name":"egg","functions":[{"function":"set_custom_data","tag":"{shape:[[4.0,0.0,4.0,12.0,16.0,12.0],[5.0,0.0,0.0,11.0,16.0,12.0],[5.0,0.0,12.0,11.0,14.0,16.0],[12.0,0.0,5.0,16.0,14.0,11.0]]}"}],"conditions":[{"condition":"location_check","predicate":{"block":{"state":{"west":"none"}}}}]},{"type":"item","name":"egg","functions":[{"function":"set_custom_data","tag":"{shape:[[0.0,0.0,5.0,16.0,14.0,11.0],[4.0,0.0,4.0,12.0,16.0,12.0],[5.0,0.0,0.0,11.0,16.0,12.0],[5.0,0.0,12.0,11.0,14.0,16.0]]}"}],"conditions":[{"condition":"location_check","predicate":{"block":{"state":{"west":"low"}}}}]},{"type":"item","name":"egg","functions":[{"function":"set_custom_data","tag":"{shape:[[0.0,0.0,5.0,12.0,16.0,11.0],[4.0,0.0,4.0,12.0,16.0,12.0],[5.0,0.0,0.0,11.0,16.0,12.0],[5.0,0.0,12.0,11.0,14.0,16.0],[12.0,0.0,5.0,16.0,14.0,11.0]]}"}]}],"conditions":[{"condition":"location_check","predicate":{"block":{"state":{"south":"low"}}}}]},{"type":"alternatives","children":[{"type":"item","name":"egg","functions":[{"function":"set_custom_data","tag":"{shape:[[4.0,0.0,4.0,12.0,16.0,12.0],[5.0,0.0,0.0,11.0,16.0,16.0],[12.0,0.0,5.0,16.0,14.0,11.0]]}"}],"conditions":[{"condition":"location_check","predicate":{"block":{"state":{"west":"none"}}}}]},{"type":"item","name":"egg","functions":[{"function":"set_custom_data","tag":"{shape:[[0.0,0.0,5.0,16.0,14.0,11.0],[4.0,0.0,4.0,12.0,16.0,12.0],[5.0,0.0,0.0,11.0,16.0,16.0]]}"}],"conditions":[{"condition":"location_check","predicate":{"block":{"state":{"west":"low"}}}}]},{"type":"item","name":"egg","functions":[{"function":"set_custom_data","tag":"{shape:[[0.0,0.0,5.0,12.0,16.0,11.0],[4.0,0.0,4.0,12.0,16.0,12.0],[5.0,0.0,0.0,11.0,16.0,16.0],[12.0,0.0,5.0,16.0,14.0,11.0]]}"}]}]}]}],"conditions":[{"condition":"location_check","predicate":{"block":{"state":{"east":"low"}}}}]},{"type":"alternatives","children":[{"type":"alternatives","children":[{"type":"alternatives","children":[{"type":"item","name":"egg","functions":[{"function":"set_custom_data","tag":"{shape:[[4.0,0.0,4.0,12.0,16.0,12.0],[12.0,0.0,5.0,16.0,16.0,11.0]]}"}],"conditions":[{"condition":"location_check","predicate":{"block":{"state":{"west":"none"}}}}]},{"type":"item","name":"egg","functions":[{"function":"set_custom_data","tag":"{shape:[[0.0,0.0,5.0,16.0,14.0,11.0],[4.0,0.0,4.0,12.0,16.0,12.0],[12.0,14.0,5.0,16.0,16.0,11.0]]}"}],"conditions":[{"condition":"location_check","predicate":{"block":{"state":{"west":"low"}}}}]},{"type":"item","name":"egg","functions":[{"function":"set_custom_data","tag":"{shape:[[0.0,0.0,5.0,16.0,16.0,11.0],[4.0,0.0,4.0,12.0,16.0,12.0]]}"}]}],"conditions":[{"condition":"location_check","predicate":{"block":{"state":{"south":"none"}}}}]},{"type":"alternatives","children":[{"type":"item","name":"egg","functions":[{"function":"set_custom_data","tag":"{shape:[[4.0,0.0,4.0,12.0,16.0,12.0],[5.0,0.0,12.0,11.0,14.0,16.0],[12.0,0.0,5.0,16.0,16.0,11.0]]}"}],"conditions":[{"condition":"location_check","predicate":{"block":{"state":{"west":"none"}}}}]},{"type":"item","name":"egg","functions":[{"function":"set_custom_data","tag":"{shape:[[0.0,0.0,5.0,16.0,14.0,11.0],[4.0,0.0,4.0,12.0,16.0,12.0],[5.0,0.0,12.0,11.0,14.0,16.0],[12.0,14.0,5.0,16.0,16.0,11.0]]}"}],"conditions":[{"condition":"location_check","predicate":{"block":{"state":{"west":"low"}}}}]},{"type":"item","name":"egg","functions":[{"function":"set_custom_data","tag":"{shape:[[0.0,0.0,5.0,16.0,16.0,11.0],[4.0,0.0,4.0,12.0,16.0,12.0],[5.0,0.0,12.0,11.0,14.0,16.0]]}"}]}],"conditions":[{"condition":"location_check","predicate":{"block":{"state":{"south":"low"}}}}]},{"type":"alternatives","children":[{"type":"item","name":"egg","functions":[{"function":"set_custom_data","tag":"{shape:[[4.0,0.0,4.0,12.0,16.0,12.0],[5.0,0.0,12.0,11.0,16.0,16.0],[12.0,0.0,5.0,16.0,16.0,11.0]]}"}],"conditions":[{"condition":"location_check","predicate":{"block":{"state":{"west":"none"}}}}]},{"type":"item","name":"egg","functions":[{"function":"set_custom_data","tag":"{shape:[[0.0,0.0,5.0,16.0,14.0,11.0],[4.0,0.0,4.0,12.0,16.0,12.0],[5.0,0.0,12.0,11.0,16.0,16.0],[12.0,14.0,5.0,16.0,16.0,11.0]]}"}],"conditions":[{"condition":"location_check","predicate":{"block":{"state":{"west":"low"}}}}]},{"type":"item","name":"egg","functions":[{"function":"set_custom_data","tag":"{shape:[[0.0,0.0,5.0,16.0,16.0,11.0],[4.0,0.0,4.0,12.0,16.0,12.0],[5.0,0.0,12.0,11.0,16.0,16.0]]}"}]}]}],"conditions":[{"condition":"location_check","predicate":{"block":{"state":{"north":"none"}}}}]},{"type":"alternatives","children":[{"type":"alternatives","children":[{"type":"item","name":"egg","functions":[{"function":"set_custom_data","tag":"{shape:[[4.0,0.0,4.0,12.0,16.0,12.0],[5.0,0.0,0.0,11.0,14.0,12.0],[12.0,0.0,5.0,16.0,16.0,11.0]]}"}],"conditions":[{"condition":"location_check","predicate":{"block":{"state":{"west":"none"}}}}]},{"type":"item","name":"egg","functions":[{"function":"set_custom_data","tag":"{shape:[[0.0,0.0,5.0,16.0,14.0,11.0],[4.0,0.0,4.0,12.0,16.0,12.0],[5.0,0.0,0.0,11.0,14.0,12.0],[12.0,14.0,5.0,16.0,16.0,11.0]]}"}],"conditions":[{"condition":"location_check","predicate":{"block":{"state":{"west":"low"}}}}]},{"type":"item","name":"egg","functions":[{"function":"set_custom_data","tag":"{shape:[[0.0,0.0,5.0,16.0,16.0,11.0],[4.0,0.0,4.0,12.0,16.0,12.0],[5.0,0.0,0.0,11.0,14.0,12.0]]}"}]}],"conditions":[{"condition":"location_check","predicate":{"block":{"state":{"south":"none"}}}}]},{"type":"alternatives","children":[{"type":"item","name":"egg","functions":[{"function":"set_custom_data","tag":"{shape:[[4.0,0.0,4.0,12.0,16.0,12.0],[5.0,0.0,0.0,11.0,14.0,16.0],[12.0,0.0,5.0,16.0,16.0,11.0]]}"}],"conditions":[{"condition":"location_check","predicate":{"block":{"state":{"west":"none"}}}}]},{"type":"item","name":"egg","functions":[{"function":"set_custom_data","tag":"{shape:[[0.0,0.0,5.0,16.0,14.0,11.0],[4.0,0.0,4.0,12.0,16.0,12.0],[5.0,0.0,0.0,11.0,14.0,16.0],[12.0,14.0,5.0,16.0,16.0,11.0]]}"}],"conditions":[{"condition":"location_check","predicate":{"block":{"state":{"west":"low"}}}}]},{"type":"item","name":"egg","functions":[{"function":"set_custom_data","tag":"{shape:[[0.0,0.0,5.0,16.0,16.0,11.0],[4.0,0.0,4.0,12.0,16.0,12.0],[5.0,0.0,0.0,11.0,14.0,16.0]]}"}]}],"conditions":[{"condition":"location_check","predicate":{"block":{"state":{"south":"low"}}}}]},{"type":"alternatives","children":[{"type":"item","name":"egg","functions":[{"function":"set_custom_data","tag":"{shape:[[4.0,0.0,4.0,12.0,16.0,12.0],[5.0,0.0,0.0,11.0,14.0,16.0],[5.0,14.0,12.0,11.0,16.0,16.0],[12.0,0.0,5.0,16.0,16.0,11.0]]}"}],"conditions":[{"condition":"location_check","predicate":{"block":{"state":{"west":"none"}}}}]},{"type":"item","name":"egg","functions":[{"function":"set_custom_data","tag":"{shape:[[0.0,0.0,5.0,16.0,14.0,11.0],[4.0,0.0,4.0,12.0,16.0,12.0],[5.0,0.0,0.0,11.0,14.0,16.0],[5.0,14.0,12.0,11.0,16.0,16.0],[12.0,14.0,5.0,16.0,16.0,11.0]]}"}],"conditions":[{"condition":"location_check","predicate":{"block":{"state":{"west":"low"}}}}]},{"type":"item","name":"egg","functions":[{"function":"set_custom_data","tag":"{shape:[[0.0,0.0,5.0,16.0,16.0,11.0],[4.0,0.0,4.0,12.0,16.0,12.0],[5.0,0.0,0.0,11.0,14.0,16.0],[5.0,14.0,12.0,11.0,16.0,16.0]]}"}]}]}],"conditions":[{"condition":"location_check","predicate":{"block":{"state":{"north":"low"}}}}]},{"type":"alternatives","children":[{"type":"alternatives","children":[{"type":"item","name":"egg","functions":[{"function":"set_custom_data","tag":"{shape:[[4.0,0.0,4.0,12.0,16.0,12.0],[5.0,0.0,0.0,11.0,16.0,12.0],[12.0,0.0,5.0,16.0,16.0,11.0]]}"}],"conditions":[{"condition":"location_check","predicate":{"block":{"state":{"west":"none"}}}}]},{"type":"item","name":"egg","functions":[{"function":"set_custom_data","tag":"{shape:[[0.0,0.0,5.0,16.0,14.0,11.0],[4.0,0.0,4.0,12.0,16.0,12.0],[5.0,0.0,0.0,11.0,16.0,12.0],[12.0,14.0,5.0,16.0,16.0,11.0]]}"}],"conditions":[{"condition":"location_check","predicate":{"block":{"state":{"west":"low"}}}}]},{"type":"item","name":"egg","functions":[{"function":"set_custom_data","tag":"{shape:[[0.0,0.0,5.0,16.0,16.0,11.0],[4.0,0.0,4.0,12.0,16.0,12.0],[5.0,0.0,0.0,11.0,16.0,12.0]]}"}]}],"conditions":[{"condition":"location_check","predicate":{"block":{"state":{"south":"none"}}}}]},{"type":"alternatives","children":[{"type":"item","name":"egg","functions":[{"function":"set_custom_data","tag":"{shape:[[4.0,0.0,4.0,12.0,16.0,12.0],[5.0,0.0,0.0,11.0,16.0,12.0],[5.0,0.0,12.0,11.0,14.0,16.0],[12.0,0.0,5.0,16.0,16.0,11.0]]}"}],"conditions":[{"condition":"location_check","predicate":{"block":{"state":{"west":"none"}}}}]},{"type":"item","name":"egg","functions":[{"function":"set_custom_data","tag":"{shape:[[0.0,0.0,5.0,16.0,14.0,11.0],[4.0,0.0,4.0,12.0,16.0,12.0],[5.0,0.0,0.0,11.0,16.0,12.0],[5.0,0.0,12.0,11.0,14.0,16.0],[12.0,14.0,5.0,16.0,16.0,11.0]]}"}],"conditions":[{"condition":"location_check","predicate":{"block":{"state":{"west":"low"}}}}]},{"type":"item","name":"egg","functions":[{"function":"set_custom_data","tag":"{shape:[[0.0,0.0,5.0,16.0,16.0,11.0],[4.0,0.0,4.0,12.0,16.0,12.0],[5.0,0.0,0.0,11.0,16.0,12.0],[5.0,0.0,12.0,11.0,14.0,16.0]]}"}]}],"conditions":[{"condition":"location_check","predicate":{"block":{"state":{"south":"low"}}}}]},{"type":"alternatives","children":[{"type":"item","name":"egg","functions":[{"function":"set_custom_data","tag":"{shape:[[4.0,0.0,4.0,12.0,16.0,12.0],[5.0,0.0,0.0,11.0,16.0,16.0],[12.0,0.0,5.0,16.0,16.0,11.0]]}"}],"conditions":[{"condition":"location_check","predicate":{"block":{"state":{"west":"none"}}}}]},{"type":"item","name":"egg","functions":[{"function":"set_custom_data","tag":"{shape:[[0.0,0.0,5.0,16.0,14.0,11.0],[4.0,0.0,4.0,12.0,16.0,12.0],[5.0,0.0,0.0,11.0,16.0,16.0],[12.0,14.0,5.0,16.0,16.0,11.0]]}"}],"conditions":[{"condition":"location_check","predicate":{"block":{"state":{"west":"low"}}}}]},{"type":"item","name":"egg","functions":[{"function":"set_custom_data","tag":"{shape:[[0.0,0.0,5.0,16.0,16.0,11.0],[4.0,0.0,4.0,12.0,16.0,12.0],[5.0,0.0,0.0,11.0,16.0,16.0]]}"}]}]}]}]}],"conditions":[{"condition":"location_check","predicate":{"block":{"state":{"up":"true"}}}}]},{"type":"alternatives","children":[{"type":"alternatives","children":[{"type":"alternatives","children":[{"type":"alternatives","children":[{"type":"item","name":"egg","functions":[{"function":"set_custom_data","tag":"{shape:[]}"}],"conditions":[{"condition":"location_check","predicate":{"block":{"state":{"west":"none"}}}}]},{"type":"item","name":"egg","functions":[{"function":"set_custom_data","tag":"{shape:[[0.0,0.0,5.0,11.0,14.0,11.0]]}"}],"conditions":[{"condition":"location_check","predicate":{"block":{"state":{"west":"low"}}}}]},{"type":"item","name":"egg","functions":[{"function":"set_custom_data","tag":"{shape:[[0.0,0.0,5.0,11.0,16.0,11.0]]}"}]}],"conditions":[{"condition":"location_check","predicate":{"block":{"state":{"south":"none"}}}}]},{"type":"alternatives","children":[{"type":"item","name":"egg","functions":[{"function":"set_custom_data","tag":"{shape:[[5.0,0.0,5.0,11.0,14.0,16.0]]}"}],"conditions":[{"condition":"location_check","predicate":{"block":{"state":{"west":"none"}}}}]},{"type":"item","name":"egg","functions":[{"function":"set_custom_data","tag":"{shape:[[0.0,0.0,5.0,11.0,14.0,11.0],[5.0,0.0,11.0,11.0,14.0,16.0]]}"}],"conditions":[{"condition":"location_check","predicate":{"block":{"state":{"west":"low"}}}}]},{"type":"item","name":"egg","functions":[{"function":"set_custom_data","tag":"{shape:[[0.0,0.0,5.0,11.0,16.0,11.0],[5.0,0.0,11.0,11.0,14.0,16.0]]}"}]}],"conditions":[{"condition":"location_check","predicate":{"block":{"state":{"south":"low"}}}}]},{"type":"alternatives","children":[{"type":"item","name":"egg","functions":[{"function":"set_custom_data","tag":"{shape:[[5.0,0.0,5.0,11.0,16.0,16.0]]}"}],"conditions":[{"condition":"location_check","predicate":{"block":{"state":{"west":"none"}}}}]},{"type":"item","name":"egg","functions":[{"function":"set_custom_data","tag":"{shape:[[0.0,0.0,5.0,11.0,14.0,11.0],[5.0,0.0,11.0,11.0,16.0,16.0],[5.0,14.0,5.0,11.0,16.0,16.0]]}"}],"conditions":[{"condition":"location_check","predicate":{"block":{"state":{"west":"low"}}}}]},{"type":"item","name":"egg","functions":[{"function":"set_custom_data","tag":"{shape:[[0.0,0.0,5.0,11.0,16.0,11.0],[5.0,0.0,11.0,11.0,16.0,16.0]]}"}]}]}],"conditions":[{"condition":"location_check","predicate":{"block":{"state":{"north":"none"}}}}]},{"type":"alternatives","children":[{"type":"alternatives","children":[{"type":"item","name":"egg","functions":[{"function":"set_custom_data","tag":"{shape:[[5.0,0.0,0.0,11.0,14.0,11.0]]}"}],"conditions":[{"condition":"location_check","predicate":{"block":{"state":{"west":"none"}}}}]},{"type":"item","name":"egg","functions":[{"function":"set_custom_data","tag":"{shape:[[0.0,0.0,5.0,11.0,14.0,11.0],[5.0,0.0,0.0,11.0,14.0,11.0]]}"}],"conditions":[{"condition":"location_check","predicate":{"block":{"state":{"west":"low"}}}}]},{"type":"item","name":"egg","functions":[{"function":"set_custom_data","tag":"{shape:[[0.0,0.0,5.0,11.0,16.0,11.0],[5.0,0.0,0.0,11.0,14.0,11.0]]}"}]}],"conditions":[{"condition":"location_check","predicate":{"block":{"state":{"south":"none"}}}}]},{"type":"alternatives","children":[{"type":"item","name":"egg","functions":[{"function":"set_custom_data","tag":"{shape:[[5.0,0.0,0.0,11.0,14.0,16.0]]}"}],"conditions":[{"condition":"location_check","predicate":{"block":{"state":{"west":"none"}}}}]},{"type":"item","name":"egg","functions":[{"function":"set_custom_data","tag":"{shape:[[0.0,0.0,5.0,11.0,14.0,11.0],[5.0,0.0,0.0,11.0,14.0,16.0]]}"}],"conditions":[{"condition":"location_check","predicate":{"block":{"state":{"west":"low"}}}}]},{"type":"item","name":"egg","functions":[{"function":"set_custom_data","tag":"{shape:[[0.0,0.0,5.0,11.0,16.0,11.0],[5.0,0.0,0.0,11.0,14.0,16.0]]}"}]}],"conditions":[{"condition":"location_check","predicate":{"block":{"state":{"south":"low"}}}}]},{"type":"alternatives","children":[{"type":"item","name":"egg","functions":[{"function":"set_custom_data","tag":"{shape:[[5.0,0.0,0.0,11.0,14.0,16.0],[5.0,14.0,5.0,11.0,16.0,16.0]]}"}],"conditions":[{"condition":"location_check","predicate":{"block":{"state":{"west":"none"}}}}]},{"type":"item","name":"egg","functions":[{"function":"set_custom_data","tag":"{shape:[[0.0,0.0,5.0,11.0,14.0,11.0],[5.0,0.0,0.0,11.0,14.0,16.0],[5.0,14.0,5.0,11.0,16.0,16.0]]}"}],"conditions":[{"condition":"location_check","predicate":{"block":{"state":{"west":"low"}}}}]},{"type":"item","name":"egg","functions":[{"function":"set_custom_data","tag":"{shape:[[0.0,0.0,5.0,11.0,16.0,11.0],[5.0,0.0,0.0,11.0,14.0,16.0],[5.0,14.0,11.0,11.0,16.0,16.0]]}"}]}]}],"conditions":[{"condition":"location_check","predicate":{"block":{"state":{"north":"low"}}}}]},{"type":"alternatives","children":[{"type":"alternatives","children":[{"type":"item","name":"egg","functions":[{"function":"set_custom_data","tag":"{shape:[[5.0,0.0,0.0,11.0,16.0,11.0]]}"}],"conditions":[{"condition":"location_check","predicate":{"block":{"state":{"west":"none"}}}}]},{"type":"item","name":"egg","functions":[{"function":"set_custom_data","tag":"{shape:[[0.0,0.0,5.0,11.0,14.0,11.0],[5.0,0.0,0.0,11.0,16.0,11.0]]}"}],"conditions":[{"condition":"location_check","predicate":{"block":{"state":{"west":"low"}}}}]},{"type":"item","name":"egg","functions":[{"function":"set_custom_data","tag":"{shape:[[0.0,0.0,5.0,11.0,16.0,11.0],[5.0,0.0,0.0,11.0,16.0,11.0]]}"}]}],"conditions":[{"condition":"location_check","predicate":{"block":{"state":{"south":"none"}}}}]},{"type":"alternatives","children":[{"type":"item","name":"egg","functions":[{"function":"set_custom_data","tag":"{shape:[[5.0,0.0,0.0,11.0,16.0,11.0],[5.0,0.0,11.0,11.0,14.0,16.0]]}"}],"conditions":[{"condition":"location_check","predicate":{"block":{"state":{"west":"none"}}}}]},{"type":"item","name":"egg","functions":[{"function":"set_custom_data","tag":"{shape:[[0.0,0.0,5.0,11.0,14.0,11.0],[5.0,0.0,0.0,11.0,16.0,11.0],[5.0,0.0,11.0,11.0,14.0,16.0]]}"}],"conditions":[{"condition":"location_check","predicate":{"block":{"state":{"west":"low"}}}}]},{"type":"item","name":"egg","functions":[{"function":"set_custom_data","tag":"{shape:[[0.0,0.0,5.0,11.0,16.0,11.0],[5.0,0.0,0.0,11.0,16.0,11.0],[5.0,0.0,11.0,11.0,14.0,16.0]]}"}]}],"conditions":[{"condition":"location_check","predicate":{"block":{"state":{"south":"low"}}}}]},{"type":"alternatives","children":[{"type":"item","name":"egg","functions":[{"function":"set_custom_data","tag":"{shape:[[5.0,0.0,0.0,11.0,16.0,16.0]]}"}],"conditions":[{"condition":"location_check","predicate":{"block":{"state":{"west":"none"}}}}]},{"type":"item","name":"egg","functions":[{"function":"set_custom_data","tag":"{shape:[[0.0,0.0,5.0,11.0,14.0,11.0],[5.0,0.0,0.0,11.0,16.0,16.0]]}"}],"conditions":[{"condition":"location_check","predicate":{"block":{"state":{"west":"low"}}}}]},{"type":"item","name":"egg","functions":[{"function":"set_custom_data","tag":"{shape:[[0.0,0.0,5.0,11.0,16.0,11.0],[5.0,0.0,0.0,11.0,16.0,16.0]]}"}]}]}]}],"conditions":[{"condition":"location_check","predicate":{"block":{"state":{"east":"none"}}}}]},{"type":"alternatives","children":[{"type":"alternatives","children":[{"type":"alternatives","children":[{"type":"item","name":"egg","functions":[{"function":"set_custom_data","tag":"{shape:[[5.0,0.0,5.0,16.0,14.0,11.0]]}"}],"conditions":[{"condition":"location_check","predicate":{"block":{"state":{"west":"none"}}}}]},{"type":"item","name":"egg","functions":[{"function":"set_custom_data","tag":"{shape:[[0.0,0.0,5.0,16.0,14.0,11.0]]}"}],"conditions":[{"condition":"location_check","predicate":{"block":{"state":{"west":"low"}}}}]},{"type":"item","name":"egg","functions":[{"function":"set_custom_data","tag":"{shape:[[0.0,0.0,5.0,11.0,16.0,11.0],[11.0,0.0,5.0,16.0,14.0,11.0]]}"}]}],"conditions":[{"condition":"location_check","predicate":{"block":{"state":{"south":"none"}}}}]},{"type":"alternatives","children":[{"type":"item","name":"egg","functions":[{"function":"set_custom_data","tag":"{shape:[[5.0,0.0,5.0,16.0,14.0,11.0],[5.0,0.0,11.0,11.0,14.0,16.0]]}"}],"conditions":[{"condition":"location_check","predicate":{"block":{"state":{"west":"none"}}}}]},{"type":"item","name":"egg","functions":[{"function":"set_custom_data","tag":"{shape:[[0.0,0.0,5.0,16.0,14.0,11.0],[5.0,0.0,11.0,11.0,14.0,16.0]]}"}],"conditions":[{"condition":"location_check","predicate":{"block":{"state":{"west":"low"}}}}]},{"type":"item","name":"egg","functions":[{"function":"set_custom_data","tag":"{shape:[[0.0,0.0,5.0,11.0,16.0,11.0],[5.0,0.0,11.0,11.0,14.0,16.0],[11.0,0.0,5.0,16.0,14.0,11.0]]}"}]}],"conditions":[{"condition":"location_check","predicate":{"block":{"state":{"south":"low"}}}}]},{"type":"alternatives","children":[{"type":"item","name":"egg","functions":[{"function":"set_custom_data","tag":"{shape:[[5.0,0.0,5.0,11.0,16.0,16.0],[11.0,0.0,5.0,16.0,14.0,11.0]]}"}],"conditions":[{"condition":"location_check","predicate":{"block":{"state":{"west":"none"}}}}]},{"type":"item","name":"egg","functions":[{"function":"set_custom_data","tag":"{shape:[[0.0,0.0,5.0,16.0,14.0,11.0],[5.0,0.0,11.0,11.0,16.0,16.0],[5.0,14.0,5.0,11.0,16.0,16.0]]}"}],"conditions":[{"condition":"location_check","predicate":{"block":{"state":{"west":"low"}}}}]},{"type":"item","name":"egg","functions":[{"function":"set_custom_data","tag":"{shape:[[0.0,0.0,5.0,11.0,16.0,11.0],[5.0,0.0,11.0,11.0,16.0,16.0],[11.0,0.0,5.0,16.0,14.0,11.0]]}"}]}]}],"conditions":[{"condition":"location_check","predicate":{"block":{"state":{"north":"none"}}}}]},{"type":"alternatives","children":[{"type":"alternatives","children":[{"type":"item","name":"egg","functions":[{"function":"set_custom_data","tag":"{shape:[[5.0,0.0,0.0,11.0,14.0,11.0],[11.0,0.0,5.0,16.0,14.0,11.0]]}"}],"conditions":[{"condition":"location_check","predicate":{"block":{"state":{"west":"none"}}}}]},{"type":"item","name":"egg","functions":[{"function":"set_custom_data","tag":"{shape:[[0.0,0.0,5.0,16.0,14.0,11.0],[5.0,0.0,0.0,11.0,14.0,11.0]]}"}],"conditions":[{"condition":"location_check","predicate":{"block":{"state":{"west":"low"}}}}]},{"type":"item","name":"egg","functions":[{"function":"set_custom_data","tag":"{shape:[[0.0,0.0,5.0,11.0,16.0,11.0],[5.0,0.0,0.0,11.0,14.0,11.0],[11.0,0.0,5.0,16.0,14.0,11.0]]}"}]}],"conditions":[{"condition":"location_check","predicate":{"block":{"state":{"south":"none"}}}}]},{"type":"alternatives","children":[{"type":"item","name":"egg","functions":[{"function":"set_custom_data","tag":"{shape:[[5.0,0.0,0.0,11.0,14.0,16.0],[11.0,0.0,5.0,16.0,14.0,11.0]]}"}],"conditions":[{"condition":"location_check","predicate":{"block":{"state":{"west":"none"}}}}]},{"type":"item","name":"egg","functions":[{"function":"set_custom_data","tag":"{shape:[[0.0,0.0,5.0,16.0,14.0,11.0],[5.0,0.0,0.0,11.0,14.0,16.0]]}"}],"conditions":[{"condition":"location_check","predicate":{"block":{"state":{"west":"low"}}}}]},{"type":"item","name":"egg","functions":[{"function":"set_custom_data","tag":"{shape:[[0.0,0.0,5.0,11.0,16.0,11.0],[5.0,0.0,0.0,11.0,14.0,16.0],[11.0,0.0,5.0,16.0,14.0,11.0]]}"}]}],"conditions":[{"condition":"location_check","predicate":{"block":{"state":{"south":"low"}}}}]},{"type":"alternatives","children":[{"type":"item","name":"egg","functions":[{"function":"set_custom_data","tag":"{shape:[[5.0,0.0,0.0,11.0,14.0,16.0],[5.0,14.0,5.0,11.0,16.0,16.0],[11.0,0.0,5.0,16.0,14.0,11.0]]}"}],"conditions":[{"condition":"location_check","predicate":{"block":{"state":{"west":"none"}}}}]},{"type":"item","name":"egg","functions":[{"function":"set_custom_data","tag":"{shape:[[0.0,0.0,5.0,16.0,14.0,11.0],[5.0,0.0,0.0,11.0,14.0,16.0],[5.0,14.0,5.0,11.0,16.0,16.0]]}"}],"conditions":[{"condition":"location_check","predicate":{"block":{"state":{"west":"low"}}}}]},{"type":"item","name":"egg","functions":[{"function":"set_custom_data","tag":"{shape:[[0.0,0.0,5.0,11.0,16.0,11.0],[5.0,0.0,0.0,11.0,14.0,16.0],[5.0,14.0,11.0,11.0,16.0,16.0],[11.0,0.0,5.0,16.0,14.0,11.0]]}"}]}]}],"conditions":[{"condition":"location_check","predicate":{"block":{"state":{"north":"low"}}}}]},{"type":"alternatives","children":[{"type":"alternatives","children":[{"type":"item","name":"egg","functions":[{"function":"set_custom_data","tag":"{shape:[[5.0,0.0,0.0,11.0,16.0,11.0],[11.0,0.0,5.0,16.0,14.0,11.0]]}"}],"conditions":[{"condition":"location_check","predicate":{"block":{"state":{"west":"none"}}}}]},{"type":"item","name":"egg","functions":[{"function":"set_custom_data","tag":"{shape:[[0.0,0.0,5.0,16.0,14.0,11.0],[5.0,0.0,0.0,11.0,16.0,11.0]]}"}],"conditions":[{"condition":"location_check","predicate":{"block":{"state":{"west":"low"}}}}]},{"type":"item","name":"egg","functions":[{"function":"set_custom_data","tag":"{shape:[[0.0,0.0,5.0,11.0,16.0,11.0],[5.0,0.0,0.0,11.0,16.0,11.0],[11.0,0.0,5.0,16.0,14.0,11.0]]}"}]}],"conditions":[{"condition":"location_check","predicate":{"block":{"state":{"south":"none"}}}}]},{"type":"alternatives","children":[{"type":"item","name":"egg","functions":[{"function":"set_custom_data","tag":"{shape:[[5.0,0.0,0.0,11.0,16.0,11.0],[5.0,0.0,11.0,11.0,14.0,16.0],[11.0,0.0,5.0,16.0,14.0,11.0]]}"}],"conditions":[{"condition":"location_check","predicate":{"block":{"state":{"west":"none"}}}}]},{"type":"item","name":"egg","functions":[{"function":"set_custom_data","tag":"{shape:[[0.0,0.0,5.0,16.0,14.0,11.0],[5.0,0.0,0.0,11.0,16.0,11.0],[5.0,0.0,11.0,11.0,14.0,16.0]]}"}],"conditions":[{"condition":"location_check","predicate":{"block":{"state":{"west":"low"}}}}]},{"type":"item","name":"egg","functions":[{"function":"set_custom_data","tag":"{shape:[[0.0,0.0,5.0,11.0,16.0,11.0],[5.0,0.0,0.0,11.0,16.0,11.0],[5.0,0.0,11.0,11.0,14.0,16.0],[11.0,0.0,5.0,16.0,14.0,11.0]]}"}]}],"conditions":[{"condition":"location_check","predicate":{"block":{"state":{"south":"low"}}}}]},{"type":"alternatives","children":[{"type":"item","name":"egg","functions":[{"function":"set_custom_data","tag":"{shape:[[5.0,0.0,0.0,11.0,16.0,16.0],[11.0,0.0,5.0,16.0,14.0,11.0]]}"}],"conditions":[{"condition":"location_check","predicate":{"block":{"state":{"west":"none"}}}}]},{"type":"item","name":"egg","functions":[{"function":"set_custom_data","tag":"{shape:[[0.0,0.0,5.0,16.0,14.0,11.0],[5.0,0.0,0.0,11.0,16.0,16.0]]}"}],"conditions":[{"condition":"location_check","predicate":{"block":{"state":{"west":"low"}}}}]},{"type":"item","name":"egg","functions":[{"function":"set_custom_data","tag":"{shape:[[0.0,0.0,5.0,11.0,16.0,11.0],[5.0,0.0,0.0,11.0,16.0,16.0],[11.0,0.0,5.0,16.0,14.0,11.0]]}"}]}]}]}],"conditions":[{"condition":"location_check","predicate":{"block":{"state":{"east":"low"}}}}]},{"type":"alternatives","children":[{"type":"alternatives","children":[{"type":"alternatives","children":[{"type":"item","name":"egg","functions":[{"function":"set_custom_data","tag":"{shape:[[5.0,0.0,5.0,16.0,16.0,11.0]]}"}],"conditions":[{"condition":"location_check","predicate":{"block":{"state":{"west":"none"}}}}]},{"type":"item","name":"egg","functions":[{"function":"set_custom_data","tag":"{shape:[[0.0,0.0,5.0,16.0,14.0,11.0],[5.0,14.0,5.0,16.0,16.0,11.0]]}"}],"conditions":[{"condition":"location_check","predicate":{"block":{"state":{"west":"low"}}}}]},{"type":"item","name":"egg","functions":[{"function":"set_custom_data","tag":"{shape:[[0.0,0.0,5.0,16.0,16.0,11.0]]}"}]}],"conditions":[{"condition":"location_check","predicate":{"block":{"state":{"south":"none"}}}}]},{"type":"alternatives","children":[{"type":"item","name":"egg","functions":[{"function":"set_custom_data","tag":"{shape:[[5.0,0.0,5.0,16.0,16.0,11.0],[5.0,0.0,11.0,11.0,14.0,16.0]]}"}],"conditions":[{"condition":"location_check","predicate":{"block":{"state":{"west":"none"}}}}]},{"type":"item","name":"egg","functions":[{"function":"set_custom_data","tag":"{shape:[[0.0,0.0,5.0,16.0,14.0,11.0],[5.0,0.0,11.0,11.0,14.0,16.0],[5.0,14.0,5.0,16.0,16.0,11.0]]}"}],"conditions":[{"condition":"location_check","predicate":{"block":{"state":{"west":"low"}}}}]},{"type":"item","name":"egg","functions":[{"function":"set_custom_data","tag":"{shape:[[0.0,0.0,5.0,16.0,16.0,11.0],[5.0,0.0,11.0,11.0,14.0,16.0]]}"}]}],"conditions":[{"condition":"location_check","predicate":{"block":{"state":{"south":"low"}}}}]},{"type":"alternatives","children":[{"type":"item","name":"egg","functions":[{"function":"set_custom_data","tag":"{shape:[[5.0,0.0,5.0,16.0,16.0,11.0],[5.0,0.0,11.0,11.0,16.0,16.0]]}"}],"conditions":[{"condition":"location_check","predicate":{"block":{"state":{"west":"none"}}}}]},{"type":"item","name":"egg","functions":[{"function":"set_custom_data","tag":"{shape:[[0.0,0.0,5.0,16.0,14.0,11.0],[5.0,0.0,11.0,11.0,16.0,16.0],[5.0,14.0,5.0,16.0,16.0,11.0]]}"}],"conditions":[{"condition":"location_check","predicate":{"block":{"state":{"west":"low"}}}}]},{"type":"item","name":"egg","functions":[{"function":"set_custom_data","tag":"{shape:[[0.0,0.0,5.0,16.0,16.0,11.0],[5.0,0.0,11.0,11.0,16.0,16.0]]}"}]}]}],"conditions":[{"condition":"location_check","predicate":{"block":{"state":{"north":"none"}}}}]},{"type":"alternatives","children":[{"type":"alternatives","children":[{"type":"item","name":"egg","functions":[{"function":"set_custom_data","tag":"{shape:[[5.0,0.0,0.0,11.0,14.0,11.0],[5.0,14.0,5.0,16.0,16.0,11.0],[11.0,0.0,5.0,16.0,16.0,11.0]]}"}],"conditions":[{"condition":"location_check","predicate":{"block":{"state":{"west":"none"}}}}]},{"type":"item","name":"egg","functions":[{"function":"set_custom_data","tag":"{shape:[[0.0,0.0,5.0,16.0,14.0,11.0],[5.0,0.0,0.0,11.0,14.0,11.0],[5.0,14.0,5.0,16.0,16.0,11.0]]}"}],"conditions":[{"condition":"location_check","predicate":{"block":{"state":{"west":"low"}}}}]},{"type":"item","name":"egg","functions":[{"function":"set_custom_data","tag":"{shape:[[0.0,0.0,5.0,16.0,16.0,11.0],[5.0,0.0,0.0,11.0,14.0,11.0]]}"}]}],"conditions":[{"condition":"location_check","predicate":{"block":{"state":{"south":"none"}}}}]},{"type":"alternatives","children":[{"type":"item","name":"egg","functions":[{"function":"set_custom_data","tag":"{shape:[[5.0,0.0,0.0,11.0,14.0,16.0],[5.0,14.0,5.0,16.0,16.0,11.0],[11.0,0.0,5.0,16.0,16.0,11.0]]}"}],"conditions":[{"condition":"location_check","predicate":{"block":{"state":{"west":"none"}}}}]},{"type":"item","name":"egg","functions":[{"function":"set_custom_data","tag":"{shape:[[0.0,0.0,5.0,16.0,14.0,11.0],[5.0,0.0,0.0,11.0,14.0,16.0],[5.0,14.0,5.0,16.0,16.0,11.0]]}"}],"conditions":[{"condition":"location_check","predicate":{"block":{"state":{"west":"low"}}}}]},{"type":"item","name":"egg","functions":[{"function":"set_custom_data","tag":"{shape:[[0.0,0.0,5.0,16.0,16.0,11.0],[5.0,0.0,0.0,11.0,14.0,16.0]]}"}]}],"conditions":[{"condition":"location_check","predicate":{"block":{"state":{"south":"low"}}}}]},{"type":"alternatives","children":[{"type":"item","name":"egg","functions":[{"function":"set_custom_data","tag":"{shape:[[5.0,0.0,0.0,11.0,14.0,16.0],[5.0,14.0,5.0,16.0,16.0,11.0],[5.0,14.0,11.0,11.0,16.0,16.0],[11.0,0.0,5.0,16.0,16.0,11.0]]}"}],"conditions":[{"condition":"location_check","predicate":{"block":{"state":{"west":"none"}}}}]},{"type":"item","name":"egg","functions":[{"function":"set_custom_data","tag":"{shape:[[0.0,0.0,5.0,16.0,14.0,11.0],[5.0,0.0,0.0,11.0,14.0,16.0],[5.0,14.0,5.0,16.0,16.0,11.0],[5.0,14.0,11.0,11.0,16.0,16.0]]}"}],"conditions":[{"condition":"location_check","predicate":{"block":{"state":{"west":"low"}}}}]},{"type":"item","name":"egg","functions":[{"function":"set_custom_data","tag":"{shape:[[0.0,0.0,5.0,16.0,16.0,11.0],[5.0,0.0,0.0,11.0,14.0,16.0],[5.0,14.0,11.0,11.0,16.0,16.0]]}"}]}]}],"conditions":[{"condition":"location_check","predicate":{"block":{"state":{"north":"low"}}}}]},{"type":"alternatives","children":[{"type":"alternatives","children":[{"type":"item","name":"egg","functions":[{"function":"set_custom_data","tag":"{shape:[[5.0,0.0,0.0,11.0,16.0,11.0],[11.0,0.0,5.0,16.0,16.0,11.0]]}"}],"conditions":[{"condition":"location_check","predicate":{"block":{"state":{"west":"none"}}}}]},{"type":"item","name":"egg","functions":[{"function":"set_custom_data","tag":"{shape:[[0.0,0.0,5.0,16.0,14.0,11.0],[5.0,0.0,0.0,11.0,16.0,11.0],[11.0,14.0,5.0,16.0,16.0,11.0]]}"}],"conditions":[{"condition":"location_check","predicate":{"block":{"state":{"west":"low"}}}}]},{"type":"item","name":"egg","functions":[{"function":"set_custom_data","tag":"{shape:[[0.0,0.0,5.0,16.0,16.0,11.0],[5.0,0.0,0.0,11.0,16.0,11.0]]}"}]}],"conditions":[{"condition":"location_check","predicate":{"block":{"state":{"south":"none"}}}}]},{"type":"alternatives","children":[{"type":"item","name":"egg","functions":[{"function":"set_custom_data","tag":"{shape:[[5.0,0.0,0.0,11.0,16.0,11.0],[5.0,0.0,11.0,11.0,14.0,16.0],[11.0,0.0,5.0,16.0,16.0,11.0]]}"}],"conditions":[{"condition":"location_check","predicate":{"block":{"state":{"west":"none"}}}}]},{"type":"item","name":"egg","functions":[{"function":"set_custom_data","tag":"{shape:[[0.0,0.0,5.0,16.0,14.0,11.0],[5.0,0.0,0.0,11.0,16.0,11.0],[5.0,0.0,11.0,11.0,14.0,16.0],[11.0,14.0,5.0,16.0,16.0,11.0]]}"}],"conditions":[{"condition":"location_check","predicate":{"block":{"state":{"west":"low"}}}}]},{"type":"item","name":"egg","functions":[{"function":"set_custom_data","tag":"{shape:[[0.0,0.0,5.0,16.0,16.0,11.0],[5.0,0.0,0.0,11.0,16.0,11.0],[5.0,0.0,11.0,11.0,14.0,16.0]]}"}]}],"conditions":[{"condition":"location_check","predicate":{"block":{"state":{"south":"low"}}}}]},{"type":"alternatives","children":[{"type":"item","name":"egg","functions":[{"function":"set_custom_data","tag":"{shape:[[5.0,0.0,0.0,11.0,16.0,16.0],[11.0,0.0,5.0,16.0,16.0,11.0]]}"}],"conditions":[{"condition":"location_check","predicate":{"block":{"state":{"west":"none"}}}}]},{"type":"item","name":"egg","functions":[{"function":"set_custom_data","tag":"{shape:[[0.0,0.0,5.0,16.0,14.0,11.0],[5.0,0.0,0.0,11.0,16.0,16.0],[11.0,14.0,5.0,16.0,16.0,11.0]]}"}],"conditions":[{"condition":"location_check","predicate":{"block":{"state":{"west":"low"}}}}]},{"type":"item","name":"egg","functions":[{"function":"set_custom_data","tag":"{shape:[[0.0,0.0,5.0,16.0,16.0,11.0],[5.0,0.0,0.0,11.0,16.0,16.0]]}"}]}]}]}]}]}]}]}]}
