{"pools":[{"rolls":1,"entries":[{"type":"alternatives","children":[{"type":"item","name":"egg","functions":[{"function":"set_custom_data","tag":"{shape:[[2.0,0.0,2.0,14.0,4.0,14.0],[3.0,10.0,0.0,13.0,16.0,16.0],[4.0,4.0,3.0,12.0,5.0,13.0],[6.0,5.0,4.0,10.0,16.0,12.0]]}"}],"conditions":[{"condition":"location_check","predicate":{"block":{"state":{"facing":"north"}}}}]},{"type":"item","name":"egg","functions":[{"function":"set_custom_data","tag":"{shape:[[2.0,0.0,2.0,14.0,4.0,14.0],[3.0,10.0,0.0,13.0,16.0,16.0],[4.0,4.0,3.0,12.0,5.0,13.0],[6.0,5.0,4.0,10.0,16.0,12.0]]}"}],"conditions":[{"condition":"location_check","predicate":{"block":{"state":{"facing":"south"}}}}]},{"type":"item","name":"egg","functions":[{"function":"set_custom_data","tag":"{shape:[[0.0,10.0,3.0,16.0,16.0,13.0],[2.0,0.0,2.0,14.0,4.0,14.0],[3.0,4.0,4.0,13.0,5.0,12.0],[4.0,5.0,6.0,12.0,16.0,10.0]]}"}],"conditions":[{"condition":"location_check","predicate":{"block":{"state":{"facing":"west"}}}}]},{"type":"item","name":"egg","functions":[{"function":"set_custom_data","tag":"{shape:[[0.0,10.0,3.0,16.0,16.0,13.0],[2.0,0.0,2.0,14.0,4.0,14.0],[3.0,4.0,4.0,13.0,5.0,12.0],[4.0,5.0,6.0,12.0,16.0,10.0]]}"}]}]}]}]}
