{"pools":[{"rolls":1,"entries":[{"type":"alternatives","children":[{"type":"item","name":"egg","functions":[{"function":"set_custom_data","tag":"{shape:[[1.0,0.0,1.0,15.0,1.0,15.0]]}"}],"conditions":[{"condition":"location_check","predicate":{"block":{"state":{"power":"0"}}}}]},{"type":"item","name":"egg","functions":[{"function":"set_custom_data","tag":"{shape:[[1.0,0.0,1.0,15.0,0.5,15.0]]}"}],"conditions":[{"condition":"location_check","predicate":{"block":{"state":{"power":"1"}}}}]},{"type":"item","name":"egg","functions":[{"function":"set_custom_data","tag":"{shape:[[1.0,0.0,1.0,15.0,0.5,15.0]]}"}],"conditions":[{"condition":"location_check","predicate":{"block":{"state":{"power":"2"}}}}]},{"type":"item","name":"egg","functions":[{"function":"set_custom_data","tag":"{shape:[[1.0,0.0,1.0,15.0,0.5,15.0]]}"}],"conditions":[{"condition":"location_check","predicate":{"block":{"state":{"power":"3"}}}}]},{"type":"item","name":"egg","functions":[{"function":"set_custom_data","tag":"{shape:[[1.0,0.0,1.0,15.0,0.5,15.0]]}"}],"conditions":[{"condition":"location_check","predicate":{"block":{"state":{"power":"4"}}}}]},{"type":"item","name":"egg","functions":[{"function":"set_custom_data","tag":"{shape:[[1.0,0.0,1.0,15.0,0.5,15.0]]}"}],"conditions":[{"condition":"location_check","predicate":{"block":{"state":{"power":"5"}}}}]},{"type":"item","name":"egg","functions":[{"function":"set_custom_data","tag":"{shape:[[1.0,0.0,1.0,15.0,0.5,15.0]]}"}],"conditions":[{"condition":"location_check","predicate":{"block":{"state":{"power":"6"}}}}]},{"type":"item","name":"egg","functions":[{"function":"set_custom_data","tag":"{shape:[[1.0,0.0,1.0,15.0,0.5,15.0]]}"}],"conditions":[{"condition":"location_check","predicate":{"block":{"state":{"power":"7"}}}}]},{"type":"item","name":"egg","functions":[{"function":"set_custom_data","tag":"{shape:[[1.0,0.0,1.0,15.0,0.5,15.0]]}"}],"conditions":[{"condition":"location_check","predicate":{"block":{"state":{"power":"8"}}}}]},{"type":"item","name":"egg","functions":[{"function":"set_custom_data","tag":"{shape:[[1.0,0.0,1.0,15.0,0.5,15.0]]}"}],"conditions":[{"condition":"location_check","predicate":{"block":{"state":{"power":"9"}}}}]},{"type":"item","name":"egg","functions":[{"function":"set_custom_data","tag":"{shape:[[1.0,0.0,1.0,15.0,0.5,15.0]]}"}],"conditions":[{"condition":"location_check","predicate":{"block":{"state":{"power":"10"}}}}]},{"type":"item","name":"egg","functions":[{"function":"set_custom_data","tag":"{shape:[[1.0,0.0,1.0,15.0,0.5,15.0]]}"}],"conditions":[{"condition":"location_check","predicate":{"block":{"state":{"power":"11"}}}}]},{"type":"item","name":"egg","functions":[{"function":"set_custom_data","tag":"{shape:[[1.0,0.0,1.0,15.0,0.5,15.0]]}"}],"conditions":[{"condition":"location_check","predicate":{"block":{"state":{"power":"12"}}}}]},{"type":"item","name":"egg","functions":[{"function":"set_custom_data","tag":"{shape:[[1.0,0.0,1.0,15.0,0.5,15.0]]}"}],"conditions":[{"condition":"location_check","predicate":{"block":{"state":{"power":"13"}}}}]},{"type":"item","name":"egg","functions":[{"function":"set_custom_data","tag":"{shape:[[1.0,0.0,1.0,15.0,0.5,15.0]]}"}],"conditions":[{"condition":"location_check","predicate":{"block":{"state":{"power":"14"}}}}]},{"type":"item","name":"egg","functions":[{"function":"set_custom_data","tag":"{shape:[[1.0,0.0,1.0,15.0,0.5,15.0]]}"}]}]}]}]}
