{"pools":[{"rolls":1,"entries":[{"type":"alternatives","children":[{"type":"item","name":"egg","functions":[{"function":"set_custom_data","tag":"{shape:[[0.0,10.0,0.0,16.0,16.0,2.0],[0.0,10.0,2.0,2.0,16.0,16.0],[2.0,10.0,2.0,16.0,11.0,16.0],[2.0,11.0,14.0,16.0,16.0,16.0],[4.0,4.0,4.0,12.0,11.0,12.0],[6.0,0.0,6.0,10.0,11.0,10.0],[14.0,11.0,2.0,16.0,16.0,16.0]]}"}],"conditions":[{"condition":"location_check","predicate":{"block":{"state":{"facing":"down"}}}}]},{"type":"item","name":"egg","functions":[{"function":"set_custom_data","tag":"{shape:[[0.0,10.0,0.0,16.0,16.0,2.0],[0.0,10.0,2.0,2.0,16.0,16.0],[2.0,10.0,2.0,16.0,11.0,16.0],[2.0,11.0,14.0,16.0,16.0,16.0],[4.0,4.0,4.0,12.0,11.0,12.0],[6.0,4.0,0.0,10.0,8.0,12.0],[14.0,11.0,2.0,16.0,16.0,16.0]]}"}],"conditions":[{"condition":"location_check","predicate":{"block":{"state":{"facing":"north"}}}}]},{"type":"item","name":"egg","functions":[{"function":"set_custom_data","tag":"{shape:[[0.0,10.0,0.0,16.0,16.0,2.0],[0.0,10.0,2.0,2.0,16.0,16.0],[2.0,10.0,2.0,16.0,11.0,16.0],[2.0,11.0,14.0,16.0,16.0,16.0],[4.0,4.0,4.0,12.0,11.0,12.0],[6.0,4.0,12.0,10.0,8.0,16.0],[14.0,11.0,2.0,16.0,16.0,16.0]]}"}],"conditions":[{"condition":"location_check","predicate":{"block":{"state":{"facing":"south"}}}}]},{"type":"item","name":"egg","functions":[{"function":"set_custom_data","tag":"{shape:[[0.0,4.0,6.0,12.0,8.0,10.0],[0.0,10.0,0.0,16.0,16.0,2.0],[0.0,10.0,2.0,2.0,16.0,16.0],[2.0,10.0,2.0,16.0,11.0,16.0],[2.0,11.0,14.0,16.0,16.0,16.0],[4.0,4.0,4.0,12.0,11.0,12.0],[14.0,11.0,2.0,16.0,16.0,16.0]]}"}],"conditions":[{"condition":"location_check","predicate":{"block":{"state":{"facing":"west"}}}}]},{"type":"item","name":"egg","functions":[{"function":"set_custom_data","tag":"{shape:[[0.0,10.0,0.0,16.0,16.0,2.0],[0.0,10.0,2.0,2.0,16.0,16.0],[2.0,10.0,2.0,16.0,11.0,16.0],[2.0,11.0,14.0,16.0,16.0,16.0],[4.0,4.0,4.0,12.0,11.0,12.0],[12.0,4.0,6.0,16.0,8.0,10.0],[14.0,11.0,2.0,16.0,16.0,16.0]]}"}]}]}]}]}
