{"pools":[{"rolls":1,"entries":[{"type":"alternatives","children":[{"type":"item","name":"egg","functions":[{"function":"set_custom_data","tag":"{shape:[[0.0,0.0,0.0,16.0,16.0,4.0],[6.0,6.0,4.0,10.0,10.0,16.0]]}"}],"conditions":[{"condition":"location_check","predicate":{"block":{"state":{"facing":"north"}}}}]},{"type":"item","name":"egg","functions":[{"function":"set_custom_data","tag":"{shape:[[0.0,6.0,6.0,16.0,10.0,10.0],[12.0,0.0,0.0,16.0,16.0,16.0]]}"}],"conditions":[{"condition":"location_check","predicate":{"block":{"state":{"facing":"east"}}}}]},{"type":"item","name":"egg","functions":[{"function":"set_custom_data","tag":"{shape:[[0.0,0.0,12.0,16.0,16.0,16.0],[6.0,6.0,0.0,10.0,10.0,16.0]]}"}],"conditions":[{"condition":"location_check","predicate":{"block":{"state":{"facing":"south"}}}}]},{"type":"item","name":"egg","functions":[{"function":"set_custom_data","tag":"{shape:[[0.0,0.0,0.0,4.0,16.0,16.0],[4.0,6.0,6.0,16.0,10.0,10.0]]}"}],"conditions":[{"condition":"location_check","predicate":{"block":{"state":{"facing":"west"}}}}]},{"type":"item","name":"egg","functions":[{"function":"set_custom_data","tag":"{shape:[[0.0,12.0,0.0,16.0,16.0,16.0],[6.0,0.0,6.0,10.0,16.0,10.0]]}"}],"conditions":[{"condition":"location_check","predicate":{"block":{"state":{"facing":"up"}}}}]},{"type":"item","name":"egg","functions":[{"function":"set_custom_data","tag":"{shape:[[0.0,0.0,0.0,16.0,4.0,16.0],[6.0,4.0,6.0,10.0,16.0,10.0]]}"}]}]}]}]}
