{"pools":[{"rolls":1,"entries":[{"type":"alternatives","children":[{"type":"alternatives","children":[{"type":"item","name":"egg","functions":[{"function":"set_custom_data","tag":"{shape:[[3.0,0.0,3.0,13.0,15.0,13.0]]}"}],"conditions":[{"condition":"location_check","predicate":{"block":{"state":{"age":"0"}}}}]},{"type":"item","name":"egg","functions":[{"function":"set_custom_data","tag":"{shape:[[3.0,0.0,3.0,13.0,15.0,13.0]]}"}],"conditions":[{"condition":"location_check","predicate":{"block":{"state":{"age":"1"}}}}]},{"type":"item","name":"egg","functions":[{"function":"set_custom_data","tag":"{shape:[[3.0,0.0,3.0,13.0,15.0,13.0]]}"}],"conditions":[{"condition":"location_check","predicate":{"block":{"state":{"age":"2"}}}}]},{"type":"item","name":"egg","functions":[{"function":"set_custom_data","tag":"{shape:[[3.0,0.0,3.0,13.0,11.0,13.0]]}"}],"conditions":[{"condition":"location_check","predicate":{"block":{"state":{"age":"3"}}}}]},{"type":"item","name":"egg","functions":[{"function":"set_custom_data","tag":"{shape:[[3.0,0.0,3.0,13.0,15.0,13.0]]}"}]}],"conditions":[{"condition":"location_check","predicate":{"block":{"state":{"half":"upper"}}}}]},{"type":"alternatives","children":[{"type":"item","name":"egg","functions":[{"function":"set_custom_data","tag":"{shape:[[5.0,0.0,5.0,11.0,3.0,11.0]]}"}],"conditions":[{"condition":"location_check","predicate":{"block":{"state":{"age":"0"}}}}]},{"type":"item","name":"egg","functions":[{"function":"set_custom_data","tag":"{shape:[[3.0,0.0,3.0,13.0,14.0,13.0]]}"}],"conditions":[{"condition":"location_check","predicate":{"block":{"state":{"age":"1"}}}}]},{"type":"item","name":"egg","functions":[{"function":"set_custom_data","tag":"{shape:[[3.0,0.0,3.0,13.0,16.0,13.0]]}"}],"conditions":[{"condition":"location_check","predicate":{"block":{"state":{"age":"2"}}}}]},{"type":"item","name":"egg","functions":[{"function":"set_custom_data","tag":"{shape:[[3.0,0.0,3.0,13.0,16.0,13.0]]}"}],"conditions":[{"condition":"location_check","predicate":{"block":{"state":{"age":"3"}}}}]},{"type":"item","name":"egg","functions":[{"function":"set_custom_data","tag":"{shape:[[3.0,0.0,3.0,13.0,16.0,13.0]]}"}]}]}]}]}]}
