{"pools":[{"rolls":1,"entries":[{"type":"alternatives","children":[{"type":"item","name":"egg","functions":[{"function":"set_custom_data","tag":"{shape:[[3.0,0.0,3.0,12.0,7.0,12.0]]}"}],"conditions":[{"condition":"location_check","predicate":{"block":{"state":{"eggs":"1"}}}}]},{"type":"item","name":"egg","functions":[{"function":"set_custom_data","tag":"{shape:[[1.0,0.0,1.0,15.0,7.0,15.0]]}"}],"conditions":[{"condition":"location_check","predicate":{"block":{"state":{"eggs":"2"}}}}]},{"type":"item","name":"egg","functions":[{"function":"set_custom_data","tag":"{shape:[[1.0,0.0,1.0,15.0,7.0,15.0]]}"}],"conditions":[{"condition":"location_check","predicate":{"block":{"state":{"eggs":"3"}}}}]},{"type":"item","name":"egg","functions":[{"function":"set_custom_data","tag":"{shape:[[1.0,0.0,1.0,15.0,7.0,15.0]]}"}]}]}]}]}
