{"pools":[{"rolls":1,"entries":[{"type":"alternatives","children":[{"type":"item","name":"egg","functions":[{"function":"set_custom_data","tag":"{shape:[[6.0,0.0,6.0,10.0,6.0,10.0]]}"}],"conditions":[{"condition":"location_check","predicate":{"block":{"state":{"pickles":"1"}}}}]},{"type":"item","name":"egg","functions":[{"function":"set_custom_data","tag":"{shape:[[3.0,0.0,3.0,13.0,6.0,13.0]]}"}],"conditions":[{"condition":"location_check","predicate":{"block":{"state":{"pickles":"2"}}}}]},{"type":"item","name":"egg","functions":[{"function":"set_custom_data","tag":"{shape:[[2.0,0.0,2.0,14.0,6.0,14.0]]}"}],"conditions":[{"condition":"location_check","predicate":{"block":{"state":{"pickles":"3"}}}}]},{"type":"item","name":"egg","functions":[{"function":"set_custom_data","tag":"{shape:[[2.0,0.0,2.0,14.0,7.0,14.0]]}"}]}]}]}]}
