{"pools":[{"rolls":1,"entries":[{"type":"alternatives","children":[{"type":"item","name":"egg","functions":[{"function":"set_custom_data","tag":"{shape:[[5.0,0.0,5.0,11.0,16.0,11.0]]}"}],"conditions":[{"condition":"location_check","predicate":{"block":{"state":{"leaves":"none"}}}}]},{"type":"item","name":"egg","functions":[{"function":"set_custom_data","tag":"{shape:[[5.0,0.0,5.0,11.0,16.0,11.0]]}"}],"conditions":[{"condition":"location_check","predicate":{"block":{"state":{"leaves":"small"}}}}]},{"type":"item","name":"egg","functions":[{"function":"set_custom_data","tag":"{shape:[[3.0,0.0,3.0,13.0,16.0,13.0]]}"}]}]}]}]}
