{"pools":[{"rolls":1,"entries":[{"type":"alternatives","children":[{"type":"item","name":"egg","functions":[{"function":"set_custom_data","tag":"{shape:[[0.0,0.0,0.0,2.0,16.0,2.0],[0.0,0.0,2.0,16.0,2.0,16.0],[0.0,2.0,14.0,2.0,16.0,16.0],[0.0,14.0,2.0,16.0,16.0,16.0],[2.0,0.0,0.0,16.0,2.0,16.0],[2.0,14.0,0.0,16.0,16.0,16.0],[14.0,2.0,0.0,16.0,16.0,2.0],[14.0,2.0,14.0,16.0,16.0,16.0]]}"}],"conditions":[{"condition":"location_check","predicate":{"block":{"state":{"bottom":"true"}}}}]},{"type":"item","name":"egg","functions":[{"function":"set_custom_data","tag":"{shape:[[0.0,0.0,0.0,2.0,16.0,2.0],[0.0,0.0,14.0,2.0,16.0,16.0],[0.0,14.0,2.0,16.0,16.0,16.0],[2.0,14.0,0.0,16.0,16.0,16.0],[14.0,0.0,0.0,16.0,16.0,2.0],[14.0,0.0,14.0,16.0,16.0,16.0]]}"}]}]}]}]}
