{"pools":[{"rolls":1,"entries":[{"type":"alternatives","children":[{"type":"alternatives","children":[{"type":"item","name":"egg","functions":[{"function":"set_custom_data","tag":"{shape:[[2.0,0.0,6.0,4.0,13.0,10.0],[2.0,7.0,5.0,14.0,13.0,11.0],[4.0,4.0,2.0,12.0,16.0,14.0],[12.0,0.0,6.0,14.0,13.0,10.0]]}"}],"conditions":[{"condition":"location_check","predicate":{"block":{"state":{"facing":"north"}}}}]},{"type":"item","name":"egg","functions":[{"function":"set_custom_data","tag":"{shape:[[2.0,0.0,6.0,4.0,13.0,10.0],[2.0,7.0,5.0,14.0,13.0,11.0],[4.0,4.0,2.0,12.0,16.0,14.0],[12.0,0.0,6.0,14.0,13.0,10.0]]}"}],"conditions":[{"condition":"location_check","predicate":{"block":{"state":{"facing":"south"}}}}]},{"type":"item","name":"egg","functions":[{"function":"set_custom_data","tag":"{shape:[[2.0,4.0,4.0,14.0,16.0,12.0],[5.0,7.0,2.0,11.0,13.0,14.0],[6.0,0.0,2.0,10.0,13.0,4.0],[6.0,0.0,12.0,10.0,13.0,14.0]]}"}],"conditions":[{"condition":"location_check","predicate":{"block":{"state":{"facing":"west"}}}}]},{"type":"item","name":"egg","functions":[{"function":"set_custom_data","tag":"{shape:[[2.0,4.0,4.0,14.0,16.0,12.0],[5.0,7.0,2.0,11.0,13.0,14.0],[6.0,0.0,2.0,10.0,13.0,4.0],[6.0,0.0,12.0,10.0,13.0,14.0]]}"}]}],"conditions":[{"condition":"location_check","predicate":{"block":{"state":{"face":"floor"}}}}]},{"type":"alternatives","children":[{"type":"item","name":"egg","functions":[{"function":"set_custom_data","tag":"{shape:[[2.0,5.0,3.0,14.0,11.0,9.0],[2.0,6.0,9.0,14.0,10.0,12.0],[2.0,6.0,12.0,4.0,10.0,16.0],[4.0,2.0,0.0,12.0,14.0,12.0],[12.0,6.0,12.0,14.0,10.0,16.0]]}"}],"conditions":[{"condition":"location_check","predicate":{"block":{"state":{"facing":"north"}}}}]},{"type":"item","name":"egg","functions":[{"function":"set_custom_data","tag":"{shape:[[2.0,5.0,7.0,14.0,11.0,13.0],[2.0,6.0,0.0,4.0,10.0,13.0],[4.0,2.0,4.0,12.0,14.0,16.0],[12.0,6.0,0.0,14.0,10.0,13.0]]}"}],"conditions":[{"condition":"location_check","predicate":{"block":{"state":{"facing":"south"}}}}]},{"type":"item","name":"egg","functions":[{"function":"set_custom_data","tag":"{shape:[[0.0,2.0,4.0,12.0,14.0,12.0],[3.0,5.0,2.0,9.0,11.0,14.0],[9.0,6.0,2.0,16.0,10.0,4.0],[9.0,6.0,12.0,16.0,10.0,14.0]]}"}],"conditions":[{"condition":"location_check","predicate":{"block":{"state":{"facing":"west"}}}}]},{"type":"item","name":"egg","functions":[{"function":"set_custom_data","tag":"{shape:[[0.0,6.0,2.0,13.0,10.0,4.0],[0.0,6.0,12.0,13.0,10.0,14.0],[4.0,2.0,4.0,16.0,14.0,12.0],[7.0,5.0,2.0,13.0,11.0,14.0]]}"}]}],"conditions":[{"condition":"location_check","predicate":{"block":{"state":{"face":"wall"}}}}]},{"type":"alternatives","children":[{"type":"item","name":"egg","functions":[{"function":"set_custom_data","tag":"{shape:[[2.0,3.0,5.0,14.0,9.0,11.0],[2.0,9.0,6.0,4.0,16.0,10.0],[4.0,0.0,2.0,12.0,12.0,14.0],[12.0,9.0,6.0,14.0,16.0,10.0]]}"}],"conditions":[{"condition":"location_check","predicate":{"block":{"state":{"facing":"north"}}}}]},{"type":"item","name":"egg","functions":[{"function":"set_custom_data","tag":"{shape:[[2.0,3.0,5.0,14.0,9.0,11.0],[2.0,9.0,6.0,4.0,16.0,10.0],[4.0,0.0,2.0,12.0,12.0,14.0],[12.0,9.0,6.0,14.0,16.0,10.0]]}"}],"conditions":[{"condition":"location_check","predicate":{"block":{"state":{"facing":"south"}}}}]},{"type":"item","name":"egg","functions":[{"function":"set_custom_data","tag":"{shape:[[2.0,0.0,4.0,14.0,12.0,12.0],[5.0,3.0,2.0,11.0,9.0,14.0],[6.0,9.0,2.0,10.0,16.0,4.0],[6.0,9.0,12.0,10.0,16.0,14.0]]}"}],"conditions":[{"condition":"location_check","predicate":{"block":{"state":{"facing":"west"}}}}]},{"type":"item","name":"egg","functions":[{"function":"set_custom_data","tag":"{shape:[[2.0,0.0,4.0,14.0,12.0,12.0],[5.0,3.0,2.0,11.0,9.0,14.0],[6.0,9.0,2.0,10.0,16.0,4.0],[6.0,9.0,12.0,10.0,16.0,14.0]]}"}]}]}]}]}]}
