{"pools":[{"rolls":1,"entries":[{"type":"alternatives","children":[{"type":"alternatives","children":[{"type":"item","name":"egg","functions":[{"function":"set_custom_data","tag":"{shape:[[0.0,0.0,4.0,16.0,16.0,12.0]]}"}],"conditions":[{"condition":"location_check","predicate":{"block":{"state":{"facing":"north"}}}}]},{"type":"item","name":"egg","functions":[{"function":"set_custom_data","tag":"{shape:[[0.0,0.0,4.0,16.0,16.0,12.0]]}"}],"conditions":[{"condition":"location_check","predicate":{"block":{"state":{"facing":"south"}}}}]},{"type":"item","name":"egg","functions":[{"function":"set_custom_data","tag":"{shape:[[4.0,0.0,0.0,12.0,16.0,16.0]]}"}],"conditions":[{"condition":"location_check","predicate":{"block":{"state":{"facing":"west"}}}}]},{"type":"item","name":"egg","functions":[{"function":"set_custom_data","tag":"{shape:[[4.0,0.0,0.0,12.0,16.0,16.0]]}"}]}],"conditions":[{"condition":"location_check","predicate":{"block":{"state":{"attachment":"floor"}}}}]},{"type":"alternatives","children":[{"type":"item","name":"egg","functions":[{"function":"set_custom_data","tag":"{shape:[[4.0,4.0,4.0,12.0,6.0,12.0],[5.0,6.0,5.0,11.0,13.0,11.0],[7.0,13.0,7.0,9.0,16.0,9.0]]}"}],"conditions":[{"condition":"location_check","predicate":{"block":{"state":{"facing":"north"}}}}]},{"type":"item","name":"egg","functions":[{"function":"set_custom_data","tag":"{shape:[[4.0,4.0,4.0,12.0,6.0,12.0],[5.0,6.0,5.0,11.0,13.0,11.0],[7.0,13.0,7.0,9.0,16.0,9.0]]}"}],"conditions":[{"condition":"location_check","predicate":{"block":{"state":{"facing":"south"}}}}]},{"type":"item","name":"egg","functions":[{"function":"set_custom_data","tag":"{shape:[[4.0,4.0,4.0,12.0,6.0,12.0],[5.0,6.0,5.0,11.0,13.0,11.0],[7.0,13.0,7.0,9.0,16.0,9.0]]}"}],"conditions":[{"condition":"location_check","predicate":{"block":{"state":{"facing":"west"}}}}]},{"type":"item","name":"egg","functions":[{"function":"set_custom_data","tag":"{shape:[[4.0,4.0,4.0,12.0,6.0,12.0],[5.0,6.0,5.0,11.0,13.0,11.0],[7.0,13.0,7.0,9.0,16.0,9.0]]}"}]}],"conditions":[{"condition":"location_check","predicate":{"block":{"state":{"attachment":"ceiling"}}}}]},{"type":"alternatives","children":[{"type":"item","name":"egg","functions":[{"function":"set_custom_data","tag":"{shape:[[4.0,4.0,4.0,12.0,6.0,12.0],[5.0,6.0,5.0,11.0,13.0,11.0],[7.0,13.0,0.0,9.0,15.0,13.0]]}"}],"conditions":[{"condition":"location_check","predicate":{"block":{"state":{"facing":"north"}}}}]},{"type":"item","name":"egg","functions":[{"function":"set_custom_data","tag":"{shape:[[4.0,4.0,4.0,12.0,6.0,12.0],[5.0,6.0,5.0,11.0,13.0,11.0],[7.0,13.0,3.0,9.0,15.0,16.0]]}"}],"conditions":[{"condition":"location_check","predicate":{"block":{"state":{"facing":"south"}}}}]},{"type":"item","name":"egg","functions":[{"function":"set_custom_data","tag":"{shape:[[0.0,13.0,7.0,13.0,15.0,9.0],[4.0,4.0,4.0,12.0,6.0,12.0],[5.0,6.0,5.0,11.0,13.0,11.0]]}"}],"conditions":[{"condition":"location_check","predicate":{"block":{"state":{"facing":"west"}}}}]},{"type":"item","name":"egg","functions":[{"function":"set_custom_data","tag":"{shape:[[3.0,13.0,7.0,16.0,15.0,9.0],[4.0,4.0,4.0,12.0,6.0,12.0],[5.0,6.0,5.0,11.0,13.0,11.0]]}"}]}],"conditions":[{"condition":"location_check","predicate":{"block":{"state":{"attachment":"single_wall"}}}}]},{"type":"alternatives","children":[{"type":"item","name":"egg","functions":[{"function":"set_custom_data","tag":"{shape:[[4.0,4.0,4.0,12.0,6.0,12.0],[5.0,6.0,5.0,11.0,13.0,11.0],[7.0,13.0,0.0,9.0,15.0,16.0]]}"}],"conditions":[{"condition":"location_check","predicate":{"block":{"state":{"facing":"north"}}}}]},{"type":"item","name":"egg","functions":[{"function":"set_custom_data","tag":"{shape:[[4.0,4.0,4.0,12.0,6.0,12.0],[5.0,6.0,5.0,11.0,13.0,11.0],[7.0,13.0,0.0,9.0,15.0,16.0]]}"}],"conditions":[{"condition":"location_check","predicate":{"block":{"state":{"facing":"south"}}}}]},{"type":"item","name":"egg","functions":[{"function":"set_custom_data","tag":"{shape:[[0.0,13.0,7.0,16.0,15.0,9.0],[4.0,4.0,4.0,12.0,6.0,12.0],[5.0,6.0,5.0,11.0,13.0,11.0]]}"}],"conditions":[{"condition":"location_check","predicate":{"block":{"state":{"facing":"west"}}}}]},{"type":"item","name":"egg","functions":[{"function":"set_custom_data","tag":"{shape:[[0.0,13.0,7.0,16.0,15.0,9.0],[4.0,4.0,4.0,12.0,6.0,12.0],[5.0,6.0,5.0,11.0,13.0,11.0]]}"}]}]}]}]}]}
