{"pools":[{"rolls":1,"entries":[{"type":"alternatives","children":[{"type":"item","name":"egg","functions":[{"function":"set_custom_data","tag":"{shape:[[0.0,0.0,0.0,16.0,16.0,2.0],[0.0,0.0,2.0,2.0,16.0,16.0],[2.0,0.0,2.0,16.0,2.0,16.0],[2.0,2.0,14.0,16.0,16.0,16.0],[14.0,2.0,2.0,16.0,16.0,16.0]]}"}],"conditions":[{"condition":"location_check","predicate":{"block":{"state":{"level":"0"}}}}]},{"type":"item","name":"egg","functions":[{"function":"set_custom_data","tag":"{shape:[[0.0,0.0,0.0,16.0,16.0,2.0],[0.0,0.0,2.0,2.0,16.0,16.0],[2.0,0.0,2.0,16.0,3.0,16.0],[2.0,3.0,14.0,16.0,16.0,16.0],[14.0,3.0,2.0,16.0,16.0,16.0]]}"}],"conditions":[{"condition":"location_check","predicate":{"block":{"state":{"level":"1"}}}}]},{"type":"item","name":"egg","functions":[{"function":"set_custom_data","tag":"{shape:[[0.0,0.0,0.0,16.0,16.0,2.0],[0.0,0.0,2.0,2.0,16.0,16.0],[2.0,0.0,2.0,16.0,5.0,16.0],[2.0,5.0,14.0,16.0,16.0,16.0],[14.0,5.0,2.0,16.0,16.0,16.0]]}"}],"conditions":[{"condition":"location_check","predicate":{"block":{"state":{"level":"2"}}}}]},{"type":"item","name":"egg","functions":[{"function":"set_custom_data","tag":"{shape:[[0.0,0.0,0.0,16.0,16.0,2.0],[0.0,0.0,2.0,2.0,16.0,16.0],[2.0,0.0,2.0,16.0,7.0,16.0],[2.0,7.0,14.0,16.0,16.0,16.0],[14.0,7.0,2.0,16.0,16.0,16.0]]}"}],"conditions":[{"condition":"location_check","predicate":{"block":{"state":{"level":"3"}}}}]},{"type":"item","name":"egg","functions":[{"function":"set_custom_data","tag":"{shape:[[0.0,0.0,0.0,16.0,16.0,2.0],[0.0,0.0,2.0,2.0,16.0,16.0],[2.0,0.0,2.0,16.0,9.0,16.0],[2.0,9.0,14.0,16.0,16.0,16.0],[14.0,9.0,2.0,16.0,16.0,16.0]]}"}],"conditions":[{"condition":"location_check","predicate":{"block":{"state":{"level":"4"}}}}]},{"type":"item","name":"egg","functions":[{"function":"set_custom_data","tag":"{shape:[[0.0,0.0,0.0,16.0,16.0,2.0],[0.0,0.0,2.0,2.0,16.0,16.0],[2.0,0.0,2.0,16.0,11.0,16.0],[2.0,11.0,14.0,16.0,16.0,16.0],[14.0,11.0,2.0,16.0,16.0,16.0]]}"}],"conditions":[{"condition":"location_check","predicate":{"block":{"state":{"level":"5"}}}}]},{"type":"item","name":"egg","functions":[{"function":"set_custom_data","tag":"{shape:[[0.0,0.0,0.0,16.0,16.0,2.0],[0.0,0.0,2.0,2.0,16.0,16.0],[2.0,0.0,2.0,16.0,13.0,16.0],[2.0,13.0,14.0,16.0,16.0,16.0],[14.0,13.0,2.0,16.0,16.0,16.0]]}"}],"conditions":[{"condition":"location_check","predicate":{"block":{"state":{"level":"6"}}}}]},{"type":"item","name":"egg","functions":[{"function":"set_custom_data","tag":"{shape:[[0.0,0.0,0.0,16.0,16.0,2.0],[0.0,0.0,2.0,2.0,16.0,16.0],[2.0,0.0,2.0,16.0,15.0,16.0],[2.0,15.0,14.0,16.0,16.0,16.0],[14.0,15.0,2.0,16.0,16.0,16.0]]}"}],"conditions":[{"condition":"location_check","predicate":{"block":{"state":{"level":"7"}}}}]},{"type":"item","name":"egg","functions":[{"function":"set_custom_data","tag":"{shape:[[0.0,0.0,0.0,16.0,16.0,2.0],[0.0,0.0,2.0,2.0,16.0,16.0],[2.0,0.0,2.0,16.0,15.0,16.0],[2.0,15.0,14.0,16.0,16.0,16.0],[14.0,15.0,2.0,16.0,16.0,16.0]]}"}]}]}]}]}
