{"pools":[{"rolls":1,"entries":[{"type":"alternatives","children":[{"type":"item","name":"egg","functions":[{"function":"set_custom_data","tag":"{shape:[[7.0,0.0,7.0,9.0,6.0,9.0]]}"}],"conditions":[{"condition":"location_check","predicate":{"block":{"state":{"candles":"1"}}}}]},{"type":"item","name":"egg","functions":[{"function":"set_custom_data","tag":"{shape:[[5.0,0.0,6.0,11.0,6.0,9.0]]}"}],"conditions":[{"condition":"location_check","predicate":{"block":{"state":{"candles":"2"}}}}]},{"type":"item","name":"egg","functions":[{"function":"set_custom_data","tag":"{shape:[[5.0,0.0,6.0,10.0,6.0,11.0]]}"}],"conditions":[{"condition":"location_check","predicate":{"block":{"state":{"candles":"3"}}}}]},{"type":"item","name":"egg","functions":[{"function":"set_custom_data","tag":"{shape:[[5.0,0.0,5.0,11.0,6.0,10.0]]}"}]}]}]}]}
