{"pools":[{"rolls":1,"entries":[{"type":"alternatives","children":[{"type":"item","name":"egg","functions":[{"function":"set_custom_data","tag":"{shape:[[3.0,3.0,11.0,13.0,13.0,16.0]]}"}],"conditions":[{"condition":"location_check","predicate":{"block":{"state":{"facing":"north"}}}}]},{"type":"item","name":"egg","functions":[{"function":"set_custom_data","tag":"{shape:[[0.0,3.0,3.0,5.0,13.0,13.0]]}"}],"conditions":[{"condition":"location_check","predicate":{"block":{"state":{"facing":"east"}}}}]},{"type":"item","name":"egg","functions":[{"function":"set_custom_data","tag":"{shape:[[3.0,3.0,0.0,13.0,13.0,5.0]]}"}],"conditions":[{"condition":"location_check","predicate":{"block":{"state":{"facing":"south"}}}}]},{"type":"item","name":"egg","functions":[{"function":"set_custom_data","tag":"{shape:[[11.0,3.0,3.0,16.0,13.0,13.0]]}"}],"conditions":[{"condition":"location_check","predicate":{"block":{"state":{"facing":"west"}}}}]},{"type":"item","name":"egg","functions":[{"function":"set_custom_data","tag":"{shape:[[3.0,0.0,3.0,13.0,5.0,13.0]]}"}],"conditions":[{"condition":"location_check","predicate":{"block":{"state":{"facing":"up"}}}}]},{"type":"item","name":"egg","functions":[{"function":"set_custom_data","tag":"{shape:[[3.0,11.0,3.0,13.0,16.0,13.0]]}"}]}]}]}]}
