{"pools":[{"rolls":1,"entries":[{"type":"alternatives","children":[{"type":"item","name":"egg","functions":[{"function":"set_custom_data","tag":"{shape:[[4.0,4.0,13.0,12.0,12.0,16.0]]}"}],"conditions":[{"condition":"location_check","predicate":{"block":{"state":{"facing":"north"}}}}]},{"type":"item","name":"egg","functions":[{"function":"set_custom_data","tag":"{shape:[[0.0,4.0,4.0,3.0,12.0,12.0]]}"}],"conditions":[{"condition":"location_check","predicate":{"block":{"state":{"facing":"east"}}}}]},{"type":"item","name":"egg","functions":[{"function":"set_custom_data","tag":"{shape:[[4.0,4.0,0.0,12.0,12.0,3.0]]}"}],"conditions":[{"condition":"location_check","predicate":{"block":{"state":{"facing":"south"}}}}]},{"type":"item","name":"egg","functions":[{"function":"set_custom_data","tag":"{shape:[[13.0,4.0,4.0,16.0,12.0,12.0]]}"}],"conditions":[{"condition":"location_check","predicate":{"block":{"state":{"facing":"west"}}}}]},{"type":"item","name":"egg","functions":[{"function":"set_custom_data","tag":"{shape:[[4.0,0.0,4.0,12.0,3.0,12.0]]}"}],"conditions":[{"condition":"location_check","predicate":{"block":{"state":{"facing":"up"}}}}]},{"type":"item","name":"egg","functions":[{"function":"set_custom_data","tag":"{shape:[[4.0,13.0,4.0,12.0,16.0,12.0]]}"}]}]}]}]}
