{"pools":[{"rolls":1,"entries":[{"type":"alternatives","children":[{"type":"alternatives","children":[{"type":"item","name":"egg","functions":[{"function":"set_custom_data","tag":"{shape:[[5.0,0.0,5.0,11.0,16.0,11.0]]}"}],"conditions":[{"condition":"location_check","predicate":{"block":{"state":{"thickness":"tip_merge"}}}}]},{"type":"item","name":"egg","functions":[{"function":"set_custom_data","tag":"{shape:[[5.0,0.0,5.0,11.0,11.0,11.0]]}"}],"conditions":[{"condition":"location_check","predicate":{"block":{"state":{"thickness":"tip"}}}}]},{"type":"item","name":"egg","functions":[{"function":"set_custom_data","tag":"{shape:[[4.0,0.0,4.0,12.0,16.0,12.0]]}"}],"conditions":[{"condition":"location_check","predicate":{"block":{"state":{"thickness":"frustum"}}}}]},{"type":"item","name":"egg","functions":[{"function":"set_custom_data","tag":"{shape:[[3.0,0.0,3.0,13.0,16.0,13.0]]}"}],"conditions":[{"condition":"location_check","predicate":{"block":{"state":{"thickness":"middle"}}}}]},{"type":"item","name":"egg","functions":[{"function":"set_custom_data","tag":"{shape:[[2.0,0.0,2.0,14.0,16.0,14.0]]}"}]}],"conditions":[{"condition":"location_check","predicate":{"block":{"state":{"vertical_direction":"up"}}}}]},{"type":"alternatives","children":[{"type":"item","name":"egg","functions":[{"function":"set_custom_data","tag":"{shape:[[5.0,0.0,5.0,11.0,16.0,11.0]]}"}],"conditions":[{"condition":"location_check","predicate":{"block":{"state":{"thickness":"tip_merge"}}}}]},{"type":"item","name":"egg","functions":[{"function":"set_custom_data","tag":"{shape:[[5.0,5.0,5.0,11.0,16.0,11.0]]}"}],"conditions":[{"condition":"location_check","predicate":{"block":{"state":{"thickness":"tip"}}}}]},{"type":"item","name":"egg","functions":[{"function":"set_custom_data","tag":"{shape:[[4.0,0.0,4.0,12.0,16.0,12.0]]}"}],"conditions":[{"condition":"location_check","predicate":{"block":{"state":{"thickness":"frustum"}}}}]},{"type":"item","name":"egg","functions":[{"function":"set_custom_data","tag":"{shape:[[3.0,0.0,3.0,13.0,16.0,13.0]]}"}],"conditions":[{"condition":"location_check","predicate":{"block":{"state":{"thickness":"middle"}}}}]},{"type":"item","name":"egg","functions":[{"function":"set_custom_data","tag":"{shape:[[2.0,0.0,2.0,14.0,16.0,14.0]]}"}]}]}]}]}]}
