{"pools":[{"rolls":1,"entries":[{"type":"alternatives","children":[{"type":"alternatives","children":[{"type":"item","name":"egg","functions":[{"function":"set_custom_data","tag":"{shape:[[0.0,0.0,0.0,8.0,3.0,8.0]]}"}],"conditions":[{"condition":"location_check","predicate":{"block":{"state":{"flower_amount":"1"}}}}]},{"type":"item","name":"egg","functions":[{"function":"set_custom_data","tag":"{shape:[[0.0,0.0,0.0,8.0,3.0,16.0]]}"}],"conditions":[{"condition":"location_check","predicate":{"block":{"state":{"flower_amount":"2"}}}}]},{"type":"item","name":"egg","functions":[{"function":"set_custom_data","tag":"{shape:[[0.0,0.0,0.0,16.0,3.0,16.0]]}"}],"conditions":[{"condition":"location_check","predicate":{"block":{"state":{"flower_amount":"3"}}}}]},{"type":"item","name":"egg","functions":[{"function":"set_custom_data","tag":"{shape:[[0.0,0.0,0.0,16.0,3.0,16.0]]}"}]}],"conditions":[{"condition":"location_check","predicate":{"block":{"state":{"facing":"north"}}}}]},{"type":"alternatives","children":[{"type":"item","name":"egg","functions":[{"function":"set_custom_data","tag":"{shape:[[8.0,0.0,8.0,16.0,3.0,16.0]]}"}],"conditions":[{"condition":"location_check","predicate":{"block":{"state":{"flower_amount":"1"}}}}]},{"type":"item","name":"egg","functions":[{"function":"set_custom_data","tag":"{shape:[[8.0,0.0,0.0,16.0,3.0,16.0]]}"}],"conditions":[{"condition":"location_check","predicate":{"block":{"state":{"flower_amount":"2"}}}}]},{"type":"item","name":"egg","functions":[{"function":"set_custom_data","tag":"{shape:[[0.0,0.0,0.0,16.0,3.0,16.0]]}"}],"conditions":[{"condition":"location_check","predicate":{"block":{"state":{"flower_amount":"3"}}}}]},{"type":"item","name":"egg","functions":[{"function":"set_custom_data","tag":"{shape:[[0.0,0.0,0.0,16.0,3.0,16.0]]}"}]}],"conditions":[{"condition":"location_check","predicate":{"block":{"state":{"facing":"south"}}}}]},{"type":"alternatives","children":[{"type":"item","name":"egg","functions":[{"function":"set_custom_data","tag":"{shape:[[0.0,0.0,8.0,8.0,3.0,16.0]]}"}],"conditions":[{"condition":"location_check","predicate":{"block":{"state":{"flower_amount":"1"}}}}]},{"type":"item","name":"egg","functions":[{"function":"set_custom_data","tag":"{shape:[[0.0,0.0,8.0,16.0,3.0,16.0]]}"}],"conditions":[{"condition":"location_check","predicate":{"block":{"state":{"flower_amount":"2"}}}}]},{"type":"item","name":"egg","functions":[{"function":"set_custom_data","tag":"{shape:[[0.0,0.0,0.0,16.0,3.0,16.0]]}"}],"conditions":[{"condition":"location_check","predicate":{"block":{"state":{"flower_amount":"3"}}}}]},{"type":"item","name":"egg","functions":[{"function":"set_custom_data","tag":"{shape:[[0.0,0.0,0.0,16.0,3.0,16.0]]}"}]}],"conditions":[{"condition":"location_check","predicate":{"block":{"state":{"facing":"west"}}}}]},{"type":"alternatives","children":[{"type":"item","name":"egg","functions":[{"function":"set_custom_data","tag":"{shape:[[8.0,0.0,0.0,16.0,3.0,8.0]]}"}],"conditions":[{"condition":"location_check","predicate":{"block":{"state":{"flower_amount":"1"}}}}]},{"type":"item","name":"egg","functions":[{"function":"set_custom_data","tag":"{shape:[[0.0,0.0,0.0,16.0,3.0,8.0]]}"}],"conditions":[{"condition":"location_check","predicate":{"block":{"state":{"flower_amount":"2"}}}}]},{"type":"item","name":"egg","functions":[{"function":"set_custom_data","tag":"{shape:[[0.0,0.0,0.0,16.0,3.0,16.0]]}"}],"conditions":[{"condition":"location_check","predicate":{"block":{"state":{"flower_amount":"3"}}}}]},{"type":"item","name":"egg","functions":[{"function":"set_custom_data","tag":"{shape:[[0.0,0.0,0.0,16.0,3.0,16.0]]}"}]}]}]}]}]}
