{"pools":[{"rolls":1,"entries":[{"type":"alternatives","children":[{"type":"alternatives","children":[{"type":"item","name":"egg","functions":[{"function":"set_custom_data","tag":"{shape:[[0.0,11.0,0.0,16.0,15.0,16.0],[5.0,0.0,9.0,11.0,15.0,15.0]]}"}],"conditions":[{"condition":"location_check","predicate":{"block":{"state":{"tilt":"none"}}}}]},{"type":"item","name":"egg","functions":[{"function":"set_custom_data","tag":"{shape:[[0.0,11.0,0.0,16.0,15.0,16.0],[5.0,0.0,9.0,11.0,15.0,15.0]]}"}],"conditions":[{"condition":"location_check","predicate":{"block":{"state":{"tilt":"unstable"}}}}]},{"type":"item","name":"egg","functions":[{"function":"set_custom_data","tag":"{shape:[[0.0,11.0,0.0,16.0,13.0,16.0],[5.0,0.0,9.0,11.0,13.0,15.0]]}"}],"conditions":[{"condition":"location_check","predicate":{"block":{"state":{"tilt":"partial"}}}}]},{"type":"item","name":"egg","functions":[{"function":"set_custom_data","tag":"{shape:[[5.0,0.0,9.0,11.0,13.0,15.0]]}"}]}],"conditions":[{"condition":"location_check","predicate":{"block":{"state":{"facing":"north"}}}}]},{"type":"alternatives","children":[{"type":"item","name":"egg","functions":[{"function":"set_custom_data","tag":"{shape:[[0.0,11.0,0.0,16.0,15.0,16.0],[5.0,0.0,1.0,11.0,15.0,7.0]]}"}],"conditions":[{"condition":"location_check","predicate":{"block":{"state":{"tilt":"none"}}}}]},{"type":"item","name":"egg","functions":[{"function":"set_custom_data","tag":"{shape:[[0.0,11.0,0.0,16.0,15.0,16.0],[5.0,0.0,1.0,11.0,15.0,7.0]]}"}],"conditions":[{"condition":"location_check","predicate":{"block":{"state":{"tilt":"unstable"}}}}]},{"type":"item","name":"egg","functions":[{"function":"set_custom_data","tag":"{shape:[[0.0,11.0,0.0,16.0,13.0,16.0],[5.0,0.0,1.0,11.0,13.0,7.0]]}"}],"conditions":[{"condition":"location_check","predicate":{"block":{"state":{"tilt":"partial"}}}}]},{"type":"item","name":"egg","functions":[{"function":"set_custom_data","tag":"{shape:[[5.0,0.0,1.0,11.0,13.0,7.0]]}"}]}],"conditions":[{"condition":"location_check","predicate":{"block":{"state":{"facing":"south"}}}}]},{"type":"alternatives","children":[{"type":"item","name":"egg","functions":[{"function":"set_custom_data","tag":"{shape:[[0.0,11.0,0.0,16.0,15.0,16.0],[9.0,0.0,5.0,15.0,15.0,11.0]]}"}],"conditions":[{"condition":"location_check","predicate":{"block":{"state":{"tilt":"none"}}}}]},{"type":"item","name":"egg","functions":[{"function":"set_custom_data","tag":"{shape:[[0.0,11.0,0.0,16.0,15.0,16.0],[9.0,0.0,5.0,15.0,15.0,11.0]]}"}],"conditions":[{"condition":"location_check","predicate":{"block":{"state":{"tilt":"unstable"}}}}]},{"type":"item","name":"egg","functions":[{"function":"set_custom_data","tag":"{shape:[[0.0,11.0,0.0,16.0,13.0,16.0],[9.0,0.0,5.0,15.0,13.0,11.0]]}"}],"conditions":[{"condition":"location_check","predicate":{"block":{"state":{"tilt":"partial"}}}}]},{"type":"item","name":"egg","functions":[{"function":"set_custom_data","tag":"{shape:[[9.0,0.0,5.0,15.0,13.0,11.0]]}"}]}],"conditions":[{"condition":"location_check","predicate":{"block":{"state":{"facing":"west"}}}}]},{"type":"alternatives","children":[{"type":"item","name":"egg","functions":[{"function":"set_custom_data","tag":"{shape:[[0.0,11.0,0.0,16.0,15.0,16.0],[1.0,0.0,5.0,7.0,15.0,11.0]]}"}],"conditions":[{"condition":"location_check","predicate":{"block":{"state":{"tilt":"none"}}}}]},{"type":"item","name":"egg","functions":[{"function":"set_custom_data","tag":"{shape:[[0.0,11.0,0.0,16.0,15.0,16.0],[1.0,0.0,5.0,7.0,15.0,11.0]]}"}],"conditions":[{"condition":"location_check","predicate":{"block":{"state":{"tilt":"unstable"}}}}]},{"type":"item","name":"egg","functions":[{"function":"set_custom_data","tag":"{shape:[[0.0,11.0,0.0,16.0,13.0,16.0],[1.0,0.0,5.0,7.0,13.0,11.0]]}"}],"conditions":[{"condition":"location_check","predicate":{"block":{"state":{"tilt":"partial"}}}}]},{"type":"item","name":"egg","functions":[{"function":"set_custom_data","tag":"{shape:[[1.0,0.0,5.0,7.0,13.0,11.0]]}"}]}]}]}]}]}
