{"pools":[{"rolls":1,"entries":[{"type":"alternatives","children":[{"type":"alternatives","children":[{"type":"alternatives","children":[{"type":"alternatives","children":[{"type":"alternatives","children":[{"type":"item","name":"egg","functions":[{"function":"set_custom_data","tag":"{shape:[[0.0,0.0,0.0,16.0,1.0,16.0]]}"}],"conditions":[{"condition":"location_check","predicate":{"block":{"state":{"west":"none"}}}}]},{"type":"item","name":"egg","functions":[{"function":"set_custom_data","tag":"{shape:[[0.0,0.0,0.0,1.0,10.0,16.0],[1.0,0.0,0.0,16.0,1.0,16.0]]}"}],"conditions":[{"condition":"location_check","predicate":{"block":{"state":{"west":"low"}}}}]},{"type":"item","name":"egg","functions":[{"function":"set_custom_data","tag":"{shape:[[0.0,0.0,0.0,1.0,16.0,16.0],[1.0,0.0,0.0,16.0,1.0,16.0]]}"}]}],"conditions":[{"condition":"location_check","predicate":{"block":{"state":{"south":"none"}}}}]},{"type":"alternatives","children":[{"type":"item","name":"egg","functions":[{"function":"set_custom_data","tag":"{shape:[[0.0,0.0,0.0,16.0,1.0,16.0],[0.0,1.0,15.0,16.0,10.0,16.0]]}"}],"conditions":[{"condition":"location_check","predicate":{"block":{"state":{"west":"none"}}}}]},{"type":"item","name":"egg","functions":[{"function":"set_custom_data","tag":"{shape:[[0.0,0.0,0.0,1.0,10.0,16.0],[1.0,0.0,0.0,16.0,1.0,16.0],[1.0,1.0,15.0,16.0,10.0,16.0]]}"}],"conditions":[{"condition":"location_check","predicate":{"block":{"state":{"west":"low"}}}}]},{"type":"item","name":"egg","functions":[{"function":"set_custom_data","tag":"{shape:[[0.0,0.0,0.0,1.0,16.0,16.0],[1.0,0.0,0.0,16.0,1.0,16.0],[1.0,1.0,15.0,16.0,10.0,16.0]]}"}]}],"conditions":[{"condition":"location_check","predicate":{"block":{"state":{"south":"low"}}}}]},{"type":"alternatives","children":[{"type":"item","name":"egg","functions":[{"function":"set_custom_data","tag":"{shape:[[0.0,0.0,0.0,16.0,1.0,16.0],[0.0,1.0,15.0,16.0,16.0,16.0]]}"}],"conditions":[{"condition":"location_check","predicate":{"block":{"state":{"west":"none"}}}}]},{"type":"item","name":"egg","functions":[{"function":"set_custom_data","tag":"{shape:[[0.0,0.0,0.0,1.0,10.0,16.0],[0.0,10.0,15.0,16.0,16.0,16.0],[1.0,0.0,0.0,16.0,1.0,16.0],[1.0,1.0,15.0,16.0,16.0,16.0]]}"}],"conditions":[{"condition":"location_check","predicate":{"block":{"state":{"west":"low"}}}}]},{"type":"item","name":"egg","functions":[{"function":"set_custom_data","tag":"{shape:[[0.0,0.0,0.0,1.0,16.0,16.0],[1.0,0.0,0.0,16.0,1.0,16.0],[1.0,1.0,15.0,16.0,16.0,16.0]]}"}]}]}],"conditions":[{"condition":"location_check","predicate":{"block":{"state":{"north":"none"}}}}]},{"type":"alternatives","children":[{"type":"alternatives","children":[{"type":"item","name":"egg","functions":[{"function":"set_custom_data","tag":"{shape:[[0.0,0.0,0.0,16.0,10.0,1.0],[0.0,0.0,1.0,16.0,1.0,16.0]]}"}],"conditions":[{"condition":"location_check","predicate":{"block":{"state":{"west":"none"}}}}]},{"type":"item","name":"egg","functions":[{"function":"set_custom_data","tag":"{shape:[[0.0,0.0,0.0,16.0,10.0,1.0],[0.0,0.0,1.0,1.0,10.0,16.0],[1.0,0.0,1.0,16.0,1.0,16.0]]}"}],"conditions":[{"condition":"location_check","predicate":{"block":{"state":{"west":"low"}}}}]},{"type":"item","name":"egg","functions":[{"function":"set_custom_data","tag":"{shape:[[0.0,0.0,0.0,1.0,16.0,16.0],[1.0,0.0,0.0,16.0,10.0,1.0],[1.0,0.0,1.0,16.0,1.0,16.0]]}"}]}],"conditions":[{"condition":"location_check","predicate":{"block":{"state":{"south":"none"}}}}]},{"type":"alternatives","children":[{"type":"item","name":"egg","functions":[{"function":"set_custom_data","tag":"{shape:[[0.0,0.0,0.0,16.0,10.0,1.0],[0.0,0.0,1.0,16.0,1.0,16.0],[0.0,1.0,15.0,16.0,10.0,16.0]]}"}],"conditions":[{"condition":"location_check","predicate":{"block":{"state":{"west":"none"}}}}]},{"type":"item","name":"egg","functions":[{"function":"set_custom_data","tag":"{shape:[[0.0,0.0,0.0,16.0,10.0,1.0],[0.0,0.0,1.0,1.0,10.0,16.0],[1.0,0.0,1.0,16.0,1.0,16.0],[1.0,1.0,15.0,16.0,10.0,16.0]]}"}],"conditions":[{"condition":"location_check","predicate":{"block":{"state":{"west":"low"}}}}]},{"type":"item","name":"egg","functions":[{"function":"set_custom_data","tag":"{shape:[[0.0,0.0,0.0,1.0,16.0,16.0],[1.0,0.0,0.0,16.0,10.0,1.0],[1.0,0.0,1.0,16.0,1.0,16.0],[1.0,1.0,15.0,16.0,10.0,16.0]]}"}]}],"conditions":[{"condition":"location_check","predicate":{"block":{"state":{"south":"low"}}}}]},{"type":"alternatives","children":[{"type":"item","name":"egg","functions":[{"function":"set_custom_data","tag":"{shape:[[0.0,0.0,0.0,16.0,10.0,1.0],[0.0,0.0,1.0,16.0,1.0,16.0],[0.0,1.0,15.0,16.0,16.0,16.0]]}"}],"conditions":[{"condition":"location_check","predicate":{"block":{"state":{"west":"none"}}}}]},{"type":"item","name":"egg","functions":[{"function":"set_custom_data","tag":"{shape:[[0.0,0.0,0.0,16.0,10.0,1.0],[0.0,0.0,1.0,1.0,10.0,16.0],[0.0,10.0,15.0,16.0,16.0,16.0],[1.0,0.0,1.0,16.0,1.0,16.0],[1.0,1.0,15.0,16.0,16.0,16.0]]}"}],"conditions":[{"condition":"location_check","predicate":{"block":{"state":{"west":"low"}}}}]},{"type":"item","name":"egg","functions":[{"function":"set_custom_data","tag":"{shape:[[0.0,0.0,0.0,1.0,16.0,16.0],[1.0,0.0,0.0,16.0,10.0,1.0],[1.0,0.0,1.0,16.0,1.0,16.0],[1.0,1.0,15.0,16.0,16.0,16.0]]}"}]}]}],"conditions":[{"condition":"location_check","predicate":{"block":{"state":{"north":"low"}}}}]},{"type":"alternatives","children":[{"type":"alternatives","children":[{"type":"item","name":"egg","functions":[{"function":"set_custom_data","tag":"{shape:[[0.0,0.0,0.0,16.0,16.0,1.0],[0.0,0.0,1.0,16.0,1.0,16.0]]}"}],"conditions":[{"condition":"location_check","predicate":{"block":{"state":{"west":"none"}}}}]},{"type":"item","name":"egg","functions":[{"function":"set_custom_data","tag":"{shape:[[0.0,0.0,0.0,16.0,16.0,1.0],[0.0,0.0,1.0,1.0,10.0,16.0],[1.0,0.0,1.0,16.0,1.0,16.0]]}"}],"conditions":[{"condition":"location_check","predicate":{"block":{"state":{"west":"low"}}}}]},{"type":"item","name":"egg","functions":[{"function":"set_custom_data","tag":"{shape:[[0.0,0.0,0.0,16.0,16.0,1.0],[0.0,0.0,1.0,1.0,16.0,16.0],[1.0,0.0,1.0,16.0,1.0,16.0]]}"}]}],"conditions":[{"condition":"location_check","predicate":{"block":{"state":{"south":"none"}}}}]},{"type":"alternatives","children":[{"type":"item","name":"egg","functions":[{"function":"set_custom_data","tag":"{shape:[[0.0,0.0,0.0,16.0,16.0,1.0],[0.0,0.0,1.0,16.0,1.0,16.0],[0.0,1.0,15.0,16.0,10.0,16.0]]}"}],"conditions":[{"condition":"location_check","predicate":{"block":{"state":{"west":"none"}}}}]},{"type":"item","name":"egg","functions":[{"function":"set_custom_data","tag":"{shape:[[0.0,0.0,0.0,16.0,16.0,1.0],[0.0,0.0,1.0,1.0,10.0,16.0],[1.0,0.0,1.0,16.0,1.0,16.0],[1.0,1.0,15.0,16.0,10.0,16.0]]}"}],"conditions":[{"condition":"location_check","predicate":{"block":{"state":{"west":"low"}}}}]},{"type":"item","name":"egg","functions":[{"function":"set_custom_data","tag":"{shape:[[0.0,0.0,0.0,16.0,16.0,1.0],[0.0,0.0,1.0,1.0,16.0,16.0],[1.0,0.0,1.0,16.0,1.0,16.0],[1.0,1.0,15.0,16.0,10.0,16.0]]}"}]}],"conditions":[{"condition":"location_check","predicate":{"block":{"state":{"south":"low"}}}}]},{"type":"alternatives","children":[{"type":"item","name":"egg","functions":[{"function":"set_custom_data","tag":"{shape:[[0.0,0.0,0.0,16.0,16.0,1.0],[0.0,0.0,1.0,16.0,1.0,16.0],[0.0,1.0,15.0,16.0,16.0,16.0]]}"}],"conditions":[{"condition":"location_check","predicate":{"block":{"state":{"west":"none"}}}}]},{"type":"item","name":"egg","functions":[{"function":"set_custom_data","tag":"{shape:[[0.0,0.0,0.0,16.0,16.0,1.0],[0.0,0.0,1.0,1.0,10.0,16.0],[0.0,10.0,15.0,16.0,16.0,16.0],[1.0,0.0,1.0,16.0,1.0,16.0],[1.0,1.0,15.0,16.0,16.0,16.0]]}"}],"conditions":[{"condition":"location_check","predicate":{"block":{"state":{"west":"low"}}}}]},{"type":"item","name":"egg","functions":[{"function":"set_custom_data","tag":"{shape:[[0.0,0.0,0.0,16.0,16.0,1.0],[0.0,0.0,1.0,1.0,16.0,16.0],[1.0,0.0,1.0,16.0,1.0,16.0],[1.0,1.0,15.0,16.0,16.0,16.0]]}"}]}]}]}],"conditions":[{"condition":"location_check","predicate":{"block":{"state":{"east":"none"}}}}]},{"type":"alternatives","children":[{"type":"alternatives","children":[{"type":"alternatives","children":[{"type":"item","name":"egg","functions":[{"function":"set_custom_data","tag":"{shape:[[0.0,0.0,0.0,16.0,1.0,16.0],[15.0,1.0,0.0,16.0,10.0,16.0]]}"}],"conditions":[{"condition":"location_check","predicate":{"block":{"state":{"west":"none"}}}}]},{"type":"item","name":"egg","functions":[{"function":"set_custom_data","tag":"{shape:[[0.0,0.0,0.0,1.0,10.0,16.0],[1.0,0.0,0.0,16.0,1.0,16.0],[15.0,1.0,0.0,16.0,10.0,16.0]]}"}],"conditions":[{"condition":"location_check","predicate":{"block":{"state":{"west":"low"}}}}]},{"type":"item","name":"egg","functions":[{"function":"set_custom_data","tag":"{shape:[[0.0,0.0,0.0,1.0,16.0,16.0],[1.0,0.0,0.0,16.0,1.0,16.0],[15.0,1.0,0.0,16.0,10.0,16.0]]}"}]}],"conditions":[{"condition":"location_check","predicate":{"block":{"state":{"south":"none"}}}}]},{"type":"alternatives","children":[{"type":"item","name":"egg","functions":[{"function":"set_custom_data","tag":"{shape:[[0.0,0.0,0.0,16.0,1.0,16.0],[0.0,1.0,15.0,16.0,10.0,16.0],[15.0,1.0,0.0,16.0,10.0,16.0]]}"}],"conditions":[{"condition":"location_check","predicate":{"block":{"state":{"west":"none"}}}}]},{"type":"item","name":"egg","functions":[{"function":"set_custom_data","tag":"{shape:[[0.0,0.0,0.0,1.0,10.0,16.0],[1.0,0.0,0.0,16.0,1.0,16.0],[1.0,1.0,15.0,16.0,10.0,16.0],[15.0,1.0,0.0,16.0,10.0,16.0]]}"}],"conditions":[{"condition":"location_check","predicate":{"block":{"state":{"west":"low"}}}}]},{"type":"item","name":"egg","functions":[{"function":"set_custom_data","tag":"{shape:[[0.0,0.0,0.0,1.0,16.0,16.0],[1.0,0.0,0.0,16.0,1.0,16.0],[1.0,1.0,15.0,16.0,10.0,16.0],[15.0,1.0,0.0,16.0,10.0,16.0]]}"}]}],"conditions":[{"condition":"location_check","predicate":{"block":{"state":{"south":"low"}}}}]},{"type":"alternatives","children":[{"type":"item","name":"egg","functions":[{"function":"set_custom_data","tag":"{shape:[[0.0,0.0,0.0,16.0,1.0,16.0],[0.0,1.0,15.0,16.0,16.0,16.0],[15.0,1.0,0.0,16.0,10.0,16.0]]}"}],"conditions":[{"condition":"location_check","predicate":{"block":{"state":{"west":"none"}}}}]},{"type":"item","name":"egg","functions":[{"function":"set_custom_data","tag":"{shape:[[0.0,0.0,0.0,1.0,10.0,16.0],[0.0,10.0,15.0,16.0,16.0,16.0],[1.0,0.0,0.0,16.0,1.0,16.0],[1.0,1.0,15.0,16.0,16.0,16.0],[15.0,1.0,0.0,16.0,10.0,16.0]]}"}],"conditions":[{"condition":"location_check","predicate":{"block":{"state":{"west":"low"}}}}]},{"type":"item","name":"egg","functions":[{"function":"set_custom_data","tag":"{shape:[[0.0,0.0,0.0,1.0,16.0,16.0],[1.0,0.0,0.0,16.0,1.0,16.0],[1.0,1.0,15.0,16.0,16.0,16.0],[15.0,1.0,0.0,16.0,10.0,16.0]]}"}]}]}],"conditions":[{"condition":"location_check","predicate":{"block":{"state":{"north":"none"}}}}]},{"type":"alternatives","children":[{"type":"alternatives","children":[{"type":"item","name":"egg","functions":[{"function":"set_custom_data","tag":"{shape:[[0.0,0.0,0.0,16.0,10.0,1.0],[0.0,0.0,1.0,16.0,1.0,16.0],[15.0,1.0,1.0,16.0,10.0,16.0]]}"}],"conditions":[{"condition":"location_check","predicate":{"block":{"state":{"west":"none"}}}}]},{"type":"item","name":"egg","functions":[{"function":"set_custom_data","tag":"{shape:[[0.0,0.0,0.0,16.0,10.0,1.0],[0.0,0.0,1.0,1.0,10.0,16.0],[1.0,0.0,1.0,16.0,1.0,16.0],[15.0,1.0,1.0,16.0,10.0,16.0]]}"}],"conditions":[{"condition":"location_check","predicate":{"block":{"state":{"west":"low"}}}}]},{"type":"item","name":"egg","functions":[{"function":"set_custom_data","tag":"{shape:[[0.0,0.0,0.0,1.0,16.0,16.0],[1.0,0.0,0.0,16.0,10.0,1.0],[1.0,0.0,1.0,16.0,1.0,16.0],[15.0,1.0,1.0,16.0,10.0,16.0]]}"}]}],"conditions":[{"condition":"location_check","predicate":{"block":{"state":{"south":"none"}}}}]},{"type":"alternatives","children":[{"type":"item","name":"egg","functions":[{"function":"set_custom_data","tag":"{shape:[[0.0,0.0,0.0,16.0,10.0,1.0],[0.0,0.0,1.0,16.0,1.0,16.0],[0.0,1.0,15.0,16.0,10.0,16.0],[15.0,1.0,1.0,16.0,10.0,16.0]]}"}],"conditions":[{"condition":"location_check","predicate":{"block":{"state":{"west":"none"}}}}]},{"type":"item","name":"egg","functions":[{"function":"set_custom_data","tag":"{shape:[[0.0,0.0,0.0,16.0,10.0,1.0],[0.0,0.0,1.0,1.0,10.0,16.0],[1.0,0.0,1.0,16.0,1.0,16.0],[1.0,1.0,15.0,16.0,10.0,16.0],[15.0,1.0,1.0,16.0,10.0,16.0]]}"}],"conditions":[{"condition":"location_check","predicate":{"block":{"state":{"west":"low"}}}}]},{"type":"item","name":"egg","functions":[{"function":"set_custom_data","tag":"{shape:[[0.0,0.0,0.0,1.0,16.0,16.0],[1.0,0.0,0.0,16.0,10.0,1.0],[1.0,0.0,1.0,16.0,1.0,16.0],[1.0,1.0,15.0,16.0,10.0,16.0],[15.0,1.0,1.0,16.0,10.0,16.0]]}"}]}],"conditions":[{"condition":"location_check","predicate":{"block":{"state":{"south":"low"}}}}]},{"type":"alternatives","children":[{"type":"item","name":"egg","functions":[{"function":"set_custom_data","tag":"{shape:[[0.0,0.0,0.0,16.0,10.0,1.0],[0.0,0.0,1.0,16.0,1.0,16.0],[0.0,1.0,15.0,16.0,16.0,16.0],[15.0,1.0,1.0,16.0,10.0,16.0]]}"}],"conditions":[{"condition":"location_check","predicate":{"block":{"state":{"west":"none"}}}}]},{"type":"item","name":"egg","functions":[{"function":"set_custom_data","tag":"{shape:[[0.0,0.0,0.0,16.0,10.0,1.0],[0.0,0.0,1.0,1.0,10.0,16.0],[0.0,10.0,15.0,16.0,16.0,16.0],[1.0,0.0,1.0,16.0,1.0,16.0],[1.0,1.0,15.0,16.0,16.0,16.0],[15.0,1.0,1.0,16.0,10.0,16.0]]}"}],"conditions":[{"condition":"location_check","predicate":{"block":{"state":{"west":"low"}}}}]},{"type":"item","name":"egg","functions":[{"function":"set_custom_data","tag":"{shape:[[0.0,0.0,0.0,1.0,16.0,16.0],[1.0,0.0,0.0,16.0,10.0,1.0],[1.0,0.0,1.0,16.0,1.0,16.0],[1.0,1.0,15.0,16.0,16.0,16.0],[15.0,1.0,1.0,16.0,10.0,16.0]]}"}]}]}],"conditions":[{"condition":"location_check","predicate":{"block":{"state":{"north":"low"}}}}]},{"type":"alternatives","children":[{"type":"alternatives","children":[{"type":"item","name":"egg","functions":[{"function":"set_custom_data","tag":"{shape:[[0.0,0.0,0.0,16.0,16.0,1.0],[0.0,0.0,1.0,16.0,1.0,16.0],[15.0,1.0,1.0,16.0,10.0,16.0]]}"}],"conditions":[{"condition":"location_check","predicate":{"block":{"state":{"west":"none"}}}}]},{"type":"item","name":"egg","functions":[{"function":"set_custom_data","tag":"{shape:[[0.0,0.0,0.0,16.0,16.0,1.0],[0.0,0.0,1.0,1.0,10.0,16.0],[1.0,0.0,1.0,16.0,1.0,16.0],[15.0,1.0,1.0,16.0,10.0,16.0]]}"}],"conditions":[{"condition":"location_check","predicate":{"block":{"state":{"west":"low"}}}}]},{"type":"item","name":"egg","functions":[{"function":"set_custom_data","tag":"{shape:[[0.0,0.0,0.0,16.0,16.0,1.0],[0.0,0.0,1.0,1.0,16.0,16.0],[1.0,0.0,1.0,16.0,1.0,16.0],[15.0,1.0,1.0,16.0,10.0,16.0]]}"}]}],"conditions":[{"condition":"location_check","predicate":{"block":{"state":{"south":"none"}}}}]},{"type":"alternatives","children":[{"type":"item","name":"egg","functions":[{"function":"set_custom_data","tag":"{shape:[[0.0,0.0,0.0,16.0,16.0,1.0],[0.0,0.0,1.0,16.0,1.0,16.0],[0.0,1.0,15.0,16.0,10.0,16.0],[15.0,1.0,1.0,16.0,10.0,16.0]]}"}],"conditions":[{"condition":"location_check","predicate":{"block":{"state":{"west":"none"}}}}]},{"type":"item","name":"egg","functions":[{"function":"set_custom_data","tag":"{shape:[[0.0,0.0,0.0,16.0,16.0,1.0],[0.0,0.0,1.0,1.0,10.0,16.0],[1.0,0.0,1.0,16.0,1.0,16.0],[1.0,1.0,15.0,16.0,10.0,16.0],[15.0,1.0,1.0,16.0,10.0,16.0]]}"}],"conditions":[{"condition":"location_check","predicate":{"block":{"state":{"west":"low"}}}}]},{"type":"item","name":"egg","functions":[{"function":"set_custom_data","tag":"{shape:[[0.0,0.0,0.0,16.0,16.0,1.0],[0.0,0.0,1.0,1.0,16.0,16.0],[1.0,0.0,1.0,16.0,1.0,16.0],[1.0,1.0,15.0,16.0,10.0,16.0],[15.0,1.0,1.0,16.0,10.0,16.0]]}"}]}],"conditions":[{"condition":"location_check","predicate":{"block":{"state":{"south":"low"}}}}]},{"type":"alternatives","children":[{"type":"item","name":"egg","functions":[{"function":"set_custom_data","tag":"{shape:[[0.0,0.0,0.0,16.0,16.0,1.0],[0.0,0.0,1.0,16.0,1.0,16.0],[0.0,1.0,15.0,16.0,16.0,16.0],[15.0,1.0,1.0,16.0,10.0,16.0]]}"}],"conditions":[{"condition":"location_check","predicate":{"block":{"state":{"west":"none"}}}}]},{"type":"item","name":"egg","functions":[{"function":"set_custom_data","tag":"{shape:[[0.0,0.0,0.0,16.0,16.0,1.0],[0.0,0.0,1.0,1.0,10.0,16.0],[0.0,10.0,15.0,16.0,16.0,16.0],[1.0,0.0,1.0,16.0,1.0,16.0],[1.0,1.0,15.0,16.0,16.0,16.0],[15.0,1.0,1.0,16.0,10.0,16.0]]}"}],"conditions":[{"condition":"location_check","predicate":{"block":{"state":{"west":"low"}}}}]},{"type":"item","name":"egg","functions":[{"function":"set_custom_data","tag":"{shape:[[0.0,0.0,0.0,16.0,16.0,1.0],[0.0,0.0,1.0,1.0,16.0,16.0],[1.0,0.0,1.0,16.0,1.0,16.0],[1.0,1.0,15.0,16.0,16.0,16.0],[15.0,1.0,1.0,16.0,10.0,16.0]]}"}]}]}]}],"conditions":[{"condition":"location_check","predicate":{"block":{"state":{"east":"low"}}}}]},{"type":"alternatives","children":[{"type":"alternatives","children":[{"type":"alternatives","children":[{"type":"item","name":"egg","functions":[{"function":"set_custom_data","tag":"{shape:[[0.0,0.0,0.0,16.0,1.0,16.0],[15.0,1.0,0.0,16.0,16.0,16.0]]}"}],"conditions":[{"condition":"location_check","predicate":{"block":{"state":{"west":"none"}}}}]},{"type":"item","name":"egg","functions":[{"function":"set_custom_data","tag":"{shape:[[0.0,0.0,0.0,1.0,10.0,16.0],[1.0,0.0,0.0,16.0,1.0,16.0],[15.0,1.0,0.0,16.0,16.0,16.0]]}"}],"conditions":[{"condition":"location_check","predicate":{"block":{"state":{"west":"low"}}}}]},{"type":"item","name":"egg","functions":[{"function":"set_custom_data","tag":"{shape:[[0.0,0.0,0.0,1.0,16.0,16.0],[1.0,0.0,0.0,16.0,1.0,16.0],[15.0,1.0,0.0,16.0,16.0,16.0]]}"}]}],"conditions":[{"condition":"location_check","predicate":{"block":{"state":{"south":"none"}}}}]},{"type":"alternatives","children":[{"type":"item","name":"egg","functions":[{"function":"set_custom_data","tag":"{shape:[[0.0,0.0,0.0,16.0,1.0,16.0],[0.0,1.0,15.0,16.0,10.0,16.0],[15.0,1.0,0.0,16.0,16.0,16.0]]}"}],"conditions":[{"condition":"location_check","predicate":{"block":{"state":{"west":"none"}}}}]},{"type":"item","name":"egg","functions":[{"function":"set_custom_data","tag":"{shape:[[0.0,0.0,0.0,1.0,10.0,16.0],[1.0,0.0,0.0,16.0,1.0,16.0],[1.0,1.0,15.0,16.0,10.0,16.0],[15.0,1.0,0.0,16.0,16.0,16.0]]}"}],"conditions":[{"condition":"location_check","predicate":{"block":{"state":{"west":"low"}}}}]},{"type":"item","name":"egg","functions":[{"function":"set_custom_data","tag":"{shape:[[0.0,0.0,0.0,1.0,16.0,16.0],[1.0,0.0,0.0,16.0,1.0,16.0],[1.0,1.0,15.0,16.0,10.0,16.0],[15.0,1.0,0.0,16.0,16.0,16.0]]}"}]}],"conditions":[{"condition":"location_check","predicate":{"block":{"state":{"south":"low"}}}}]},{"type":"alternatives","children":[{"type":"item","name":"egg","functions":[{"function":"set_custom_data","tag":"{shape:[[0.0,0.0,0.0,16.0,1.0,16.0],[0.0,1.0,15.0,16.0,16.0,16.0],[15.0,1.0,0.0,16.0,16.0,16.0]]}"}],"conditions":[{"condition":"location_check","predicate":{"block":{"state":{"west":"none"}}}}]},{"type":"item","name":"egg","functions":[{"function":"set_custom_data","tag":"{shape:[[0.0,0.0,0.0,1.0,10.0,16.0],[0.0,10.0,15.0,16.0,16.0,16.0],[1.0,0.0,0.0,16.0,1.0,16.0],[1.0,1.0,15.0,16.0,16.0,16.0],[15.0,1.0,0.0,16.0,16.0,16.0]]}"}],"conditions":[{"condition":"location_check","predicate":{"block":{"state":{"west":"low"}}}}]},{"type":"item","name":"egg","functions":[{"function":"set_custom_data","tag":"{shape:[[0.0,0.0,0.0,1.0,16.0,16.0],[1.0,0.0,0.0,16.0,1.0,16.0],[1.0,1.0,15.0,16.0,16.0,16.0],[15.0,1.0,0.0,16.0,16.0,16.0]]}"}]}]}],"conditions":[{"condition":"location_check","predicate":{"block":{"state":{"north":"none"}}}}]},{"type":"alternatives","children":[{"type":"alternatives","children":[{"type":"item","name":"egg","functions":[{"function":"set_custom_data","tag":"{shape:[[0.0,0.0,0.0,16.0,10.0,1.0],[0.0,0.0,1.0,16.0,1.0,16.0],[15.0,1.0,1.0,16.0,16.0,16.0],[15.0,10.0,0.0,16.0,16.0,16.0]]}"}],"conditions":[{"condition":"location_check","predicate":{"block":{"state":{"west":"none"}}}}]},{"type":"item","name":"egg","functions":[{"function":"set_custom_data","tag":"{shape:[[0.0,0.0,0.0,16.0,10.0,1.0],[0.0,0.0,1.0,1.0,10.0,16.0],[1.0,0.0,1.0,16.0,1.0,16.0],[15.0,1.0,1.0,16.0,16.0,16.0],[15.0,10.0,0.0,16.0,16.0,16.0]]}"}],"conditions":[{"condition":"location_check","predicate":{"block":{"state":{"west":"low"}}}}]},{"type":"item","name":"egg","functions":[{"function":"set_custom_data","tag":"{shape:[[0.0,0.0,0.0,1.0,16.0,16.0],[1.0,0.0,0.0,16.0,10.0,1.0],[1.0,0.0,1.0,16.0,1.0,16.0],[15.0,1.0,1.0,16.0,16.0,16.0],[15.0,10.0,0.0,16.0,16.0,16.0]]}"}]}],"conditions":[{"condition":"location_check","predicate":{"block":{"state":{"south":"none"}}}}]},{"type":"alternatives","children":[{"type":"item","name":"egg","functions":[{"function":"set_custom_data","tag":"{shape:[[0.0,0.0,0.0,16.0,10.0,1.0],[0.0,0.0,1.0,16.0,1.0,16.0],[0.0,1.0,15.0,16.0,10.0,16.0],[15.0,1.0,1.0,16.0,16.0,16.0],[15.0,10.0,0.0,16.0,16.0,16.0]]}"}],"conditions":[{"condition":"location_check","predicate":{"block":{"state":{"west":"none"}}}}]},{"type":"item","name":"egg","functions":[{"function":"set_custom_data","tag":"{shape:[[0.0,0.0,0.0,16.0,10.0,1.0],[0.0,0.0,1.0,1.0,10.0,16.0],[1.0,0.0,1.0,16.0,1.0,16.0],[1.0,1.0,15.0,16.0,10.0,16.0],[15.0,1.0,1.0,16.0,16.0,16.0],[15.0,10.0,0.0,16.0,16.0,16.0]]}"}],"conditions":[{"condition":"location_check","predicate":{"block":{"state":{"west":"low"}}}}]},{"type":"item","name":"egg","functions":[{"function":"set_custom_data","tag":"{shape:[[0.0,0.0,0.0,1.0,16.0,16.0],[1.0,0.0,0.0,16.0,10.0,1.0],[1.0,0.0,1.0,16.0,1.0,16.0],[1.0,1.0,15.0,16.0,10.0,16.0],[15.0,1.0,1.0,16.0,16.0,16.0],[15.0,10.0,0.0,16.0,16.0,16.0]]}"}]}],"conditions":[{"condition":"location_check","predicate":{"block":{"state":{"south":"low"}}}}]},{"type":"alternatives","children":[{"type":"item","name":"egg","functions":[{"function":"set_custom_data","tag":"{shape:[[0.0,0.0,0.0,16.0,10.0,1.0],[0.0,0.0,1.0,16.0,1.0,16.0],[0.0,1.0,15.0,16.0,16.0,16.0],[15.0,1.0,1.0,16.0,16.0,16.0],[15.0,10.0,0.0,16.0,16.0,16.0]]}"}],"conditions":[{"condition":"location_check","predicate":{"block":{"state":{"west":"none"}}}}]},{"type":"item","name":"egg","functions":[{"function":"set_custom_data","tag":"{shape:[[0.0,0.0,0.0,16.0,10.0,1.0],[0.0,0.0,1.0,1.0,10.0,16.0],[0.0,10.0,15.0,16.0,16.0,16.0],[1.0,0.0,1.0,16.0,1.0,16.0],[1.0,1.0,15.0,16.0,16.0,16.0],[15.0,1.0,1.0,16.0,16.0,16.0],[15.0,10.0,0.0,16.0,16.0,16.0]]}"}],"conditions":[{"condition":"location_check","predicate":{"block":{"state":{"west":"low"}}}}]},{"type":"item","name":"egg","functions":[{"function":"set_custom_data","tag":"{shape:[[0.0,0.0,0.0,1.0,16.0,16.0],[1.0,0.0,0.0,16.0,10.0,1.0],[1.0,0.0,1.0,16.0,1.0,16.0],[1.0,1.0,15.0,16.0,16.0,16.0],[15.0,1.0,1.0,16.0,16.0,16.0],[15.0,10.0,0.0,16.0,16.0,16.0]]}"}]}]}],"conditions":[{"condition":"location_check","predicate":{"block":{"state":{"north":"low"}}}}]},{"type":"alternatives","children":[{"type":"alternatives","children":[{"type":"item","name":"egg","functions":[{"function":"set_custom_data","tag":"{shape:[[0.0,0.0,0.0,16.0,16.0,1.0],[0.0,0.0,1.0,16.0,1.0,16.0],[15.0,1.0,1.0,16.0,16.0,16.0]]}"}],"conditions":[{"condition":"location_check","predicate":{"block":{"state":{"west":"none"}}}}]},{"type":"item","name":"egg","functions":[{"function":"set_custom_data","tag":"{shape:[[0.0,0.0,0.0,16.0,16.0,1.0],[0.0,0.0,1.0,1.0,10.0,16.0],[1.0,0.0,1.0,16.0,1.0,16.0],[15.0,1.0,1.0,16.0,16.0,16.0]]}"}],"conditions":[{"condition":"location_check","predicate":{"block":{"state":{"west":"low"}}}}]},{"type":"item","name":"egg","functions":[{"function":"set_custom_data","tag":"{shape:[[0.0,0.0,0.0,16.0,16.0,1.0],[0.0,0.0,1.0,1.0,16.0,16.0],[1.0,0.0,1.0,16.0,1.0,16.0],[15.0,1.0,1.0,16.0,16.0,16.0]]}"}]}],"conditions":[{"condition":"location_check","predicate":{"block":{"state":{"south":"none"}}}}]},{"type":"alternatives","children":[{"type":"item","name":"egg","functions":[{"function":"set_custom_data","tag":"{shape:[[0.0,0.0,0.0,16.0,16.0,1.0],[0.0,0.0,1.0,16.0,1.0,16.0],[0.0,1.0,15.0,16.0,10.0,16.0],[15.0,1.0,1.0,16.0,16.0,16.0]]}"}],"conditions":[{"condition":"location_check","predicate":{"block":{"state":{"west":"none"}}}}]},{"type":"item","name":"egg","functions":[{"function":"set_custom_data","tag":"{shape:[[0.0,0.0,0.0,16.0,16.0,1.0],[0.0,0.0,1.0,1.0,10.0,16.0],[1.0,0.0,1.0,16.0,1.0,16.0],[1.0,1.0,15.0,16.0,10.0,16.0],[15.0,1.0,1.0,16.0,16.0,16.0]]}"}],"conditions":[{"condition":"location_check","predicate":{"block":{"state":{"west":"low"}}}}]},{"type":"item","name":"egg","functions":[{"function":"set_custom_data","tag":"{shape:[[0.0,0.0,0.0,16.0,16.0,1.0],[0.0,0.0,1.0,1.0,16.0,16.0],[1.0,0.0,1.0,16.0,1.0,16.0],[1.0,1.0,15.0,16.0,10.0,16.0],[15.0,1.0,1.0,16.0,16.0,16.0]]}"}]}],"conditions":[{"condition":"location_check","predicate":{"block":{"state":{"south":"low"}}}}]},{"type":"alternatives","children":[{"type":"item","name":"egg","functions":[{"function":"set_custom_data","tag":"{shape:[[0.0,0.0,0.0,16.0,16.0,1.0],[0.0,0.0,1.0,16.0,1.0,16.0],[0.0,1.0,15.0,16.0,16.0,16.0],[15.0,1.0,1.0,16.0,16.0,16.0]]}"}],"conditions":[{"condition":"location_check","predicate":{"block":{"state":{"west":"none"}}}}]},{"type":"item","name":"egg","functions":[{"function":"set_custom_data","tag":"{shape:[[0.0,0.0,0.0,16.0,16.0,1.0],[0.0,0.0,1.0,1.0,10.0,16.0],[0.0,10.0,15.0,16.0,16.0,16.0],[1.0,0.0,1.0,16.0,1.0,16.0],[1.0,1.0,15.0,16.0,16.0,16.0],[15.0,1.0,1.0,16.0,16.0,16.0]]}"}],"conditions":[{"condition":"location_check","predicate":{"block":{"state":{"west":"low"}}}}]},{"type":"item","name":"egg","functions":[{"function":"set_custom_data","tag":"{shape:[[0.0,0.0,0.0,16.0,16.0,1.0],[0.0,0.0,1.0,1.0,16.0,16.0],[1.0,0.0,1.0,16.0,1.0,16.0],[1.0,1.0,15.0,16.0,16.0,16.0],[15.0,1.0,1.0,16.0,16.0,16.0]]}"}]}]}]}]}],"conditions":[{"condition":"location_check","predicate":{"block":{"state":{"bottom":"true"}}}}]},{"type":"alternatives","children":[{"type":"alternatives","children":[{"type":"alternatives","children":[{"type":"alternatives","children":[{"type":"item","name":"egg","functions":[{"function":"set_custom_data","tag":"{shape:[[0.0,0.0,0.0,16.0,16.0,16.0]]}"}],"conditions":[{"condition":"location_check","predicate":{"block":{"state":{"west":"none"}}}}]},{"type":"item","name":"egg","functions":[{"function":"set_custom_data","tag":"{shape:[[0.0,0.0,0.0,1.0,10.0,16.0]]}"}],"conditions":[{"condition":"location_check","predicate":{"block":{"state":{"west":"low"}}}}]},{"type":"item","name":"egg","functions":[{"function":"set_custom_data","tag":"{shape:[[0.0,0.0,0.0,1.0,16.0,16.0]]}"}]}],"conditions":[{"condition":"location_check","predicate":{"block":{"state":{"south":"none"}}}}]},{"type":"alternatives","children":[{"type":"item","name":"egg","functions":[{"function":"set_custom_data","tag":"{shape:[[0.0,0.0,15.0,16.0,10.0,16.0]]}"}],"conditions":[{"condition":"location_check","predicate":{"block":{"state":{"west":"none"}}}}]},{"type":"item","name":"egg","functions":[{"function":"set_custom_data","tag":"{shape:[[0.0,0.0,0.0,1.0,10.0,16.0],[1.0,0.0,15.0,16.0,10.0,16.0]]}"}],"conditions":[{"condition":"location_check","predicate":{"block":{"state":{"west":"low"}}}}]},{"type":"item","name":"egg","functions":[{"function":"set_custom_data","tag":"{shape:[[0.0,0.0,0.0,1.0,16.0,16.0],[1.0,0.0,15.0,16.0,10.0,16.0]]}"}]}],"conditions":[{"condition":"location_check","predicate":{"block":{"state":{"south":"low"}}}}]},{"type":"alternatives","children":[{"type":"item","name":"egg","functions":[{"function":"set_custom_data","tag":"{shape:[[0.0,0.0,15.0,16.0,16.0,16.0]]}"}],"conditions":[{"condition":"location_check","predicate":{"block":{"state":{"west":"none"}}}}]},{"type":"item","name":"egg","functions":[{"function":"set_custom_data","tag":"{shape:[[0.0,0.0,0.0,1.0,10.0,16.0],[0.0,10.0,15.0,16.0,16.0,16.0],[1.0,0.0,15.0,16.0,16.0,16.0]]}"}],"conditions":[{"condition":"location_check","predicate":{"block":{"state":{"west":"low"}}}}]},{"type":"item","name":"egg","functions":[{"function":"set_custom_data","tag":"{shape:[[0.0,0.0,0.0,1.0,16.0,16.0],[1.0,0.0,15.0,16.0,16.0,16.0]]}"}]}]}],"conditions":[{"condition":"location_check","predicate":{"block":{"state":{"north":"none"}}}}]},{"type":"alternatives","children":[{"type":"alternatives","children":[{"type":"item","name":"egg","functions":[{"function":"set_custom_data","tag":"{shape:[[0.0,0.0,0.0,16.0,10.0,1.0]]}"}],"conditions":[{"condition":"location_check","predicate":{"block":{"state":{"west":"none"}}}}]},{"type":"item","name":"egg","functions":[{"function":"set_custom_data","tag":"{shape:[[0.0,0.0,0.0,16.0,10.0,1.0],[0.0,0.0,1.0,1.0,10.0,16.0]]}"}],"conditions":[{"condition":"location_check","predicate":{"block":{"state":{"west":"low"}}}}]},{"type":"item","name":"egg","functions":[{"function":"set_custom_data","tag":"{shape:[[0.0,0.0,0.0,1.0,16.0,16.0],[1.0,0.0,0.0,16.0,10.0,1.0]]}"}]}],"conditions":[{"condition":"location_check","predicate":{"block":{"state":{"south":"none"}}}}]},{"type":"alternatives","children":[{"type":"item","name":"egg","functions":[{"function":"set_custom_data","tag":"{shape:[[0.0,0.0,0.0,16.0,10.0,1.0],[0.0,0.0,15.0,16.0,10.0,16.0]]}"}],"conditions":[{"condition":"location_check","predicate":{"block":{"state":{"west":"none"}}}}]},{"type":"item","name":"egg","functions":[{"function":"set_custom_data","tag":"{shape:[[0.0,0.0,0.0,16.0,10.0,1.0],[0.0,0.0,1.0,1.0,10.0,16.0],[1.0,0.0,15.0,16.0,10.0,16.0]]}"}],"conditions":[{"condition":"location_check","predicate":{"block":{"state":{"west":"low"}}}}]},{"type":"item","name":"egg","functions":[{"function":"set_custom_data","tag":"{shape:[[0.0,0.0,0.0,1.0,16.0,16.0],[1.0,0.0,0.0,16.0,10.0,1.0],[1.0,0.0,15.0,16.0,10.0,16.0]]}"}]}],"conditions":[{"condition":"location_check","predicate":{"block":{"state":{"south":"low"}}}}]},{"type":"alternatives","children":[{"type":"item","name":"egg","functions":[{"function":"set_custom_data","tag":"{shape:[[0.0,0.0,0.0,16.0,10.0,1.0],[0.0,0.0,15.0,16.0,16.0,16.0]]}"}],"conditions":[{"condition":"location_check","predicate":{"block":{"state":{"west":"none"}}}}]},{"type":"item","name":"egg","functions":[{"function":"set_custom_data","tag":"{shape:[[0.0,0.0,0.0,16.0,10.0,1.0],[0.0,0.0,1.0,1.0,10.0,16.0],[0.0,10.0,15.0,16.0,16.0,16.0],[1.0,0.0,15.0,16.0,16.0,16.0]]}"}],"conditions":[{"condition":"location_check","predicate":{"block":{"state":{"west":"low"}}}}]},{"type":"item","name":"egg","functions":[{"function":"set_custom_data","tag":"{shape:[[0.0,0.0,0.0,1.0,16.0,16.0],[1.0,0.0,0.0,16.0,10.0,1.0],[1.0,0.0,15.0,16.0,16.0,16.0]]}"}]}]}],"conditions":[{"condition":"location_check","predicate":{"block":{"state":{"north":"low"}}}}]},{"type":"alternatives","children":[{"type":"alternatives","children":[{"type":"item","name":"egg","functions":[{"function":"set_custom_data","tag":"{shape:[[0.0,0.0,0.0,16.0,16.0,1.0]]}"}],"conditions":[{"condition":"location_check","predicate":{"block":{"state":{"west":"none"}}}}]},{"type":"item","name":"egg","functions":[{"function":"set_custom_data","tag":"{shape:[[0.0,0.0,0.0,16.0,16.0,1.0],[0.0,0.0,1.0,1.0,10.0,16.0]]}"}],"conditions":[{"condition":"location_check","predicate":{"block":{"state":{"west":"low"}}}}]},{"type":"item","name":"egg","functions":[{"function":"set_custom_data","tag":"{shape:[[0.0,0.0,0.0,16.0,16.0,1.0],[0.0,0.0,1.0,1.0,16.0,16.0]]}"}]}],"conditions":[{"condition":"location_check","predicate":{"block":{"state":{"south":"none"}}}}]},{"type":"alternatives","children":[{"type":"item","name":"egg","functions":[{"function":"set_custom_data","tag":"{shape:[[0.0,0.0,0.0,16.0,16.0,1.0],[0.0,0.0,15.0,16.0,10.0,16.0]]}"}],"conditions":[{"condition":"location_check","predicate":{"block":{"state":{"west":"none"}}}}]},{"type":"item","name":"egg","functions":[{"function":"set_custom_data","tag":"{shape:[[0.0,0.0,0.0,16.0,16.0,1.0],[0.0,0.0,1.0,1.0,10.0,16.0],[1.0,0.0,15.0,16.0,10.0,16.0]]}"}],"conditions":[{"condition":"location_check","predicate":{"block":{"state":{"west":"low"}}}}]},{"type":"item","name":"egg","functions":[{"function":"set_custom_data","tag":"{shape:[[0.0,0.0,0.0,16.0,16.0,1.0],[0.0,0.0,1.0,1.0,16.0,16.0],[1.0,0.0,15.0,16.0,10.0,16.0]]}"}]}],"conditions":[{"condition":"location_check","predicate":{"block":{"state":{"south":"low"}}}}]},{"type":"alternatives","children":[{"type":"item","name":"egg","functions":[{"function":"set_custom_data","tag":"{shape:[[0.0,0.0,0.0,16.0,16.0,1.0],[0.0,0.0,15.0,16.0,16.0,16.0]]}"}],"conditions":[{"condition":"location_check","predicate":{"block":{"state":{"west":"none"}}}}]},{"type":"item","name":"egg","functions":[{"function":"set_custom_data","tag":"{shape:[[0.0,0.0,0.0,16.0,16.0,1.0],[0.0,0.0,1.0,1.0,10.0,16.0],[0.0,10.0,15.0,16.0,16.0,16.0],[1.0,0.0,15.0,16.0,16.0,16.0]]}"}],"conditions":[{"condition":"location_check","predicate":{"block":{"state":{"west":"low"}}}}]},{"type":"item","name":"egg","functions":[{"function":"set_custom_data","tag":"{shape:[[0.0,0.0,0.0,16.0,16.0,1.0],[0.0,0.0,1.0,1.0,16.0,16.0],[1.0,0.0,15.0,16.0,16.0,16.0]]}"}]}]}]}],"conditions":[{"condition":"location_check","predicate":{"block":{"state":{"east":"none"}}}}]},{"type":"alternatives","children":[{"type":"alternatives","children":[{"type":"alternatives","children":[{"type":"item","name":"egg","functions":[{"function":"set_custom_data","tag":"{shape:[[15.0,0.0,0.0,16.0,10.0,16.0]]}"}],"conditions":[{"condition":"location_check","predicate":{"block":{"state":{"west":"none"}}}}]},{"type":"item","name":"egg","functions":[{"function":"set_custom_data","tag":"{shape:[[0.0,0.0,0.0,1.0,10.0,16.0],[15.0,0.0,0.0,16.0,10.0,16.0]]}"}],"conditions":[{"condition":"location_check","predicate":{"block":{"state":{"west":"low"}}}}]},{"type":"item","name":"egg","functions":[{"function":"set_custom_data","tag":"{shape:[[0.0,0.0,0.0,1.0,16.0,16.0],[15.0,0.0,0.0,16.0,10.0,16.0]]}"}]}],"conditions":[{"condition":"location_check","predicate":{"block":{"state":{"south":"none"}}}}]},{"type":"alternatives","children":[{"type":"item","name":"egg","functions":[{"function":"set_custom_data","tag":"{shape:[[0.0,0.0,15.0,16.0,10.0,16.0],[15.0,0.0,0.0,16.0,10.0,16.0]]}"}],"conditions":[{"condition":"location_check","predicate":{"block":{"state":{"west":"none"}}}}]},{"type":"item","name":"egg","functions":[{"function":"set_custom_data","tag":"{shape:[[0.0,0.0,0.0,1.0,10.0,16.0],[1.0,0.0,15.0,16.0,10.0,16.0],[15.0,0.0,0.0,16.0,10.0,16.0]]}"}],"conditions":[{"condition":"location_check","predicate":{"block":{"state":{"west":"low"}}}}]},{"type":"item","name":"egg","functions":[{"function":"set_custom_data","tag":"{shape:[[0.0,0.0,0.0,1.0,16.0,16.0],[1.0,0.0,15.0,16.0,10.0,16.0],[15.0,0.0,0.0,16.0,10.0,16.0]]}"}]}],"conditions":[{"condition":"location_check","predicate":{"block":{"state":{"south":"low"}}}}]},{"type":"alternatives","children":[{"type":"item","name":"egg","functions":[{"function":"set_custom_data","tag":"{shape:[[0.0,0.0,15.0,16.0,16.0,16.0],[15.0,0.0,0.0,16.0,10.0,16.0]]}"}],"conditions":[{"condition":"location_check","predicate":{"block":{"state":{"west":"none"}}}}]},{"type":"item","name":"egg","functions":[{"function":"set_custom_data","tag":"{shape:[[0.0,0.0,0.0,1.0,10.0,16.0],[0.0,10.0,15.0,16.0,16.0,16.0],[1.0,0.0,15.0,16.0,16.0,16.0],[15.0,0.0,0.0,16.0,10.0,16.0]]}"}],"conditions":[{"condition":"location_check","predicate":{"block":{"state":{"west":"low"}}}}]},{"type":"item","name":"egg","functions":[{"function":"set_custom_data","tag":"{shape:[[0.0,0.0,0.0,1.0,16.0,16.0],[1.0,0.0,15.0,16.0,16.0,16.0],[15.0,0.0,0.0,16.0,10.0,16.0]]}"}]}]}],"conditions":[{"condition":"location_check","predicate":{"block":{"state":{"north":"none"}}}}]},{"type":"alternatives","children":[{"type":"alternatives","children":[{"type":"item","name":"egg","functions":[{"function":"set_custom_data","tag":"{shape:[[0.0,0.0,0.0,16.0,10.0,1.0],[15.0,0.0,1.0,16.0,10.0,16.0]]}"}],"conditions":[{"condition":"location_check","predicate":{"block":{"state":{"west":"none"}}}}]},{"type":"item","name":"egg","functions":[{"function":"set_custom_data","tag":"{shape:[[0.0,0.0,0.0,16.0,10.0,1.0],[0.0,0.0,1.0,1.0,10.0,16.0],[15.0,0.0,1.0,16.0,10.0,16.0]]}"}],"conditions":[{"condition":"location_check","predicate":{"block":{"state":{"west":"low"}}}}]},{"type":"item","name":"egg","functions":[{"function":"set_custom_data","tag":"{shape:[[0.0,0.0,0.0,1.0,16.0,16.0],[1.0,0.0,0.0,16.0,10.0,1.0],[15.0,0.0,1.0,16.0,10.0,16.0]]}"}]}],"conditions":[{"condition":"location_check","predicate":{"block":{"state":{"south":"none"}}}}]},{"type":"alternatives","children":[{"type":"item","name":"egg","functions":[{"function":"set_custom_data","tag":"{shape:[[0.0,0.0,0.0,16.0,10.0,1.0],[0.0,0.0,15.0,16.0,10.0,16.0],[15.0,0.0,1.0,16.0,10.0,16.0]]}"}],"conditions":[{"condition":"location_check","predicate":{"block":{"state":{"west":"none"}}}}]},{"type":"item","name":"egg","functions":[{"function":"set_custom_data","tag":"{shape:[[0.0,0.0,0.0,16.0,10.0,1.0],[0.0,0.0,1.0,1.0,10.0,16.0],[1.0,0.0,15.0,16.0,10.0,16.0],[15.0,0.0,1.0,16.0,10.0,16.0]]}"}],"conditions":[{"condition":"location_check","predicate":{"block":{"state":{"west":"low"}}}}]},{"type":"item","name":"egg","functions":[{"function":"set_custom_data","tag":"{shape:[[0.0,0.0,0.0,1.0,16.0,16.0],[1.0,0.0,0.0,16.0,10.0,1.0],[1.0,0.0,15.0,16.0,10.0,16.0],[15.0,0.0,1.0,16.0,10.0,16.0]]}"}]}],"conditions":[{"condition":"location_check","predicate":{"block":{"state":{"south":"low"}}}}]},{"type":"alternatives","children":[{"type":"item","name":"egg","functions":[{"function":"set_custom_data","tag":"{shape:[[0.0,0.0,0.0,16.0,10.0,1.0],[0.0,0.0,15.0,16.0,16.0,16.0],[15.0,0.0,1.0,16.0,10.0,16.0]]}"}],"conditions":[{"condition":"location_check","predicate":{"block":{"state":{"west":"none"}}}}]},{"type":"item","name":"egg","functions":[{"function":"set_custom_data","tag":"{shape:[[0.0,0.0,0.0,16.0,10.0,1.0],[0.0,0.0,1.0,1.0,10.0,16.0],[0.0,10.0,15.0,16.0,16.0,16.0],[1.0,0.0,15.0,16.0,16.0,16.0],[15.0,0.0,1.0,16.0,10.0,16.0]]}"}],"conditions":[{"condition":"location_check","predicate":{"block":{"state":{"west":"low"}}}}]},{"type":"item","name":"egg","functions":[{"function":"set_custom_data","tag":"{shape:[[0.0,0.0,0.0,1.0,16.0,16.0],[1.0,0.0,0.0,16.0,10.0,1.0],[1.0,0.0,15.0,16.0,16.0,16.0],[15.0,0.0,1.0,16.0,10.0,16.0]]}"}]}]}],"conditions":[{"condition":"location_check","predicate":{"block":{"state":{"north":"low"}}}}]},{"type":"alternatives","children":[{"type":"alternatives","children":[{"type":"item","name":"egg","functions":[{"function":"set_custom_data","tag":"{shape:[[0.0,0.0,0.0,16.0,16.0,1.0],[15.0,0.0,1.0,16.0,10.0,16.0]]}"}],"conditions":[{"condition":"location_check","predicate":{"block":{"state":{"west":"none"}}}}]},{"type":"item","name":"egg","functions":[{"function":"set_custom_data","tag":"{shape:[[0.0,0.0,0.0,16.0,16.0,1.0],[0.0,0.0,1.0,1.0,10.0,16.0],[15.0,0.0,1.0,16.0,10.0,16.0]]}"}],"conditions":[{"condition":"location_check","predicate":{"block":{"state":{"west":"low"}}}}]},{"type":"item","name":"egg","functions":[{"function":"set_custom_data","tag":"{shape:[[0.0,0.0,0.0,16.0,16.0,1.0],[0.0,0.0,1.0,1.0,16.0,16.0],[15.0,0.0,1.0,16.0,10.0,16.0]]}"}]}],"conditions":[{"condition":"location_check","predicate":{"block":{"state":{"south":"none"}}}}]},{"type":"alternatives","children":[{"type":"item","name":"egg","functions":[{"function":"set_custom_data","tag":"{shape:[[0.0,0.0,0.0,16.0,16.0,1.0],[0.0,0.0,15.0,16.0,10.0,16.0],[15.0,0.0,1.0,16.0,10.0,16.0]]}"}],"conditions":[{"condition":"location_check","predicate":{"block":{"state":{"west":"none"}}}}]},{"type":"item","name":"egg","functions":[{"function":"set_custom_data","tag":"{shape:[[0.0,0.0,0.0,16.0,16.0,1.0],[0.0,0.0,1.0,1.0,10.0,16.0],[1.0,0.0,15.0,16.0,10.0,16.0],[15.0,0.0,1.0,16.0,10.0,16.0]]}"}],"conditions":[{"condition":"location_check","predicate":{"block":{"state":{"west":"low"}}}}]},{"type":"item","name":"egg","functions":[{"function":"set_custom_data","tag":"{shape:[[0.0,0.0,0.0,16.0,16.0,1.0],[0.0,0.0,1.0,1.0,16.0,16.0],[1.0,0.0,15.0,16.0,10.0,16.0],[15.0,0.0,1.0,16.0,10.0,16.0]]}"}]}],"conditions":[{"condition":"location_check","predicate":{"block":{"state":{"south":"low"}}}}]},{"type":"alternatives","children":[{"type":"item","name":"egg","functions":[{"function":"set_custom_data","tag":"{shape:[[0.0,0.0,0.0,16.0,16.0,1.0],[0.0,0.0,15.0,16.0,16.0,16.0],[15.0,0.0,1.0,16.0,10.0,16.0]]}"}],"conditions":[{"condition":"location_check","predicate":{"block":{"state":{"west":"none"}}}}]},{"type":"item","name":"egg","functions":[{"function":"set_custom_data","tag":"{shape:[[0.0,0.0,0.0,16.0,16.0,1.0],[0.0,0.0,1.0,1.0,10.0,16.0],[0.0,10.0,15.0,16.0,16.0,16.0],[1.0,0.0,15.0,16.0,16.0,16.0],[15.0,0.0,1.0,16.0,10.0,16.0]]}"}],"conditions":[{"condition":"location_check","predicate":{"block":{"state":{"west":"low"}}}}]},{"type":"item","name":"egg","functions":[{"function":"set_custom_data","tag":"{shape:[[0.0,0.0,0.0,16.0,16.0,1.0],[0.0,0.0,1.0,1.0,16.0,16.0],[1.0,0.0,15.0,16.0,16.0,16.0],[15.0,0.0,1.0,16.0,10.0,16.0]]}"}]}]}]}],"conditions":[{"condition":"location_check","predicate":{"block":{"state":{"east":"low"}}}}]},{"type":"alternatives","children":[{"type":"alternatives","children":[{"type":"alternatives","children":[{"type":"item","name":"egg","functions":[{"function":"set_custom_data","tag":"{shape:[[15.0,0.0,0.0,16.0,16.0,16.0]]}"}],"conditions":[{"condition":"location_check","predicate":{"block":{"state":{"west":"none"}}}}]},{"type":"item","name":"egg","functions":[{"function":"set_custom_data","tag":"{shape:[[0.0,0.0,0.0,1.0,10.0,16.0],[15.0,0.0,0.0,16.0,16.0,16.0]]}"}],"conditions":[{"condition":"location_check","predicate":{"block":{"state":{"west":"low"}}}}]},{"type":"item","name":"egg","functions":[{"function":"set_custom_data","tag":"{shape:[[0.0,0.0,0.0,1.0,16.0,16.0],[15.0,0.0,0.0,16.0,16.0,16.0]]}"}]}],"conditions":[{"condition":"location_check","predicate":{"block":{"state":{"south":"none"}}}}]},{"type":"alternatives","children":[{"type":"item","name":"egg","functions":[{"function":"set_custom_data","tag":"{shape:[[0.0,0.0,15.0,16.0,10.0,16.0],[15.0,0.0,0.0,16.0,16.0,16.0]]}"}],"conditions":[{"condition":"location_check","predicate":{"block":{"state":{"west":"none"}}}}]},{"type":"item","name":"egg","functions":[{"function":"set_custom_data","tag":"{shape:[[0.0,0.0,0.0,1.0,10.0,16.0],[1.0,0.0,15.0,16.0,10.0,16.0],[15.0,0.0,0.0,16.0,16.0,16.0]]}"}],"conditions":[{"condition":"location_check","predicate":{"block":{"state":{"west":"low"}}}}]},{"type":"item","name":"egg","functions":[{"function":"set_custom_data","tag":"{shape:[[0.0,0.0,0.0,1.0,16.0,16.0],[1.0,0.0,15.0,16.0,10.0,16.0],[15.0,0.0,0.0,16.0,16.0,16.0]]}"}]}],"conditions":[{"condition":"location_check","predicate":{"block":{"state":{"south":"low"}}}}]},{"type":"alternatives","children":[{"type":"item","name":"egg","functions":[{"function":"set_custom_data","tag":"{shape:[[0.0,0.0,15.0,16.0,16.0,16.0],[15.0,0.0,0.0,16.0,16.0,16.0]]}"}],"conditions":[{"condition":"location_check","predicate":{"block":{"state":{"west":"none"}}}}]},{"type":"item","name":"egg","functions":[{"function":"set_custom_data","tag":"{shape:[[0.0,0.0,0.0,1.0,10.0,16.0],[0.0,10.0,15.0,16.0,16.0,16.0],[1.0,0.0,15.0,16.0,16.0,16.0],[15.0,0.0,0.0,16.0,16.0,16.0]]}"}],"conditions":[{"condition":"location_check","predicate":{"block":{"state":{"west":"low"}}}}]},{"type":"item","name":"egg","functions":[{"function":"set_custom_data","tag":"{shape:[[0.0,0.0,0.0,1.0,16.0,16.0],[1.0,0.0,15.0,16.0,16.0,16.0],[15.0,0.0,0.0,16.0,16.0,16.0]]}"}]}]}],"conditions":[{"condition":"location_check","predicate":{"block":{"state":{"north":"none"}}}}]},{"type":"alternatives","children":[{"type":"alternatives","children":[{"type":"item","name":"egg","functions":[{"function":"set_custom_data","tag":"{shape:[[0.0,0.0,0.0,16.0,10.0,1.0],[15.0,0.0,1.0,16.0,16.0,16.0],[15.0,10.0,0.0,16.0,16.0,16.0]]}"}],"conditions":[{"condition":"location_check","predicate":{"block":{"state":{"west":"none"}}}}]},{"type":"item","name":"egg","functions":[{"function":"set_custom_data","tag":"{shape:[[0.0,0.0,0.0,16.0,10.0,1.0],[0.0,0.0,1.0,1.0,10.0,16.0],[15.0,0.0,1.0,16.0,16.0,16.0],[15.0,10.0,0.0,16.0,16.0,16.0]]}"}],"conditions":[{"condition":"location_check","predicate":{"block":{"state":{"west":"low"}}}}]},{"type":"item","name":"egg","functions":[{"function":"set_custom_data","tag":"{shape:[[0.0,0.0,0.0,1.0,16.0,16.0],[1.0,0.0,0.0,16.0,10.0,1.0],[15.0,0.0,1.0,16.0,16.0,16.0],[15.0,10.0,0.0,16.0,16.0,16.0]]}"}]}],"conditions":[{"condition":"location_check","predicate":{"block":{"state":{"south":"none"}}}}]},{"type":"alternatives","children":[{"type":"item","name":"egg","functions":[{"function":"set_custom_data","tag":"{shape:[[0.0,0.0,0.0,16.0,10.0,1.0],[0.0,0.0,15.0,16.0,10.0,16.0],[15.0,0.0,1.0,16.0,16.0,16.0],[15.0,10.0,0.0,16.0,16.0,16.0]]}"}],"conditions":[{"condition":"location_check","predicate":{"block":{"state":{"west":"none"}}}}]},{"type":"item","name":"egg","functions":[{"function":"set_custom_data","tag":"{shape:[[0.0,0.0,0.0,16.0,10.0,1.0],[0.0,0.0,1.0,1.0,10.0,16.0],[1.0,0.0,15.0,16.0,10.0,16.0],[15.0,0.0,1.0,16.0,16.0,16.0],[15.0,10.0,0.0,16.0,16.0,16.0]]}"}],"conditions":[{"condition":"location_check","predicate":{"block":{"state":{"west":"low"}}}}]},{"type":"item","name":"egg","functions":[{"function":"set_custom_data","tag":"{shape:[[0.0,0.0,0.0,1.0,16.0,16.0],[1.0,0.0,0.0,16.0,10.0,1.0],[1.0,0.0,15.0,16.0,10.0,16.0],[15.0,0.0,1.0,16.0,16.0,16.0],[15.0,10.0,0.0,16.0,16.0,16.0]]}"}]}],"conditions":[{"condition":"location_check","predicate":{"block":{"state":{"south":"low"}}}}]},{"type":"alternatives","children":[{"type":"item","name":"egg","functions":[{"function":"set_custom_data","tag":"{shape:[[0.0,0.0,0.0,16.0,10.0,1.0],[0.0,0.0,15.0,16.0,16.0,16.0],[15.0,0.0,1.0,16.0,16.0,16.0],[15.0,10.0,0.0,16.0,16.0,16.0]]}"}],"conditions":[{"condition":"location_check","predicate":{"block":{"state":{"west":"none"}}}}]},{"type":"item","name":"egg","functions":[{"function":"set_custom_data","tag":"{shape:[[0.0,0.0,0.0,16.0,10.0,1.0],[0.0,0.0,1.0,1.0,10.0,16.0],[0.0,10.0,15.0,16.0,16.0,16.0],[1.0,0.0,15.0,16.0,16.0,16.0],[15.0,0.0,1.0,16.0,16.0,16.0],[15.0,10.0,0.0,16.0,16.0,16.0]]}"}],"conditions":[{"condition":"location_check","predicate":{"block":{"state":{"west":"low"}}}}]},{"type":"item","name":"egg","functions":[{"function":"set_custom_data","tag":"{shape:[[0.0,0.0,0.0,1.0,16.0,16.0],[1.0,0.0,0.0,16.0,10.0,1.0],[1.0,0.0,15.0,16.0,16.0,16.0],[15.0,0.0,1.0,16.0,16.0,16.0],[15.0,10.0,0.0,16.0,16.0,16.0]]}"}]}]}],"conditions":[{"condition":"location_check","predicate":{"block":{"state":{"north":"low"}}}}]},{"type":"alternatives","children":[{"type":"alternatives","children":[{"type":"item","name":"egg","functions":[{"function":"set_custom_data","tag":"{shape:[[0.0,0.0,0.0,16.0,16.0,1.0],[15.0,0.0,1.0,16.0,16.0,16.0]]}"}],"conditions":[{"condition":"location_check","predicate":{"block":{"state":{"west":"none"}}}}]},{"type":"item","name":"egg","functions":[{"function":"set_custom_data","tag":"{shape:[[0.0,0.0,0.0,16.0,16.0,1.0],[0.0,0.0,1.0,1.0,10.0,16.0],[15.0,0.0,1.0,16.0,16.0,16.0]]}"}],"conditions":[{"condition":"location_check","predicate":{"block":{"state":{"west":"low"}}}}]},{"type":"item","name":"egg","functions":[{"function":"set_custom_data","tag":"{shape:[[0.0,0.0,0.0,16.0,16.0,1.0],[0.0,0.0,1.0,1.0,16.0,16.0],[15.0,0.0,1.0,16.0,16.0,16.0]]}"}]}],"conditions":[{"condition":"location_check","predicate":{"block":{"state":{"south":"none"}}}}]},{"type":"alternatives","children":[{"type":"item","name":"egg","functions":[{"function":"set_custom_data","tag":"{shape:[[0.0,0.0,0.0,16.0,16.0,1.0],[0.0,0.0,15.0,16.0,10.0,16.0],[15.0,0.0,1.0,16.0,16.0,16.0]]}"}],"conditions":[{"condition":"location_check","predicate":{"block":{"state":{"west":"none"}}}}]},{"type":"item","name":"egg","functions":[{"function":"set_custom_data","tag":"{shape:[[0.0,0.0,0.0,16.0,16.0,1.0],[0.0,0.0,1.0,1.0,10.0,16.0],[1.0,0.0,15.0,16.0,10.0,16.0],[15.0,0.0,1.0,16.0,16.0,16.0]]}"}],"conditions":[{"condition":"location_check","predicate":{"block":{"state":{"west":"low"}}}}]},{"type":"item","name":"egg","functions":[{"function":"set_custom_data","tag":"{shape:[[0.0,0.0,0.0,16.0,16.0,1.0],[0.0,0.0,1.0,1.0,16.0,16.0],[1.0,0.0,15.0,16.0,10.0,16.0],[15.0,0.0,1.0,16.0,16.0,16.0]]}"}]}],"conditions":[{"condition":"location_check","predicate":{"block":{"state":{"south":"low"}}}}]},{"type":"alternatives","children":[{"type":"item","name":"egg","functions":[{"function":"set_custom_data","tag":"{shape:[[0.0,0.0,0.0,16.0,16.0,1.0],[0.0,0.0,15.0,16.0,16.0,16.0],[15.0,0.0,1.0,16.0,16.0,16.0]]}"}],"conditions":[{"condition":"location_check","predicate":{"block":{"state":{"west":"none"}}}}]},{"type":"item","name":"egg","functions":[{"function":"set_custom_data","tag":"{shape:[[0.0,0.0,0.0,16.0,16.0,1.0],[0.0,0.0,1.0,1.0,10.0,16.0],[0.0,10.0,15.0,16.0,16.0,16.0],[1.0,0.0,15.0,16.0,16.0,16.0],[15.0,0.0,1.0,16.0,16.0,16.0]]}"}],"conditions":[{"condition":"location_check","predicate":{"block":{"state":{"west":"low"}}}}]},{"type":"item","name":"egg","functions":[{"function":"set_custom_data","tag":"{shape:[[0.0,0.0,0.0,16.0,16.0,1.0],[0.0,0.0,1.0,1.0,16.0,16.0],[1.0,0.0,15.0,16.0,16.0,16.0],[15.0,0.0,1.0,16.0,16.0,16.0]]}"}]}]}]}]}]}]}]}]}
