{"pools":[{"rolls":1,"entries":[{"type":"alternatives","children":[{"type":"alternatives","children":[{"type":"item","name":"egg","functions":[{"function":"set_custom_data","tag":"{shape:[[1.0,0.0,1.0,15.0,14.0,15.0]]}"}],"conditions":[{"condition":"location_check","predicate":{"block":{"state":{"facing":"north"}}}}]},{"type":"item","name":"egg","functions":[{"function":"set_custom_data","tag":"{shape:[[1.0,0.0,1.0,15.0,14.0,15.0]]}"}],"conditions":[{"condition":"location_check","predicate":{"block":{"state":{"facing":"south"}}}}]},{"type":"item","name":"egg","functions":[{"function":"set_custom_data","tag":"{shape:[[1.0,0.0,1.0,15.0,14.0,15.0]]}"}],"conditions":[{"condition":"location_check","predicate":{"block":{"state":{"facing":"west"}}}}]},{"type":"item","name":"egg","functions":[{"function":"set_custom_data","tag":"{shape:[[1.0,0.0,1.0,15.0,14.0,15.0]]}"}]}],"conditions":[{"condition":"location_check","predicate":{"block":{"state":{"type":"single"}}}}]},{"type":"alternatives","children":[{"type":"item","name":"egg","functions":[{"function":"set_custom_data","tag":"{shape:[[1.0,0.0,1.0,16.0,14.0,15.0]]}"}],"conditions":[{"condition":"location_check","predicate":{"block":{"state":{"facing":"north"}}}}]},{"type":"item","name":"egg","functions":[{"function":"set_custom_data","tag":"{shape:[[0.0,0.0,1.0,15.0,14.0,15.0]]}"}],"conditions":[{"condition":"location_check","predicate":{"block":{"state":{"facing":"south"}}}}]},{"type":"item","name":"egg","functions":[{"function":"set_custom_data","tag":"{shape:[[1.0,0.0,0.0,15.0,14.0,15.0]]}"}],"conditions":[{"condition":"location_check","predicate":{"block":{"state":{"facing":"west"}}}}]},{"type":"item","name":"egg","functions":[{"function":"set_custom_data","tag":"{shape:[[1.0,0.0,1.0,15.0,14.0,16.0]]}"}]}],"conditions":[{"condition":"location_check","predicate":{"block":{"state":{"type":"left"}}}}]},{"type":"alternatives","children":[{"type":"item","name":"egg","functions":[{"function":"set_custom_data","tag":"{shape:[[0.0,0.0,1.0,15.0,14.0,15.0]]}"}],"conditions":[{"condition":"location_check","predicate":{"block":{"state":{"facing":"north"}}}}]},{"type":"item","name":"egg","functions":[{"function":"set_custom_data","tag":"{shape:[[1.0,0.0,1.0,16.0,14.0,15.0]]}"}],"conditions":[{"condition":"location_check","predicate":{"block":{"state":{"facing":"south"}}}}]},{"type":"item","name":"egg","functions":[{"function":"set_custom_data","tag":"{shape:[[1.0,0.0,1.0,15.0,14.0,16.0]]}"}],"conditions":[{"condition":"location_check","predicate":{"block":{"state":{"facing":"west"}}}}]},{"type":"item","name":"egg","functions":[{"function":"set_custom_data","tag":"{shape:[[1.0,0.0,0.0,15.0,14.0,15.0]]}"}]}]}]}]}]}
