{"pools":[{"rolls":1,"entries":[{"type":"alternatives","children":[{"type":"alternatives","children":[{"type":"alternatives","children":[{"type":"alternatives","children":[{"type":"alternatives","children":[{"type":"alternatives","children":[{"type":"item","name":"egg","functions":[{"function":"set_custom_data","tag":"{shape:[[2.0,0.0,2.0,14.0,12.0,14.0]]}"}],"conditions":[{"condition":"location_check","predicate":{"block":{"blocks":["oak_sapling","spruce_sapling","birch_sapling","jungle_sapling","acacia_sapling","cherry_sapling","dark_oak_sapling","pale_oak_sapling","seagrass"]}}}]},{"type":"alternatives","children":[{"type":"loot_table","value":"bs.hitbox:get_block/1","conditions":[{"condition":"location_check","predicate":{"block":{"blocks":["mangrove_propagule"]}}}]},{"type":"loot_table","value":"bs.hitbox:get_block/2"}]}],"conditions":[{"condition":"location_check","predicate":{"block":{"blocks":["oak_sapling","spruce_sapling","birch_sapling","jungle_sapling","acacia_sapling","cherry_sapling","dark_oak_sapling","pale_oak_sapling","seagrass","mangrove_propagule","white_bed","orange_bed","magenta_bed","light_blue_bed","yellow_bed","lime_bed","pink_bed","gray_bed","light_gray_bed","cyan_bed","purple_bed","blue_bed","brown_bed","green_bed","red_bed","black_bed"]}}}]},{"type":"alternatives","children":[{"type":"loot_table","value":"bs.hitbox:get_block/3","conditions":[{"condition":"location_check","predicate":{"block":{"blocks":["powered_rail","detector_rail","activator_rail"]}}}]},{"type":"alternatives","children":[{"type":"loot_table","value":"bs.hitbox:get_block/4","conditions":[{"condition":"location_check","predicate":{"block":{"blocks":["sticky_piston","piston"]}}}]},{"type":"item","name":"egg","functions":[{"function":"set_custom_data","tag":"{shape:[[2.0,0.0,2.0,14.0,13.0,14.0]]}"}]}]}]}],"conditions":[{"condition":"location_check","predicate":{"block":{"blocks":["oak_sapling","spruce_sapling","birch_sapling","jungle_sapling","acacia_sapling","cherry_sapling","dark_oak_sapling","pale_oak_sapling","seagrass","mangrove_propagule","white_bed","orange_bed","magenta_bed","light_blue_bed","yellow_bed","lime_bed","pink_bed","gray_bed","light_gray_bed","cyan_bed","purple_bed","blue_bed","brown_bed","green_bed","red_bed","black_bed","powered_rail","detector_rail","activator_rail","sticky_piston","piston","short_grass","fern","dead_bush","warped_roots","crimson_roots","small_dripleaf"]}}}]},{"type":"alternatives","children":[{"type":"alternatives","children":[{"type":"item","name":"egg","functions":[{"function":"set_custom_data","tag":"{shape:[[2.0,0.0,2.0,14.0,16.0,14.0]]}"}],"conditions":[{"condition":"location_check","predicate":{"block":{"blocks":["tall_seagrass","sugar_cane"]}}}]},{"type":"alternatives","children":[{"type":"loot_table","value":"bs.hitbox:get_block/5","conditions":[{"condition":"location_check","predicate":{"block":{"blocks":["piston_head"]}}}]},{"type":"item","name":"egg","functions":[{"function":"set_custom_data","tag":"{shape:[[5.0,0.0,5.0,11.0,10.0,11.0]]}"}]}]}],"conditions":[{"condition":"location_check","predicate":{"block":{"blocks":["tall_seagrass","sugar_cane","piston_head","dandelion","torchflower","poppy","blue_orchid","allium","azure_bluet","red_tulip","orange_tulip","white_tulip","pink_tulip","oxeye_daisy","cornflower","wither_rose","lily_of_the_valley"]}}}]},{"type":"alternatives","children":[{"type":"alternatives","children":[{"type":"item","name":"egg","functions":[{"function":"set_custom_data","tag":"{shape:[[5.0,0.0,5.0,11.0,6.0,11.0]]}"}],"conditions":[{"condition":"location_check","predicate":{"block":{"blocks":["brown_mushroom","red_mushroom","flower_pot","potted_torchflower","potted_oak_sapling","potted_spruce_sapling","potted_birch_sapling","potted_jungle_sapling","potted_acacia_sapling","potted_cherry_sapling","potted_dark_oak_sapling","potted_pale_oak_sapling","potted_mangrove_propagule","potted_fern","potted_dandelion","potted_poppy","potted_blue_orchid","potted_allium","potted_azure_bluet","potted_red_tulip","potted_orange_tulip","potted_white_tulip","potted_pink_tulip","potted_oxeye_daisy","potted_cornflower","potted_lily_of_the_valley","potted_wither_rose","potted_red_mushroom","potted_brown_mushroom","potted_dead_bush","potted_cactus","potted_bamboo","potted_crimson_fungus","potted_warped_fungus","potted_crimson_roots","potted_warped_roots","potted_azalea_bush","potted_flowering_azalea_bush"]}}}]},{"type":"item","name":"egg","functions":[{"function":"set_custom_data","tag":"{shape:[[6.0,0.0,6.0,10.0,10.0,10.0]]}"}]}],"conditions":[{"condition":"location_check","predicate":{"block":{"blocks":["brown_mushroom","red_mushroom","flower_pot","potted_torchflower","potted_oak_sapling","potted_spruce_sapling","potted_birch_sapling","potted_jungle_sapling","potted_acacia_sapling","potted_cherry_sapling","potted_dark_oak_sapling","potted_pale_oak_sapling","potted_mangrove_propagule","potted_fern","potted_dandelion","potted_poppy","potted_blue_orchid","potted_allium","potted_azure_bluet","potted_red_tulip","potted_orange_tulip","potted_white_tulip","potted_pink_tulip","potted_oxeye_daisy","potted_cornflower","potted_lily_of_the_valley","potted_wither_rose","potted_red_mushroom","potted_brown_mushroom","potted_dead_bush","potted_cactus","potted_bamboo","potted_crimson_fungus","potted_warped_fungus","potted_crimson_roots","potted_warped_roots","potted_azalea_bush","potted_flowering_azalea_bush","torch","redstone_torch","soul_torch"]}}}]},{"type":"alternatives","children":[{"type":"loot_table","value":"bs.hitbox:get_block/6","conditions":[{"condition":"location_check","predicate":{"block":{"blocks":["wall_torch","redstone_wall_torch","soul_wall_torch"]}}}]},{"type":"loot_table","value":"bs.hitbox:get_block/7"}]}]}]}],"conditions":[{"condition":"location_check","predicate":{"block":{"blocks":["oak_sapling","spruce_sapling","birch_sapling","jungle_sapling","acacia_sapling","cherry_sapling","dark_oak_sapling","pale_oak_sapling","seagrass","mangrove_propagule","white_bed","orange_bed","magenta_bed","light_blue_bed","yellow_bed","lime_bed","pink_bed","gray_bed","light_gray_bed","cyan_bed","purple_bed","blue_bed","brown_bed","green_bed","red_bed","black_bed","powered_rail","detector_rail","activator_rail","sticky_piston","piston","short_grass","fern","dead_bush","warped_roots","crimson_roots","small_dripleaf","tall_seagrass","sugar_cane","piston_head","dandelion","torchflower","poppy","blue_orchid","allium","azure_bluet","red_tulip","orange_tulip","white_tulip","pink_tulip","oxeye_daisy","cornflower","wither_rose","lily_of_the_valley","brown_mushroom","red_mushroom","flower_pot","potted_torchflower","potted_oak_sapling","potted_spruce_sapling","potted_birch_sapling","potted_jungle_sapling","potted_acacia_sapling","potted_cherry_sapling","potted_dark_oak_sapling","potted_pale_oak_sapling","potted_mangrove_propagule","potted_fern","potted_dandelion","potted_poppy","potted_blue_orchid","potted_allium","potted_azure_bluet","potted_red_tulip","potted_orange_tulip","potted_white_tulip","potted_pink_tulip","potted_oxeye_daisy","potted_cornflower","potted_lily_of_the_valley","potted_wither_rose","potted_red_mushroom","potted_brown_mushroom","potted_dead_bush","potted_cactus","potted_bamboo","potted_crimson_fungus","potted_warped_fungus","potted_crimson_roots","potted_warped_roots","potted_azalea_bush","potted_flowering_azalea_bush","torch","redstone_torch","soul_torch","wall_torch","redstone_wall_torch","soul_wall_torch","fire"]}}}]},{"type":"alternatives","children":[{"type":"alternatives","children":[{"type":"alternatives","children":[{"type":"item","name":"egg","functions":[{"function":"set_custom_data","tag":"{shape:[[0.0,0.0,0.0,16.0,1.0,16.0]]}"}],"conditions":[{"condition":"location_check","predicate":{"block":{"blocks":["soul_fire","white_carpet","orange_carpet","magenta_carpet","light_blue_carpet","yellow_carpet","lime_carpet","pink_carpet","gray_carpet","light_gray_carpet","cyan_carpet","purple_carpet","blue_carpet","brown_carpet","green_carpet","red_carpet","black_carpet","moss_carpet"]}}}]},{"type":"alternatives","children":[{"type":"loot_table","value":"bs.hitbox:get_block/8","conditions":[{"condition":"location_check","predicate":{"block":{"blocks":["oak_stairs","cobblestone_stairs","brick_stairs","stone_brick_stairs","mud_brick_stairs","nether_brick_stairs","sandstone_stairs","spruce_stairs","birch_stairs","jungle_stairs","quartz_stairs","acacia_stairs","cherry_stairs","dark_oak_stairs","pale_oak_stairs","mangrove_stairs","bamboo_stairs","bamboo_mosaic_stairs","prismarine_stairs","prismarine_brick_stairs","dark_prismarine_stairs","red_sandstone_stairs","purpur_stairs","polished_granite_stairs","smooth_red_sandstone_stairs","mossy_stone_brick_stairs","polished_diorite_stairs","mossy_cobblestone_stairs","end_stone_brick_stairs","stone_stairs","smooth_sandstone_stairs","smooth_quartz_stairs","granite_stairs","andesite_stairs","red_nether_brick_stairs","polished_andesite_stairs","diorite_stairs","crimson_stairs","warped_stairs","blackstone_stairs","polished_blackstone_brick_stairs","polished_blackstone_stairs","tuff_stairs","polished_tuff_stairs","tuff_brick_stairs","oxidized_cut_copper_stairs","weathered_cut_copper_stairs","exposed_cut_copper_stairs","cut_copper_stairs","waxed_oxidized_cut_copper_stairs","waxed_weathered_cut_copper_stairs","waxed_exposed_cut_copper_stairs","waxed_cut_copper_stairs","cobbled_deepslate_stairs","polished_deepslate_stairs","deepslate_tile_stairs","deepslate_brick_stairs"]}}}]},{"type":"loot_table","value":"bs.hitbox:get_block/9"}]}],"conditions":[{"condition":"location_check","predicate":{"block":{"blocks":["soul_fire","white_carpet","orange_carpet","magenta_carpet","light_blue_carpet","yellow_carpet","lime_carpet","pink_carpet","gray_carpet","light_gray_carpet","cyan_carpet","purple_carpet","blue_carpet","brown_carpet","green_carpet","red_carpet","black_carpet","moss_carpet","oak_stairs","cobblestone_stairs","brick_stairs","stone_brick_stairs","mud_brick_stairs","nether_brick_stairs","sandstone_stairs","spruce_stairs","birch_stairs","jungle_stairs","quartz_stairs","acacia_stairs","cherry_stairs","dark_oak_stairs","pale_oak_stairs","mangrove_stairs","bamboo_stairs","bamboo_mosaic_stairs","prismarine_stairs","prismarine_brick_stairs","dark_prismarine_stairs","red_sandstone_stairs","purpur_stairs","polished_granite_stairs","smooth_red_sandstone_stairs","mossy_stone_brick_stairs","polished_diorite_stairs","mossy_cobblestone_stairs","end_stone_brick_stairs","stone_stairs","smooth_sandstone_stairs","smooth_quartz_stairs","granite_stairs","andesite_stairs","red_nether_brick_stairs","polished_andesite_stairs","diorite_stairs","crimson_stairs","warped_stairs","blackstone_stairs","polished_blackstone_brick_stairs","polished_blackstone_stairs","tuff_stairs","polished_tuff_stairs","tuff_brick_stairs","oxidized_cut_copper_stairs","weathered_cut_copper_stairs","exposed_cut_copper_stairs","cut_copper_stairs","waxed_oxidized_cut_copper_stairs","waxed_weathered_cut_copper_stairs","waxed_exposed_cut_copper_stairs","waxed_cut_copper_stairs","cobbled_deepslate_stairs","polished_deepslate_stairs","deepslate_tile_stairs","deepslate_brick_stairs","chest","trapped_chest"]}}}]},{"type":"alternatives","children":[{"type":"alternatives","children":[{"type":"loot_table","value":"bs.hitbox:get_block/10","conditions":[{"condition":"location_check","predicate":{"block":{"blocks":["redstone_wire"]}}}]},{"type":"loot_table","value":"bs.hitbox:get_block/11"}],"conditions":[{"condition":"location_check","predicate":{"block":{"blocks":["redstone_wire","wheat"]}}}]},{"type":"alternatives","children":[{"type":"item","name":"egg","functions":[{"function":"set_custom_data","tag":"{shape:[[0.0,0.0,0.0,16.0,15.0,16.0]]}"}],"conditions":[{"condition":"location_check","predicate":{"block":{"blocks":["farmland","dirt_path"]}}}]},{"type":"item","name":"egg","functions":[{"function":"set_custom_data","tag":"{shape:[[4.0,0.0,4.0,12.0,16.0,12.0]]}"}]}]}]}],"conditions":[{"condition":"location_check","predicate":{"block":{"blocks":["soul_fire","white_carpet","orange_carpet","magenta_carpet","light_blue_carpet","yellow_carpet","lime_carpet","pink_carpet","gray_carpet","light_gray_carpet","cyan_carpet","purple_carpet","blue_carpet","brown_carpet","green_carpet","red_carpet","black_carpet","moss_carpet","oak_stairs","cobblestone_stairs","brick_stairs","stone_brick_stairs","mud_brick_stairs","nether_brick_stairs","sandstone_stairs","spruce_stairs","birch_stairs","jungle_stairs","quartz_stairs","acacia_stairs","cherry_stairs","dark_oak_stairs","pale_oak_stairs","mangrove_stairs","bamboo_stairs","bamboo_mosaic_stairs","prismarine_stairs","prismarine_brick_stairs","dark_prismarine_stairs","red_sandstone_stairs","purpur_stairs","polished_granite_stairs","smooth_red_sandstone_stairs","mossy_stone_brick_stairs","polished_diorite_stairs","mossy_cobblestone_stairs","end_stone_brick_stairs","stone_stairs","smooth_sandstone_stairs","smooth_quartz_stairs","granite_stairs","andesite_stairs","red_nether_brick_stairs","polished_andesite_stairs","diorite_stairs","crimson_stairs","warped_stairs","blackstone_stairs","polished_blackstone_brick_stairs","polished_blackstone_stairs","tuff_stairs","polished_tuff_stairs","tuff_brick_stairs","oxidized_cut_copper_stairs","weathered_cut_copper_stairs","exposed_cut_copper_stairs","cut_copper_stairs","waxed_oxidized_cut_copper_stairs","waxed_weathered_cut_copper_stairs","waxed_exposed_cut_copper_stairs","waxed_cut_copper_stairs","cobbled_deepslate_stairs","polished_deepslate_stairs","deepslate_tile_stairs","deepslate_brick_stairs","chest","trapped_chest","redstone_wire","wheat","farmland","dirt_path","oak_sign","spruce_sign","birch_sign","acacia_sign","cherry_sign","jungle_sign","dark_oak_sign","pale_oak_sign","mangrove_sign","bamboo_sign","white_banner","orange_banner","magenta_banner","light_blue_banner","yellow_banner","lime_banner","pink_banner","gray_banner","light_gray_banner","cyan_banner","purple_banner","blue_banner","brown_banner","green_banner","red_banner","black_banner","twisting_vines_plant","crimson_sign","warped_sign"]}}}]},{"type":"alternatives","children":[{"type":"alternatives","children":[{"type":"loot_table","value":"bs.hitbox:get_block/12","conditions":[{"condition":"location_check","predicate":{"block":{"blocks":["oak_door","iron_door","spruce_door","birch_door","jungle_door","acacia_door","cherry_door","dark_oak_door","pale_oak_door","mangrove_door","bamboo_door","crimson_door","warped_door","copper_door","exposed_copper_door","oxidized_copper_door","weathered_copper_door","waxed_copper_door","waxed_exposed_copper_door","waxed_oxidized_copper_door","waxed_weathered_copper_door"]}}}]},{"type":"alternatives","children":[{"type":"loot_table","value":"bs.hitbox:get_block/13","conditions":[{"condition":"location_check","predicate":{"block":{"blocks":["ladder"]}}}]},{"type":"loot_table","value":"bs.hitbox:get_block/14"}]}],"conditions":[{"condition":"location_check","predicate":{"block":{"blocks":["oak_door","iron_door","spruce_door","birch_door","jungle_door","acacia_door","cherry_door","dark_oak_door","pale_oak_door","mangrove_door","bamboo_door","crimson_door","warped_door","copper_door","exposed_copper_door","oxidized_copper_door","weathered_copper_door","waxed_copper_door","waxed_exposed_copper_door","waxed_oxidized_copper_door","waxed_weathered_copper_door","ladder","rail"]}}}]},{"type":"alternatives","children":[{"type":"alternatives","children":[{"type":"loot_table","value":"bs.hitbox:get_block/15","conditions":[{"condition":"location_check","predicate":{"block":{"blocks":["oak_wall_sign","spruce_wall_sign","birch_wall_sign","acacia_wall_sign","cherry_wall_sign","jungle_wall_sign","dark_oak_wall_sign","pale_oak_wall_sign","mangrove_wall_sign","bamboo_wall_sign","crimson_wall_sign","warped_wall_sign"]}}}]},{"type":"loot_table","value":"bs.hitbox:get_block/16"}],"conditions":[{"condition":"location_check","predicate":{"block":{"blocks":["oak_wall_sign","spruce_wall_sign","birch_wall_sign","acacia_wall_sign","cherry_wall_sign","jungle_wall_sign","dark_oak_wall_sign","pale_oak_wall_sign","mangrove_wall_sign","bamboo_wall_sign","crimson_wall_sign","warped_wall_sign","oak_hanging_sign","spruce_hanging_sign","birch_hanging_sign","acacia_hanging_sign","cherry_hanging_sign","jungle_hanging_sign","dark_oak_hanging_sign","pale_oak_hanging_sign","crimson_hanging_sign","warped_hanging_sign","mangrove_hanging_sign","bamboo_hanging_sign"]}}}]},{"type":"alternatives","children":[{"type":"loot_table","value":"bs.hitbox:get_block/17","conditions":[{"condition":"location_check","predicate":{"block":{"blocks":["oak_wall_hanging_sign","spruce_wall_hanging_sign","birch_wall_hanging_sign","acacia_wall_hanging_sign","cherry_wall_hanging_sign","jungle_wall_hanging_sign","dark_oak_wall_hanging_sign","pale_oak_wall_hanging_sign","mangrove_wall_hanging_sign","crimson_wall_hanging_sign","warped_wall_hanging_sign","bamboo_wall_hanging_sign"]}}}]},{"type":"loot_table","value":"bs.hitbox:get_block/18"}]}]}]}]}],"conditions":[{"condition":"location_check","predicate":{"block":{"blocks":["oak_sapling","spruce_sapling","birch_sapling","jungle_sapling","acacia_sapling","cherry_sapling","dark_oak_sapling","pale_oak_sapling","seagrass","mangrove_propagule","white_bed","orange_bed","magenta_bed","light_blue_bed","yellow_bed","lime_bed","pink_bed","gray_bed","light_gray_bed","cyan_bed","purple_bed","blue_bed","brown_bed","green_bed","red_bed","black_bed","powered_rail","detector_rail","activator_rail","sticky_piston","piston","short_grass","fern","dead_bush","warped_roots","crimson_roots","small_dripleaf","tall_seagrass","sugar_cane","piston_head","dandelion","torchflower","poppy","blue_orchid","allium","azure_bluet","red_tulip","orange_tulip","white_tulip","pink_tulip","oxeye_daisy","cornflower","wither_rose","lily_of_the_valley","brown_mushroom","red_mushroom","flower_pot","potted_torchflower","potted_oak_sapling","potted_spruce_sapling","potted_birch_sapling","potted_jungle_sapling","potted_acacia_sapling","potted_cherry_sapling","potted_dark_oak_sapling","potted_pale_oak_sapling","potted_mangrove_propagule","potted_fern","potted_dandelion","potted_poppy","potted_blue_orchid","potted_allium","potted_azure_bluet","potted_red_tulip","potted_orange_tulip","potted_white_tulip","potted_pink_tulip","potted_oxeye_daisy","potted_cornflower","potted_lily_of_the_valley","potted_wither_rose","potted_red_mushroom","potted_brown_mushroom","potted_dead_bush","potted_cactus","potted_bamboo","potted_crimson_fungus","potted_warped_fungus","potted_crimson_roots","potted_warped_roots","potted_azalea_bush","potted_flowering_azalea_bush","torch","redstone_torch","soul_torch","wall_torch","redstone_wall_torch","soul_wall_torch","fire","soul_fire","white_carpet","orange_carpet","magenta_carpet","light_blue_carpet","yellow_carpet","lime_carpet","pink_carpet","gray_carpet","light_gray_carpet","cyan_carpet","purple_carpet","blue_carpet","brown_carpet","green_carpet","red_carpet","black_carpet","moss_carpet","oak_stairs","cobblestone_stairs","brick_stairs","stone_brick_stairs","mud_brick_stairs","nether_brick_stairs","sandstone_stairs","spruce_stairs","birch_stairs","jungle_stairs","quartz_stairs","acacia_stairs","cherry_stairs","dark_oak_stairs","pale_oak_stairs","mangrove_stairs","bamboo_stairs","bamboo_mosaic_stairs","prismarine_stairs","prismarine_brick_stairs","dark_prismarine_stairs","red_sandstone_stairs","purpur_stairs","polished_granite_stairs","smooth_red_sandstone_stairs","mossy_stone_brick_stairs","polished_diorite_stairs","mossy_cobblestone_stairs","end_stone_brick_stairs","stone_stairs","smooth_sandstone_stairs","smooth_quartz_stairs","granite_stairs","andesite_stairs","red_nether_brick_stairs","polished_andesite_stairs","diorite_stairs","crimson_stairs","warped_stairs","blackstone_stairs","polished_blackstone_brick_stairs","polished_blackstone_stairs","tuff_stairs","polished_tuff_stairs","tuff_brick_stairs","oxidized_cut_copper_stairs","weathered_cut_copper_stairs","exposed_cut_copper_stairs","cut_copper_stairs","waxed_oxidized_cut_copper_stairs","waxed_weathered_cut_copper_stairs","waxed_exposed_cut_copper_stairs","waxed_cut_copper_stairs","cobbled_deepslate_stairs","polished_deepslate_stairs","deepslate_tile_stairs","deepslate_brick_stairs","chest","trapped_chest","redstone_wire","wheat","farmland","dirt_path","oak_sign","spruce_sign","birch_sign","acacia_sign","cherry_sign","jungle_sign","dark_oak_sign","pale_oak_sign","mangrove_sign","bamboo_sign","white_banner","orange_banner","magenta_banner","light_blue_banner","yellow_banner","lime_banner","pink_banner","gray_banner","light_gray_banner","cyan_banner","purple_banner","blue_banner","brown_banner","green_banner","red_banner","black_banner","twisting_vines_plant","crimson_sign","warped_sign","oak_door","iron_door","spruce_door","birch_door","jungle_door","acacia_door","cherry_door","dark_oak_door","pale_oak_door","mangrove_door","bamboo_door","crimson_door","warped_door","copper_door","exposed_copper_door","oxidized_copper_door","weathered_copper_door","waxed_copper_door","waxed_exposed_copper_door","waxed_oxidized_copper_door","waxed_weathered_copper_door","ladder","rail","oak_wall_sign","spruce_wall_sign","birch_wall_sign","acacia_wall_sign","cherry_wall_sign","jungle_wall_sign","dark_oak_wall_sign","pale_oak_wall_sign","mangrove_wall_sign","bamboo_wall_sign","crimson_wall_sign","warped_wall_sign","oak_hanging_sign","spruce_hanging_sign","birch_hanging_sign","acacia_hanging_sign","cherry_hanging_sign","jungle_hanging_sign","dark_oak_hanging_sign","pale_oak_hanging_sign","crimson_hanging_sign","warped_hanging_sign","mangrove_hanging_sign","bamboo_hanging_sign","oak_wall_hanging_sign","spruce_wall_hanging_sign","birch_wall_hanging_sign","acacia_wall_hanging_sign","cherry_wall_hanging_sign","jungle_wall_hanging_sign","dark_oak_wall_hanging_sign","pale_oak_wall_hanging_sign","mangrove_wall_hanging_sign","crimson_wall_hanging_sign","warped_wall_hanging_sign","bamboo_wall_hanging_sign","lever"]}}}]},{"type":"alternatives","children":[{"type":"alternatives","children":[{"type":"alternatives","children":[{"type":"alternatives","children":[{"type":"loot_table","value":"bs.hitbox:get_block/19","conditions":[{"condition":"location_check","predicate":{"block":{"blocks":["stone_pressure_plate","oak_pressure_plate","spruce_pressure_plate","birch_pressure_plate","jungle_pressure_plate","acacia_pressure_plate","cherry_pressure_plate","dark_oak_pressure_plate","pale_oak_pressure_plate","mangrove_pressure_plate","bamboo_pressure_plate","crimson_pressure_plate","warped_pressure_plate","polished_blackstone_pressure_plate"]}}}]},{"type":"alternatives","children":[{"type":"loot_table","value":"bs.hitbox:get_block/20","conditions":[{"condition":"location_check","predicate":{"block":{"blocks":["stone_button","oak_button","spruce_button","birch_button","jungle_button","acacia_button","cherry_button","dark_oak_button","pale_oak_button","mangrove_button","bamboo_button","crimson_button","warped_button","polished_blackstone_button"]}}}]},{"type":"loot_table","value":"bs.hitbox:get_block/21"}]}],"conditions":[{"condition":"location_check","predicate":{"block":{"blocks":["stone_pressure_plate","oak_pressure_plate","spruce_pressure_plate","birch_pressure_plate","jungle_pressure_plate","acacia_pressure_plate","cherry_pressure_plate","dark_oak_pressure_plate","pale_oak_pressure_plate","mangrove_pressure_plate","bamboo_pressure_plate","crimson_pressure_plate","warped_pressure_plate","polished_blackstone_pressure_plate","stone_button","oak_button","spruce_button","birch_button","jungle_button","acacia_button","cherry_button","dark_oak_button","pale_oak_button","mangrove_button","bamboo_button","crimson_button","warped_button","polished_blackstone_button","snow"]}}}]},{"type":"alternatives","children":[{"type":"alternatives","children":[{"type":"item","name":"egg","functions":[{"function":"set_custom_data","tag":"{shape:[[1.0,0.0,1.0,15.0,16.0,15.0]]}"}],"conditions":[{"condition":"location_check","predicate":{"block":{"blocks":["cactus","dragon_egg","weeping_vines_plant","cave_vines","cave_vines_plant","decorated_pot"]}}}]},{"type":"loot_table","value":"bs.hitbox:get_block/22"}],"conditions":[{"condition":"location_check","predicate":{"block":{"blocks":["cactus","dragon_egg","weeping_vines_plant","cave_vines","cave_vines_plant","decorated_pot","oak_fence","nether_brick_fence","spruce_fence","birch_fence","jungle_fence","acacia_fence","cherry_fence","dark_oak_fence","pale_oak_fence","mangrove_fence","bamboo_fence","crimson_fence","warped_fence"]}}}]},{"type":"alternatives","children":[{"type":"loot_table","value":"bs.hitbox:get_block/23","conditions":[{"condition":"location_check","predicate":{"block":{"blocks":["nether_portal"]}}}]},{"type":"loot_table","value":"bs.hitbox:get_block/24"}]}]}],"conditions":[{"condition":"location_check","predicate":{"block":{"blocks":["stone_pressure_plate","oak_pressure_plate","spruce_pressure_plate","birch_pressure_plate","jungle_pressure_plate","acacia_pressure_plate","cherry_pressure_plate","dark_oak_pressure_plate","pale_oak_pressure_plate","mangrove_pressure_plate","bamboo_pressure_plate","crimson_pressure_plate","warped_pressure_plate","polished_blackstone_pressure_plate","stone_button","oak_button","spruce_button","birch_button","jungle_button","acacia_button","cherry_button","dark_oak_button","pale_oak_button","mangrove_button","bamboo_button","crimson_button","warped_button","polished_blackstone_button","snow","cactus","dragon_egg","weeping_vines_plant","cave_vines","cave_vines_plant","decorated_pot","oak_fence","nether_brick_fence","spruce_fence","birch_fence","jungle_fence","acacia_fence","cherry_fence","dark_oak_fence","pale_oak_fence","mangrove_fence","bamboo_fence","crimson_fence","warped_fence","nether_portal","cake"]}}}]},{"type":"alternatives","children":[{"type":"alternatives","children":[{"type":"item","name":"egg","functions":[{"function":"set_custom_data","tag":"{shape:[[0.0,0.0,0.0,16.0,2.0,16.0]]}"}],"conditions":[{"condition":"location_check","predicate":{"block":{"blocks":["repeater","comparator"]}}}]},{"type":"alternatives","children":[{"type":"loot_table","value":"bs.hitbox:get_block/25","conditions":[{"condition":"location_check","predicate":{"block":{"blocks":["oak_trapdoor","spruce_trapdoor","birch_trapdoor","jungle_trapdoor","acacia_trapdoor","cherry_trapdoor","dark_oak_trapdoor","pale_oak_trapdoor","mangrove_trapdoor","bamboo_trapdoor","iron_trapdoor","crimson_trapdoor","warped_trapdoor","copper_trapdoor","exposed_copper_trapdoor","oxidized_copper_trapdoor","weathered_copper_trapdoor","waxed_copper_trapdoor","waxed_exposed_copper_trapdoor","waxed_oxidized_copper_trapdoor","waxed_weathered_copper_trapdoor"]}}}]},{"type":"loot_table","value":"bs.hitbox:get_block/26"}]}],"conditions":[{"condition":"location_check","predicate":{"block":{"blocks":["repeater","comparator","oak_trapdoor","spruce_trapdoor","birch_trapdoor","jungle_trapdoor","acacia_trapdoor","cherry_trapdoor","dark_oak_trapdoor","pale_oak_trapdoor","mangrove_trapdoor","bamboo_trapdoor","iron_trapdoor","crimson_trapdoor","warped_trapdoor","copper_trapdoor","exposed_copper_trapdoor","oxidized_copper_trapdoor","weathered_copper_trapdoor","waxed_copper_trapdoor","waxed_exposed_copper_trapdoor","waxed_oxidized_copper_trapdoor","waxed_weathered_copper_trapdoor","iron_bars","glass_pane","white_stained_glass_pane","orange_stained_glass_pane","magenta_stained_glass_pane","light_blue_stained_glass_pane","yellow_stained_glass_pane","lime_stained_glass_pane","pink_stained_glass_pane","gray_stained_glass_pane","light_gray_stained_glass_pane","cyan_stained_glass_pane","purple_stained_glass_pane","blue_stained_glass_pane","brown_stained_glass_pane","green_stained_glass_pane","red_stained_glass_pane","black_stained_glass_pane"]}}}]},{"type":"alternatives","children":[{"type":"alternatives","children":[{"type":"loot_table","value":"bs.hitbox:get_block/27","conditions":[{"condition":"location_check","predicate":{"block":{"blocks":["chain"]}}}]},{"type":"loot_table","value":"bs.hitbox:get_block/28"}],"conditions":[{"condition":"location_check","predicate":{"block":{"blocks":["chain","attached_pumpkin_stem","attached_melon_stem"]}}}]},{"type":"alternatives","children":[{"type":"loot_table","value":"bs.hitbox:get_block/29","conditions":[{"condition":"location_check","predicate":{"block":{"blocks":["pumpkin_stem","melon_stem"]}}}]},{"type":"loot_table","value":"bs.hitbox:get_block/30"}]}]}]}],"conditions":[{"condition":"location_check","predicate":{"block":{"blocks":["stone_pressure_plate","oak_pressure_plate","spruce_pressure_plate","birch_pressure_plate","jungle_pressure_plate","acacia_pressure_plate","cherry_pressure_plate","dark_oak_pressure_plate","pale_oak_pressure_plate","mangrove_pressure_plate","bamboo_pressure_plate","crimson_pressure_plate","warped_pressure_plate","polished_blackstone_pressure_plate","stone_button","oak_button","spruce_button","birch_button","jungle_button","acacia_button","cherry_button","dark_oak_button","pale_oak_button","mangrove_button","bamboo_button","crimson_button","warped_button","polished_blackstone_button","snow","cactus","dragon_egg","weeping_vines_plant","cave_vines","cave_vines_plant","decorated_pot","oak_fence","nether_brick_fence","spruce_fence","birch_fence","jungle_fence","acacia_fence","cherry_fence","dark_oak_fence","pale_oak_fence","mangrove_fence","bamboo_fence","crimson_fence","warped_fence","nether_portal","cake","repeater","comparator","oak_trapdoor","spruce_trapdoor","birch_trapdoor","jungle_trapdoor","acacia_trapdoor","cherry_trapdoor","dark_oak_trapdoor","pale_oak_trapdoor","mangrove_trapdoor","bamboo_trapdoor","iron_trapdoor","crimson_trapdoor","warped_trapdoor","copper_trapdoor","exposed_copper_trapdoor","oxidized_copper_trapdoor","weathered_copper_trapdoor","waxed_copper_trapdoor","waxed_exposed_copper_trapdoor","waxed_oxidized_copper_trapdoor","waxed_weathered_copper_trapdoor","iron_bars","glass_pane","white_stained_glass_pane","orange_stained_glass_pane","magenta_stained_glass_pane","light_blue_stained_glass_pane","yellow_stained_glass_pane","lime_stained_glass_pane","pink_stained_glass_pane","gray_stained_glass_pane","light_gray_stained_glass_pane","cyan_stained_glass_pane","purple_stained_glass_pane","blue_stained_glass_pane","brown_stained_glass_pane","green_stained_glass_pane","red_stained_glass_pane","black_stained_glass_pane","chain","attached_pumpkin_stem","attached_melon_stem","pumpkin_stem","melon_stem","vine"]}}}]},{"type":"alternatives","children":[{"type":"alternatives","children":[{"type":"alternatives","children":[{"type":"loot_table","value":"bs.hitbox:get_block/31","conditions":[{"condition":"location_check","predicate":{"block":{"blocks":["glow_lichen","sculk_vein"]}}}]},{"type":"alternatives","children":[{"type":"loot_table","value":"bs.hitbox:get_block/32","conditions":[{"condition":"location_check","predicate":{"block":{"blocks":["oak_fence_gate","spruce_fence_gate","birch_fence_gate","jungle_fence_gate","acacia_fence_gate","cherry_fence_gate","dark_oak_fence_gate","pale_oak_fence_gate","mangrove_fence_gate","bamboo_fence_gate","crimson_fence_gate","warped_fence_gate"]}}}]},{"type":"item","name":"egg","functions":[{"function":"set_custom_data","tag":"{shape:[[1.0,0.0,1.0,15.0,1.5,15.0]]}"}]}]}],"conditions":[{"condition":"location_check","predicate":{"block":{"blocks":["glow_lichen","sculk_vein","oak_fence_gate","spruce_fence_gate","birch_fence_gate","jungle_fence_gate","acacia_fence_gate","cherry_fence_gate","dark_oak_fence_gate","pale_oak_fence_gate","mangrove_fence_gate","bamboo_fence_gate","crimson_fence_gate","warped_fence_gate","lily_pad"]}}}]},{"type":"alternatives","children":[{"type":"alternatives","children":[{"type":"loot_table","value":"bs.hitbox:get_block/33","conditions":[{"condition":"location_check","predicate":{"block":{"blocks":["nether_wart"]}}}]},{"type":"item","name":"egg","functions":[{"function":"set_custom_data","tag":"{shape:[[0.0,0.0,0.0,16.0,12.0,16.0]]}"}]}],"conditions":[{"condition":"location_check","predicate":{"block":{"blocks":["nether_wart","enchanting_table"]}}}]},{"type":"alternatives","children":[{"type":"item","name":"egg","functions":[{"function":"set_custom_data","tag":"{shape:[[1.0,0.0,1.0,15.0,2.0,15.0],[7.0,2.0,7.0,9.0,14.0,9.0]]}"}],"conditions":[{"condition":"location_check","predicate":{"block":{"blocks":["brewing_stand"]}}}]},{"type":"item","name":"egg","functions":[{"function":"set_custom_data","tag":"{shape:[[0.0,0.0,0.0,4.0,16.0,2.0],[0.0,0.0,2.0,2.0,16.0,4.0],[0.0,0.0,12.0,2.0,16.0,16.0],[0.0,3.0,4.0,2.0,16.0,16.0],[2.0,0.0,14.0,4.0,16.0,16.0],[2.0,3.0,2.0,16.0,4.0,16.0],[4.0,3.0,0.0,16.0,16.0,2.0],[4.0,4.0,14.0,16.0,16.0,16.0],[12.0,0.0,0.0,16.0,16.0,2.0],[12.0,0.0,14.0,16.0,16.0,16.0],[14.0,0.0,2.0,16.0,16.0,4.0],[14.0,0.0,12.0,16.0,16.0,16.0],[14.0,4.0,4.0,16.0,16.0,16.0]]}"}]}]}]}],"conditions":[{"condition":"location_check","predicate":{"block":{"blocks":["glow_lichen","sculk_vein","oak_fence_gate","spruce_fence_gate","birch_fence_gate","jungle_fence_gate","acacia_fence_gate","cherry_fence_gate","dark_oak_fence_gate","pale_oak_fence_gate","mangrove_fence_gate","bamboo_fence_gate","crimson_fence_gate","warped_fence_gate","lily_pad","nether_wart","enchanting_table","brewing_stand","cauldron","water_cauldron","lava_cauldron","powder_snow_cauldron"]}}}]},{"type":"alternatives","children":[{"type":"alternatives","children":[{"type":"item","name":"egg","functions":[{"function":"set_custom_data","tag":"{shape:[[0.0,6.0,0.0,16.0,12.0,16.0]]}"}],"conditions":[{"condition":"location_check","predicate":{"block":{"blocks":["end_portal"]}}}]},{"type":"alternatives","children":[{"type":"loot_table","value":"bs.hitbox:get_block/34","conditions":[{"condition":"location_check","predicate":{"block":{"blocks":["end_portal_frame"]}}}]},{"type":"loot_table","value":"bs.hitbox:get_block/35"}]}],"conditions":[{"condition":"location_check","predicate":{"block":{"blocks":["end_portal","end_portal_frame","cocoa"]}}}]},{"type":"alternatives","children":[{"type":"alternatives","children":[{"type":"item","name":"egg","functions":[{"function":"set_custom_data","tag":"{shape:[[1.0,0.0,1.0,15.0,14.0,15.0]]}"}],"conditions":[{"condition":"location_check","predicate":{"block":{"blocks":["ender_chest"]}}}]},{"type":"loot_table","value":"bs.hitbox:get_block/36"}],"conditions":[{"condition":"location_check","predicate":{"block":{"blocks":["ender_chest","tripwire_hook"]}}}]},{"type":"alternatives","children":[{"type":"loot_table","value":"bs.hitbox:get_block/37","conditions":[{"condition":"location_check","predicate":{"block":{"blocks":["tripwire"]}}}]},{"type":"loot_table","value":"bs.hitbox:get_block/38"}]}]}]}]}]}],"conditions":[{"condition":"location_check","predicate":{"block":{"blocks":["oak_sapling","spruce_sapling","birch_sapling","jungle_sapling","acacia_sapling","cherry_sapling","dark_oak_sapling","pale_oak_sapling","seagrass","mangrove_propagule","white_bed","orange_bed","magenta_bed","light_blue_bed","yellow_bed","lime_bed","pink_bed","gray_bed","light_gray_bed","cyan_bed","purple_bed","blue_bed","brown_bed","green_bed","red_bed","black_bed","powered_rail","detector_rail","activator_rail","sticky_piston","piston","short_grass","fern","dead_bush","warped_roots","crimson_roots","small_dripleaf","tall_seagrass","sugar_cane","piston_head","dandelion","torchflower","poppy","blue_orchid","allium","azure_bluet","red_tulip","orange_tulip","white_tulip","pink_tulip","oxeye_daisy","cornflower","wither_rose","lily_of_the_valley","brown_mushroom","red_mushroom","flower_pot","potted_torchflower","potted_oak_sapling","potted_spruce_sapling","potted_birch_sapling","potted_jungle_sapling","potted_acacia_sapling","potted_cherry_sapling","potted_dark_oak_sapling","potted_pale_oak_sapling","potted_mangrove_propagule","potted_fern","potted_dandelion","potted_poppy","potted_blue_orchid","potted_allium","potted_azure_bluet","potted_red_tulip","potted_orange_tulip","potted_white_tulip","potted_pink_tulip","potted_oxeye_daisy","potted_cornflower","potted_lily_of_the_valley","potted_wither_rose","potted_red_mushroom","potted_brown_mushroom","potted_dead_bush","potted_cactus","potted_bamboo","potted_crimson_fungus","potted_warped_fungus","potted_crimson_roots","potted_warped_roots","potted_azalea_bush","potted_flowering_azalea_bush","torch","redstone_torch","soul_torch","wall_torch","redstone_wall_torch","soul_wall_torch","fire","soul_fire","white_carpet","orange_carpet","magenta_carpet","light_blue_carpet","yellow_carpet","lime_carpet","pink_carpet","gray_carpet","light_gray_carpet","cyan_carpet","purple_carpet","blue_carpet","brown_carpet","green_carpet","red_carpet","black_carpet","moss_carpet","oak_stairs","cobblestone_stairs","brick_stairs","stone_brick_stairs","mud_brick_stairs","nether_brick_stairs","sandstone_stairs","spruce_stairs","birch_stairs","jungle_stairs","quartz_stairs","acacia_stairs","cherry_stairs","dark_oak_stairs","pale_oak_stairs","mangrove_stairs","bamboo_stairs","bamboo_mosaic_stairs","prismarine_stairs","prismarine_brick_stairs","dark_prismarine_stairs","red_sandstone_stairs","purpur_stairs","polished_granite_stairs","smooth_red_sandstone_stairs","mossy_stone_brick_stairs","polished_diorite_stairs","mossy_cobblestone_stairs","end_stone_brick_stairs","stone_stairs","smooth_sandstone_stairs","smooth_quartz_stairs","granite_stairs","andesite_stairs","red_nether_brick_stairs","polished_andesite_stairs","diorite_stairs","crimson_stairs","warped_stairs","blackstone_stairs","polished_blackstone_brick_stairs","polished_blackstone_stairs","tuff_stairs","polished_tuff_stairs","tuff_brick_stairs","oxidized_cut_copper_stairs","weathered_cut_copper_stairs","exposed_cut_copper_stairs","cut_copper_stairs","waxed_oxidized_cut_copper_stairs","waxed_weathered_cut_copper_stairs","waxed_exposed_cut_copper_stairs","waxed_cut_copper_stairs","cobbled_deepslate_stairs","polished_deepslate_stairs","deepslate_tile_stairs","deepslate_brick_stairs","chest","trapped_chest","redstone_wire","wheat","farmland","dirt_path","oak_sign","spruce_sign","birch_sign","acacia_sign","cherry_sign","jungle_sign","dark_oak_sign","pale_oak_sign","mangrove_sign","bamboo_sign","white_banner","orange_banner","magenta_banner","light_blue_banner","yellow_banner","lime_banner","pink_banner","gray_banner","light_gray_banner","cyan_banner","purple_banner","blue_banner","brown_banner","green_banner","red_banner","black_banner","twisting_vines_plant","crimson_sign","warped_sign","oak_door","iron_door","spruce_door","birch_door","jungle_door","acacia_door","cherry_door","dark_oak_door","pale_oak_door","mangrove_door","bamboo_door","crimson_door","warped_door","copper_door","exposed_copper_door","oxidized_copper_door","weathered_copper_door","waxed_copper_door","waxed_exposed_copper_door","waxed_oxidized_copper_door","waxed_weathered_copper_door","ladder","rail","oak_wall_sign","spruce_wall_sign","birch_wall_sign","acacia_wall_sign","cherry_wall_sign","jungle_wall_sign","dark_oak_wall_sign","pale_oak_wall_sign","mangrove_wall_sign","bamboo_wall_sign","crimson_wall_sign","warped_wall_sign","oak_hanging_sign","spruce_hanging_sign","birch_hanging_sign","acacia_hanging_sign","cherry_hanging_sign","jungle_hanging_sign","dark_oak_hanging_sign","pale_oak_hanging_sign","crimson_hanging_sign","warped_hanging_sign","mangrove_hanging_sign","bamboo_hanging_sign","oak_wall_hanging_sign","spruce_wall_hanging_sign","birch_wall_hanging_sign","acacia_wall_hanging_sign","cherry_wall_hanging_sign","jungle_wall_hanging_sign","dark_oak_wall_hanging_sign","pale_oak_wall_hanging_sign","mangrove_wall_hanging_sign","crimson_wall_hanging_sign","warped_wall_hanging_sign","bamboo_wall_hanging_sign","lever","stone_pressure_plate","oak_pressure_plate","spruce_pressure_plate","birch_pressure_plate","jungle_pressure_plate","acacia_pressure_plate","cherry_pressure_plate","dark_oak_pressure_plate","pale_oak_pressure_plate","mangrove_pressure_plate","bamboo_pressure_plate","crimson_pressure_plate","warped_pressure_plate","polished_blackstone_pressure_plate","stone_button","oak_button","spruce_button","birch_button","jungle_button","acacia_button","cherry_button","dark_oak_button","pale_oak_button","mangrove_button","bamboo_button","crimson_button","warped_button","polished_blackstone_button","snow","cactus","dragon_egg","weeping_vines_plant","cave_vines","cave_vines_plant","decorated_pot","oak_fence","nether_brick_fence","spruce_fence","birch_fence","jungle_fence","acacia_fence","cherry_fence","dark_oak_fence","pale_oak_fence","mangrove_fence","bamboo_fence","crimson_fence","warped_fence","nether_portal","cake","repeater","comparator","oak_trapdoor","spruce_trapdoor","birch_trapdoor","jungle_trapdoor","acacia_trapdoor","cherry_trapdoor","dark_oak_trapdoor","pale_oak_trapdoor","mangrove_trapdoor","bamboo_trapdoor","iron_trapdoor","crimson_trapdoor","warped_trapdoor","copper_trapdoor","exposed_copper_trapdoor","oxidized_copper_trapdoor","weathered_copper_trapdoor","waxed_copper_trapdoor","waxed_exposed_copper_trapdoor","waxed_oxidized_copper_trapdoor","waxed_weathered_copper_trapdoor","iron_bars","glass_pane","white_stained_glass_pane","orange_stained_glass_pane","magenta_stained_glass_pane","light_blue_stained_glass_pane","yellow_stained_glass_pane","lime_stained_glass_pane","pink_stained_glass_pane","gray_stained_glass_pane","light_gray_stained_glass_pane","cyan_stained_glass_pane","purple_stained_glass_pane","blue_stained_glass_pane","brown_stained_glass_pane","green_stained_glass_pane","red_stained_glass_pane","black_stained_glass_pane","chain","attached_pumpkin_stem","attached_melon_stem","pumpkin_stem","melon_stem","vine","glow_lichen","sculk_vein","oak_fence_gate","spruce_fence_gate","birch_fence_gate","jungle_fence_gate","acacia_fence_gate","cherry_fence_gate","dark_oak_fence_gate","pale_oak_fence_gate","mangrove_fence_gate","bamboo_fence_gate","crimson_fence_gate","warped_fence_gate","lily_pad","nether_wart","enchanting_table","brewing_stand","cauldron","water_cauldron","lava_cauldron","powder_snow_cauldron","end_portal","end_portal_frame","cocoa","ender_chest","tripwire_hook","tripwire","cobblestone_wall","mossy_cobblestone_wall","brick_wall","prismarine_wall","red_sandstone_wall","mossy_stone_brick_wall","granite_wall","stone_brick_wall","mud_brick_wall","nether_brick_wall","andesite_wall","red_nether_brick_wall","sandstone_wall","end_stone_brick_wall","diorite_wall","blackstone_wall","polished_blackstone_brick_wall","polished_blackstone_wall","tuff_wall","polished_tuff_wall","tuff_brick_wall","cobbled_deepslate_wall","polished_deepslate_wall","deepslate_tile_wall","deepslate_brick_wall"]}}}]},{"type":"alternatives","children":[{"type":"alternatives","children":[{"type":"alternatives","children":[{"type":"alternatives","children":[{"type":"alternatives","children":[{"type":"loot_table","value":"bs.hitbox:get_block/39","conditions":[{"condition":"location_check","predicate":{"block":{"blocks":["carrots","potatoes"]}}}]},{"type":"alternatives","children":[{"type":"item","name":"egg","functions":[{"function":"set_custom_data","tag":"{shape:[[4.0,0.0,4.0,12.0,8.0,12.0]]}"}],"conditions":[{"condition":"location_check","predicate":{"block":{"blocks":["skeleton_skull","wither_skeleton_skull","zombie_head","player_head","creeper_head","dragon_head","heavy_core"]}}}]},{"type":"loot_table","value":"bs.hitbox:get_block/40"}]}],"conditions":[{"condition":"location_check","predicate":{"block":{"blocks":["carrots","potatoes","skeleton_skull","wither_skeleton_skull","zombie_head","player_head","creeper_head","dragon_head","heavy_core","skeleton_wall_skull","wither_skeleton_wall_skull","zombie_wall_head","player_wall_head","creeper_wall_head","dragon_wall_head"]}}}]},{"type":"alternatives","children":[{"type":"item","name":"egg","functions":[{"function":"set_custom_data","tag":"{shape:[[3.0,0.0,3.0,13.0,8.0,13.0]]}"}],"conditions":[{"condition":"location_check","predicate":{"block":{"blocks":["piglin_head"]}}}]},{"type":"alternatives","children":[{"type":"loot_table","value":"bs.hitbox:get_block/41","conditions":[{"condition":"location_check","predicate":{"block":{"blocks":["piglin_wall_head"]}}}]},{"type":"loot_table","value":"bs.hitbox:get_block/42"}]}]}],"conditions":[{"condition":"location_check","predicate":{"block":{"blocks":["carrots","potatoes","skeleton_skull","wither_skeleton_skull","zombie_head","player_head","creeper_head","dragon_head","heavy_core","skeleton_wall_skull","wither_skeleton_wall_skull","zombie_wall_head","player_wall_head","creeper_wall_head","dragon_wall_head","piglin_head","piglin_wall_head","anvil","chipped_anvil","damaged_anvil"]}}}]},{"type":"alternatives","children":[{"type":"alternatives","children":[{"type":"loot_table","value":"bs.hitbox:get_block/43","conditions":[{"condition":"location_check","predicate":{"block":{"blocks":["light_weighted_pressure_plate","heavy_weighted_pressure_plate"]}}}]},{"type":"alternatives","children":[{"type":"item","name":"egg","functions":[{"function":"set_custom_data","tag":"{shape:[[0.0,0.0,0.0,16.0,6.0,16.0]]}"}],"conditions":[{"condition":"location_check","predicate":{"block":{"blocks":["daylight_detector"]}}}]},{"type":"loot_table","value":"bs.hitbox:get_block/44"}]}],"conditions":[{"condition":"location_check","predicate":{"block":{"blocks":["light_weighted_pressure_plate","heavy_weighted_pressure_plate","daylight_detector","hopper"]}}}]},{"type":"alternatives","children":[{"type":"alternatives","children":[{"type":"loot_table","value":"bs.hitbox:get_block/45","conditions":[{"condition":"location_check","predicate":{"block":{"blocks":["prismarine_slab","prismarine_brick_slab","dark_prismarine_slab","oak_slab","spruce_slab","birch_slab","jungle_slab","acacia_slab","cherry_slab","dark_oak_slab","pale_oak_slab","mangrove_slab","bamboo_slab","bamboo_mosaic_slab","stone_slab","smooth_stone_slab","sandstone_slab","cut_sandstone_slab","petrified_oak_slab","cobblestone_slab","brick_slab","stone_brick_slab","mud_brick_slab","nether_brick_slab","quartz_slab","red_sandstone_slab","cut_red_sandstone_slab","purpur_slab","polished_granite_slab","smooth_red_sandstone_slab","mossy_stone_brick_slab","polished_diorite_slab","mossy_cobblestone_slab","end_stone_brick_slab","smooth_sandstone_slab","smooth_quartz_slab","granite_slab","andesite_slab","red_nether_brick_slab","polished_andesite_slab","diorite_slab","crimson_slab","warped_slab","blackstone_slab","polished_blackstone_brick_slab","polished_blackstone_slab","tuff_slab","polished_tuff_slab","tuff_brick_slab","oxidized_cut_copper_slab","weathered_cut_copper_slab","exposed_cut_copper_slab","cut_copper_slab","waxed_oxidized_cut_copper_slab","waxed_weathered_cut_copper_slab","waxed_exposed_cut_copper_slab","waxed_cut_copper_slab","cobbled_deepslate_slab","polished_deepslate_slab","deepslate_tile_slab","deepslate_brick_slab"]}}}]},{"type":"loot_table","value":"bs.hitbox:get_block/46"}],"conditions":[{"condition":"location_check","predicate":{"block":{"blocks":["prismarine_slab","prismarine_brick_slab","dark_prismarine_slab","oak_slab","spruce_slab","birch_slab","jungle_slab","acacia_slab","cherry_slab","dark_oak_slab","pale_oak_slab","mangrove_slab","bamboo_slab","bamboo_mosaic_slab","stone_slab","smooth_stone_slab","sandstone_slab","cut_sandstone_slab","petrified_oak_slab","cobblestone_slab","brick_slab","stone_brick_slab","mud_brick_slab","nether_brick_slab","quartz_slab","red_sandstone_slab","cut_red_sandstone_slab","purpur_slab","polished_granite_slab","smooth_red_sandstone_slab","mossy_stone_brick_slab","polished_diorite_slab","mossy_cobblestone_slab","end_stone_brick_slab","smooth_sandstone_slab","smooth_quartz_slab","granite_slab","andesite_slab","red_nether_brick_slab","polished_andesite_slab","diorite_slab","crimson_slab","warped_slab","blackstone_slab","polished_blackstone_brick_slab","polished_blackstone_slab","tuff_slab","polished_tuff_slab","tuff_brick_slab","oxidized_cut_copper_slab","weathered_cut_copper_slab","exposed_cut_copper_slab","cut_copper_slab","waxed_oxidized_cut_copper_slab","waxed_weathered_cut_copper_slab","waxed_exposed_cut_copper_slab","waxed_cut_copper_slab","cobbled_deepslate_slab","polished_deepslate_slab","deepslate_tile_slab","deepslate_brick_slab","white_wall_banner","orange_wall_banner","magenta_wall_banner","light_blue_wall_banner","yellow_wall_banner","lime_wall_banner","pink_wall_banner","gray_wall_banner","light_gray_wall_banner","cyan_wall_banner","purple_wall_banner","blue_wall_banner","brown_wall_banner","green_wall_banner","red_wall_banner","black_wall_banner"]}}}]},{"type":"alternatives","children":[{"type":"loot_table","value":"bs.hitbox:get_block/47","conditions":[{"condition":"location_check","predicate":{"block":{"blocks":["end_rod","lightning_rod"]}}}]},{"type":"loot_table","value":"bs.hitbox:get_block/48"}]}]}]}],"conditions":[{"condition":"location_check","predicate":{"block":{"blocks":["carrots","potatoes","skeleton_skull","wither_skeleton_skull","zombie_head","player_head","creeper_head","dragon_head","heavy_core","skeleton_wall_skull","wither_skeleton_wall_skull","zombie_wall_head","player_wall_head","creeper_wall_head","dragon_wall_head","piglin_head","piglin_wall_head","anvil","chipped_anvil","damaged_anvil","light_weighted_pressure_plate","heavy_weighted_pressure_plate","daylight_detector","hopper","prismarine_slab","prismarine_brick_slab","dark_prismarine_slab","oak_slab","spruce_slab","birch_slab","jungle_slab","acacia_slab","cherry_slab","dark_oak_slab","pale_oak_slab","mangrove_slab","bamboo_slab","bamboo_mosaic_slab","stone_slab","smooth_stone_slab","sandstone_slab","cut_sandstone_slab","petrified_oak_slab","cobblestone_slab","brick_slab","stone_brick_slab","mud_brick_slab","nether_brick_slab","quartz_slab","red_sandstone_slab","cut_red_sandstone_slab","purpur_slab","polished_granite_slab","smooth_red_sandstone_slab","mossy_stone_brick_slab","polished_diorite_slab","mossy_cobblestone_slab","end_stone_brick_slab","smooth_sandstone_slab","smooth_quartz_slab","granite_slab","andesite_slab","red_nether_brick_slab","polished_andesite_slab","diorite_slab","crimson_slab","warped_slab","blackstone_slab","polished_blackstone_brick_slab","polished_blackstone_slab","tuff_slab","polished_tuff_slab","tuff_brick_slab","oxidized_cut_copper_slab","weathered_cut_copper_slab","exposed_cut_copper_slab","cut_copper_slab","waxed_oxidized_cut_copper_slab","waxed_weathered_cut_copper_slab","waxed_exposed_cut_copper_slab","waxed_cut_copper_slab","cobbled_deepslate_slab","polished_deepslate_slab","deepslate_tile_slab","deepslate_brick_slab","white_wall_banner","orange_wall_banner","magenta_wall_banner","light_blue_wall_banner","yellow_wall_banner","lime_wall_banner","pink_wall_banner","gray_wall_banner","light_gray_wall_banner","cyan_wall_banner","purple_wall_banner","blue_wall_banner","brown_wall_banner","green_wall_banner","red_wall_banner","black_wall_banner","end_rod","lightning_rod","chorus_plant"]}}}]},{"type":"alternatives","children":[{"type":"alternatives","children":[{"type":"alternatives","children":[{"type":"loot_table","value":"bs.hitbox:get_block/49","conditions":[{"condition":"location_check","predicate":{"block":{"blocks":["torchflower_crop"]}}}]},{"type":"alternatives","children":[{"type":"loot_table","value":"bs.hitbox:get_block/50","conditions":[{"condition":"location_check","predicate":{"block":{"blocks":["pitcher_crop"]}}}]},{"type":"loot_table","value":"bs.hitbox:get_block/51"}]}],"conditions":[{"condition":"location_check","predicate":{"block":{"blocks":["torchflower_crop","pitcher_crop","beetroots"]}}}]},{"type":"alternatives","children":[{"type":"alternatives","children":[{"type":"item","name":"egg","functions":[{"function":"set_custom_data","tag":"{shape:[[5.0,5.0,5.0,11.0,11.0,11.0]]}"}],"conditions":[{"condition":"location_check","predicate":{"block":{"blocks":["structure_void","conduit"]}}}]},{"type":"item","name":"egg","functions":[{"function":"set_custom_data","tag":"{shape:[[0.0,0.0,0.0,16.0,9.0,16.0]]}"}]}],"conditions":[{"condition":"location_check","predicate":{"block":{"blocks":["structure_void","conduit","kelp","stonecutter"]}}}]},{"type":"alternatives","children":[{"type":"loot_table","value":"bs.hitbox:get_block/52","conditions":[{"condition":"location_check","predicate":{"block":{"blocks":["turtle_egg"]}}}]},{"type":"item","name":"egg","functions":[{"function":"set_custom_data","tag":"{shape:[[1.0,0.0,2.0,15.0,16.0,14.0]]}"}]}]}]}],"conditions":[{"condition":"location_check","predicate":{"block":{"blocks":["torchflower_crop","pitcher_crop","beetroots","structure_void","conduit","kelp","stonecutter","turtle_egg","sniffer_egg"]}}}]},{"type":"alternatives","children":[{"type":"alternatives","children":[{"type":"item","name":"egg","functions":[{"function":"set_custom_data","tag":"{shape:[[2.0,0.0,2.0,14.0,15.0,14.0]]}"}],"conditions":[{"condition":"location_check","predicate":{"block":{"blocks":["dead_tube_coral","dead_brain_coral","dead_bubble_coral","dead_fire_coral","dead_horn_coral","tube_coral","brain_coral","bubble_coral","fire_coral","horn_coral"]}}}]},{"type":"alternatives","children":[{"type":"item","name":"egg","functions":[{"function":"set_custom_data","tag":"{shape:[[2.0,0.0,2.0,14.0,4.0,14.0]]}"}],"conditions":[{"condition":"location_check","predicate":{"block":{"blocks":["dead_tube_coral_fan","dead_brain_coral_fan","dead_bubble_coral_fan","dead_fire_coral_fan","dead_horn_coral_fan","tube_coral_fan","brain_coral_fan","bubble_coral_fan","fire_coral_fan","horn_coral_fan"]}}}]},{"type":"loot_table","value":"bs.hitbox:get_block/53"}]}],"conditions":[{"condition":"location_check","predicate":{"block":{"blocks":["dead_tube_coral","dead_brain_coral","dead_bubble_coral","dead_fire_coral","dead_horn_coral","tube_coral","brain_coral","bubble_coral","fire_coral","horn_coral","dead_tube_coral_fan","dead_brain_coral_fan","dead_bubble_coral_fan","dead_fire_coral_fan","dead_horn_coral_fan","tube_coral_fan","brain_coral_fan","bubble_coral_fan","fire_coral_fan","horn_coral_fan","dead_tube_coral_wall_fan","dead_brain_coral_wall_fan","dead_bubble_coral_wall_fan","dead_fire_coral_wall_fan","dead_horn_coral_wall_fan","tube_coral_wall_fan","brain_coral_wall_fan","bubble_coral_wall_fan","fire_coral_wall_fan","horn_coral_wall_fan"]}}}]},{"type":"alternatives","children":[{"type":"alternatives","children":[{"type":"loot_table","value":"bs.hitbox:get_block/54","conditions":[{"condition":"location_check","predicate":{"block":{"blocks":["sea_pickle"]}}}]},{"type":"item","name":"egg","functions":[{"function":"set_custom_data","tag":"{shape:[[4.0,0.0,4.0,12.0,12.0,12.0]]}"}]}],"conditions":[{"condition":"location_check","predicate":{"block":{"blocks":["sea_pickle","bamboo_sapling"]}}}]},{"type":"alternatives","children":[{"type":"loot_table","value":"bs.hitbox:get_block/55","conditions":[{"condition":"location_check","predicate":{"block":{"blocks":["bamboo"]}}}]},{"type":"loot_table","value":"bs.hitbox:get_block/56"}]}]}]}]}],"conditions":[{"condition":"location_check","predicate":{"block":{"blocks":["carrots","potatoes","skeleton_skull","wither_skeleton_skull","zombie_head","player_head","creeper_head","dragon_head","heavy_core","skeleton_wall_skull","wither_skeleton_wall_skull","zombie_wall_head","player_wall_head","creeper_wall_head","dragon_wall_head","piglin_head","piglin_wall_head","anvil","chipped_anvil","damaged_anvil","light_weighted_pressure_plate","heavy_weighted_pressure_plate","daylight_detector","hopper","prismarine_slab","prismarine_brick_slab","dark_prismarine_slab","oak_slab","spruce_slab","birch_slab","jungle_slab","acacia_slab","cherry_slab","dark_oak_slab","pale_oak_slab","mangrove_slab","bamboo_slab","bamboo_mosaic_slab","stone_slab","smooth_stone_slab","sandstone_slab","cut_sandstone_slab","petrified_oak_slab","cobblestone_slab","brick_slab","stone_brick_slab","mud_brick_slab","nether_brick_slab","quartz_slab","red_sandstone_slab","cut_red_sandstone_slab","purpur_slab","polished_granite_slab","smooth_red_sandstone_slab","mossy_stone_brick_slab","polished_diorite_slab","mossy_cobblestone_slab","end_stone_brick_slab","smooth_sandstone_slab","smooth_quartz_slab","granite_slab","andesite_slab","red_nether_brick_slab","polished_andesite_slab","diorite_slab","crimson_slab","warped_slab","blackstone_slab","polished_blackstone_brick_slab","polished_blackstone_slab","tuff_slab","polished_tuff_slab","tuff_brick_slab","oxidized_cut_copper_slab","weathered_cut_copper_slab","exposed_cut_copper_slab","cut_copper_slab","waxed_oxidized_cut_copper_slab","waxed_weathered_cut_copper_slab","waxed_exposed_cut_copper_slab","waxed_cut_copper_slab","cobbled_deepslate_slab","polished_deepslate_slab","deepslate_tile_slab","deepslate_brick_slab","white_wall_banner","orange_wall_banner","magenta_wall_banner","light_blue_wall_banner","yellow_wall_banner","lime_wall_banner","pink_wall_banner","gray_wall_banner","light_gray_wall_banner","cyan_wall_banner","purple_wall_banner","blue_wall_banner","brown_wall_banner","green_wall_banner","red_wall_banner","black_wall_banner","end_rod","lightning_rod","chorus_plant","torchflower_crop","pitcher_crop","beetroots","structure_void","conduit","kelp","stonecutter","turtle_egg","sniffer_egg","dead_tube_coral","dead_brain_coral","dead_bubble_coral","dead_fire_coral","dead_horn_coral","tube_coral","brain_coral","bubble_coral","fire_coral","horn_coral","dead_tube_coral_fan","dead_brain_coral_fan","dead_bubble_coral_fan","dead_fire_coral_fan","dead_horn_coral_fan","tube_coral_fan","brain_coral_fan","bubble_coral_fan","fire_coral_fan","horn_coral_fan","dead_tube_coral_wall_fan","dead_brain_coral_wall_fan","dead_bubble_coral_wall_fan","dead_fire_coral_wall_fan","dead_horn_coral_wall_fan","tube_coral_wall_fan","brain_coral_wall_fan","bubble_coral_wall_fan","fire_coral_wall_fan","horn_coral_wall_fan","sea_pickle","bamboo_sapling","bamboo","scaffolding"]}}}]},{"type":"alternatives","children":[{"type":"alternatives","children":[{"type":"alternatives","children":[{"type":"alternatives","children":[{"type":"loot_table","value":"bs.hitbox:get_block/57","conditions":[{"condition":"location_check","predicate":{"block":{"blocks":["grindstone"]}}}]},{"type":"alternatives","children":[{"type":"loot_table","value":"bs.hitbox:get_block/58","conditions":[{"condition":"location_check","predicate":{"block":{"blocks":["lectern"]}}}]},{"type":"loot_table","value":"bs.hitbox:get_block/59"}]}],"conditions":[{"condition":"location_check","predicate":{"block":{"blocks":["grindstone","lectern","bell"]}}}]},{"type":"alternatives","children":[{"type":"alternatives","children":[{"type":"loot_table","value":"bs.hitbox:get_block/60","conditions":[{"condition":"location_check","predicate":{"block":{"blocks":["lantern","soul_lantern"]}}}]},{"type":"item","name":"egg","functions":[{"function":"set_custom_data","tag":"{shape:[[0.0,0.0,0.0,16.0,7.0,16.0]]}"}]}],"conditions":[{"condition":"location_check","predicate":{"block":{"blocks":["lantern","soul_lantern","campfire","soul_campfire"]}}}]},{"type":"alternatives","children":[{"type":"loot_table","value":"bs.hitbox:get_block/61","conditions":[{"condition":"location_check","predicate":{"block":{"blocks":["sweet_berry_bush"]}}}]},{"type":"item","name":"egg","functions":[{"function":"set_custom_data","tag":"{shape:[[4.0,0.0,4.0,12.0,9.0,12.0]]}"}]}]}]}],"conditions":[{"condition":"location_check","predicate":{"block":{"blocks":["grindstone","lectern","bell","lantern","soul_lantern","campfire","soul_campfire","sweet_berry_bush","warped_fungus","crimson_fungus"]}}}]},{"type":"alternatives","children":[{"type":"alternatives","children":[{"type":"item","name":"egg","functions":[{"function":"set_custom_data","tag":"{shape:[[2.0,0.0,2.0,14.0,3.0,14.0]]}"}],"conditions":[{"condition":"location_check","predicate":{"block":{"blocks":["nether_sprouts"]}}}]},{"type":"alternatives","children":[{"type":"item","name":"egg","functions":[{"function":"set_custom_data","tag":"{shape:[[4.0,9.0,4.0,12.0,16.0,12.0]]}"}],"conditions":[{"condition":"location_check","predicate":{"block":{"blocks":["weeping_vines"]}}}]},{"type":"item","name":"egg","functions":[{"function":"set_custom_data","tag":"{shape:[[4.0,0.0,4.0,12.0,15.0,12.0]]}"}]}]}],"conditions":[{"condition":"location_check","predicate":{"block":{"blocks":["nether_sprouts","weeping_vines","twisting_vines"]}}}]},{"type":"alternatives","children":[{"type":"alternatives","children":[{"type":"loot_table","value":"bs.hitbox:get_block/62","conditions":[{"condition":"location_check","predicate":{"block":{"blocks":["composter"]}}}]},{"type":"loot_table","value":"bs.hitbox:get_block/63"}],"conditions":[{"condition":"location_check","predicate":{"block":{"blocks":["composter","candle","white_candle","orange_candle","magenta_candle","light_blue_candle","yellow_candle","lime_candle","pink_candle","gray_candle","light_gray_candle","cyan_candle","purple_candle","blue_candle","brown_candle","green_candle","red_candle","black_candle"]}}}]},{"type":"alternatives","children":[{"type":"item","name":"egg","functions":[{"function":"set_custom_data","tag":"{shape:[[1.0,0.0,1.0,15.0,8.0,15.0],[7.0,8.0,7.0,9.0,14.0,9.0]]}"}],"conditions":[{"condition":"location_check","predicate":{"block":{"blocks":["candle_cake","white_candle_cake","orange_candle_cake","magenta_candle_cake","light_blue_candle_cake","yellow_candle_cake","lime_candle_cake","pink_candle_cake","gray_candle_cake","light_gray_candle_cake","cyan_candle_cake","purple_candle_cake","blue_candle_cake","brown_candle_cake","green_candle_cake","red_candle_cake","black_candle_cake"]}}}]},{"type":"loot_table","value":"bs.hitbox:get_block/64"}]}]}]}],"conditions":[{"condition":"location_check","predicate":{"block":{"blocks":["grindstone","lectern","bell","lantern","soul_lantern","campfire","soul_campfire","sweet_berry_bush","warped_fungus","crimson_fungus","nether_sprouts","weeping_vines","twisting_vines","composter","candle","white_candle","orange_candle","magenta_candle","light_blue_candle","yellow_candle","lime_candle","pink_candle","gray_candle","light_gray_candle","cyan_candle","purple_candle","blue_candle","brown_candle","green_candle","red_candle","black_candle","candle_cake","white_candle_cake","orange_candle_cake","magenta_candle_cake","light_blue_candle_cake","yellow_candle_cake","lime_candle_cake","pink_candle_cake","gray_candle_cake","light_gray_candle_cake","cyan_candle_cake","purple_candle_cake","blue_candle_cake","brown_candle_cake","green_candle_cake","red_candle_cake","black_candle_cake","amethyst_cluster"]}}}]},{"type":"alternatives","children":[{"type":"alternatives","children":[{"type":"alternatives","children":[{"type":"loot_table","value":"bs.hitbox:get_block/65","conditions":[{"condition":"location_check","predicate":{"block":{"blocks":["large_amethyst_bud"]}}}]},{"type":"alternatives","children":[{"type":"loot_table","value":"bs.hitbox:get_block/66","conditions":[{"condition":"location_check","predicate":{"block":{"blocks":["medium_amethyst_bud"]}}}]},{"type":"loot_table","value":"bs.hitbox:get_block/67"}]}],"conditions":[{"condition":"location_check","predicate":{"block":{"blocks":["large_amethyst_bud","medium_amethyst_bud","small_amethyst_bud"]}}}]},{"type":"alternatives","children":[{"type":"alternatives","children":[{"type":"item","name":"egg","functions":[{"function":"set_custom_data","tag":"{shape:[[0.0,0.0,0.0,16.0,8.0,16.0]]}"}],"conditions":[{"condition":"location_check","predicate":{"block":{"blocks":["sculk_sensor","calibrated_sculk_sensor"]}}}]},{"type":"loot_table","value":"bs.hitbox:get_block/68"}],"conditions":[{"condition":"location_check","predicate":{"block":{"blocks":["sculk_sensor","calibrated_sculk_sensor","pointed_dripstone"]}}}]},{"type":"alternatives","children":[{"type":"item","name":"egg","functions":[{"function":"set_custom_data","tag":"{shape:[[2.0,13.0,2.0,14.0,16.0,14.0]]}"}],"conditions":[{"condition":"location_check","predicate":{"block":{"blocks":["spore_blossom"]}}}]},{"type":"item","name":"egg","functions":[{"function":"set_custom_data","tag":"{shape:[[0.0,8.0,0.0,16.0,16.0,16.0],[6.0,0.0,6.0,10.0,16.0,10.0]]}"}]}]}]}],"conditions":[{"condition":"location_check","predicate":{"block":{"blocks":["large_amethyst_bud","medium_amethyst_bud","small_amethyst_bud","sculk_sensor","calibrated_sculk_sensor","pointed_dripstone","spore_blossom","azalea","flowering_azalea"]}}}]},{"type":"alternatives","children":[{"type":"alternatives","children":[{"type":"loot_table","value":"bs.hitbox:get_block/69","conditions":[{"condition":"location_check","predicate":{"block":{"blocks":["pink_petals"]}}}]},{"type":"alternatives","children":[{"type":"loot_table","value":"bs.hitbox:get_block/70","conditions":[{"condition":"location_check","predicate":{"block":{"blocks":["big_dripleaf"]}}}]},{"type":"loot_table","value":"bs.hitbox:get_block/71"}]}],"conditions":[{"condition":"location_check","predicate":{"block":{"blocks":["pink_petals","big_dripleaf","big_dripleaf_stem"]}}}]},{"type":"alternatives","children":[{"type":"alternatives","children":[{"type":"item","name":"egg","functions":[{"function":"set_custom_data","tag":"{shape:[[2.0,10.0,2.0,14.0,16.0,14.0]]}"}],"conditions":[{"condition":"location_check","predicate":{"block":{"blocks":["hanging_roots"]}}}]},{"type":"item","name":"egg","functions":[{"function":"set_custom_data","tag":"{shape:[[0.0,0.0,0.0,16.0,1.5,16.0]]}"}]}],"conditions":[{"condition":"location_check","predicate":{"block":{"blocks":["hanging_roots","frogspawn"]}}}]},{"type":"alternatives","children":[{"type":"loot_table","value":"bs.hitbox:get_block/72","conditions":[{"condition":"location_check","predicate":{"block":{"blocks":["pale_moss_carpet"]}}}]},{"type":"loot_table","value":"bs.hitbox:get_block/73"}]}]}]}]}]}]}]}]}]}
