[
  {
    "name": "fractal_shape_2d",
    "documentation": "https://bookshelf.docs.gunivers.net/en/latest/modules/generate.html#shape-2d",
    "authors": [
      "Aksiome"
    ],
    "created": {
      "date": "2024/09/09",
      "version": "1.21"
    },
    "updated": {
      "date": "2024/09/09",
      "version": "1.21"
    }
  },
  {
    "name": "shape_2d",
    "documentation": "https://bookshelf.docs.gunivers.net/en/latest/modules/generate.html#shape-2d",
    "authors": [
      "Aksiome"
    ],
    "created": {
      "date": "2024/09/09",
      "version": "1.21"
    },
    "updated": {
      "date": "2024/09/09",
      "version": "1.21"
    }
  },
  {
    "name": "simplex_shape_2d",
    "documentation": "https://bookshelf.docs.gunivers.net/en/latest/modules/generate.html#shape-2d",
    "authors": [
      "Aksiome"
    ],
    "created": {
      "date": "2024/09/09",
      "version": "1.21"
    },
    "updated": {
      "date": "2024/09/09",
      "version": "1.21"
    }
  }
]
