[
  {
    "name": "and",
    "documentation": "https://bookshelf.docs.gunivers.net/en/latest/modules/bitwise.html#logical-operators",
    "authors": [
      "Aksiome",
      "theogiraudet"
    ],
    "created": {
      "date": "2018/02/27",
      "version": "1.13"
    },
    "updated": {
      "date": "2023/08/22",
      "version": "23w33a"
    }
  },
  {
    "name": "bit_count",
    "documentation": "https://bookshelf.docs.gunivers.net/en/latest/modules/bitwise.html#bit-count",
    "authors": [
      "Aksiome"
    ],
    "created": {
      "date": "2024/02/27",
      "version": "1.20.4"
    },
    "updated": {
      "date": "2024/02/27",
      "version": "1.20.4"
    }
  },
  {
    "name": "bit_length",
    "documentation": "https://bookshelf.docs.gunivers.net/en/latest/modules/bitwise.html#bit-length",
    "authors": [
      "Aksiome",
      "theogiraudet"
    ],
    "created": {
      "date": "2020/09/06",
      "version": "1.16"
    },
    "updated": {
      "date": "2024/02/27",
      "version": "1.20.4"
    }
  },
  {
    "name": "not",
    "documentation": "https://bookshelf.docs.gunivers.net/en/latest/modules/bitwise.html#logical-operators",
    "authors": [
      "Aksiome",
      "theogiraudet"
    ],
    "created": {
      "date": "2018/08/27",
      "version": "1.13"
    },
    "updated": {
      "date": "2024/03/18",
      "version": "1.20.4"
    }
  },
  {
    "name": "or",
    "documentation": "https://bookshelf.docs.gunivers.net/en/latest/modules/bitwise.html#logical-operators",
    "authors": [
      "Aksiome",
      "theogiraudet"
    ],
    "created": {
      "date": "2018/02/27",
      "version": "1.13"
    },
    "updated": {
      "date": "2023/08/22",
      "version": "23w33a"
    }
  },
  {
    "name": "two_complement",
    "documentation": "https://bookshelf.docs.gunivers.net/en/latest/modules/bitwise.html#complement-to-2",
    "authors": [
      "Aksiome",
      "theogiraudet"
    ],
    "created": {
      "date": "2020/09/06",
      "version": "1.16"
    },
    "updated": {
      "date": "2024/02/27",
      "version": "1.20.4"
    }
  },
  {
    "name": "xor",
    "documentation": "https://bookshelf.docs.gunivers.net/en/latest/modules/bitwise.html#logical-operators",
    "authors": [
      "Aksiome",
      "theogiraudet"
    ],
    "created": {
      "date": "2018/02/27",
      "version": "1.13"
    },
    "updated": {
      "date": "2023/08/22",
      "version": "23w33a"
    }
  }
]
