[
  {
    "name": "as_children",
    "documentation": "https://bookshelf.docs.gunivers.net/en/latest/modules/link.html#relationships",
    "authors": [
      "Aksiome"
    ],
    "created": {
      "date": "2024/09/07",
      "version": "1.21"
    },
    "updated": {
      "date": "2024/09/07",
      "version": "1.21"
    }
  },
  {
    "name": "as_parent",
    "documentation": "https://bookshelf.docs.gunivers.net/en/latest/modules/link.html#relationships",
    "authors": [
      "Aksiome"
    ],
    "created": {
      "date": "2024/09/07",
      "version": "1.21"
    },
    "updated": {
      "date": "2024/09/07",
      "version": "1.21"
    }
  },
  {
    "name": "at_children",
    "documentation": "https://bookshelf.docs.gunivers.net/en/latest/modules/link.html#relationships",
    "authors": [
      "Aksiome"
    ],
    "created": {
      "date": "2024/09/07",
      "version": "1.21"
    },
    "updated": {
      "date": "2024/09/07",
      "version": "1.21"
    }
  },
  {
    "name": "at_parent",
    "documentation": "https://bookshelf.docs.gunivers.net/en/latest/modules/link.html#relationships",
    "authors": [
      "Aksiome"
    ],
    "created": {
      "date": "2024/09/07",
      "version": "1.21"
    },
    "updated": {
      "date": "2024/09/07",
      "version": "1.21"
    }
  },
  {
    "name": "create_link_ata",
    "documentation": "https://bookshelf.docs.gunivers.net/en/latest/modules/link.html#create-link",
    "authors": [
      "Aksiome",
      "Leirof"
    ],
    "created": {
      "date": "2020/05/16",
      "version": "1.20.1"
    },
    "updated": {
      "date": "2023/09/11",
      "version": "1.15"
    },
    "dependencies": [
      "bs.id"
    ]
  },
  {
    "name": "imitate_pos",
    "documentation": "https://bookshelf.docs.gunivers.net/en/latest/modules/link.html#imitate-behaviors",
    "authors": [
      "Aksiome",
      "Leirof"
    ],
    "created": {
      "date": "2018/06/29",
      "version": "1.13"
    },
    "updated": {
      "date": "2023/09/11",
      "version": "1.20.4"
    }
  },
  {
    "name": "imitate_pos_and_rot",
    "documentation": "https://bookshelf.docs.gunivers.net/en/latest/modules/link.html#imitate-behaviors",
    "authors": [
      "Aksiome",
      "Leirof"
    ],
    "created": {
      "date": "2023/09/09",
      "version": "1.20.1"
    },
    "updated": {
      "date": "2024/02/27",
      "version": "1.20.4"
    }
  },
  {
    "name": "imitate_pos_x",
    "documentation": "https://bookshelf.docs.gunivers.net/en/latest/modules/link.html#imitate-behaviors",
    "authors": [
      "Aksiome",
      "Leirof"
    ],
    "created": {
      "date": "2018/06/29",
      "version": "1.13"
    },
    "updated": {
      "date": "2023/09/11",
      "version": "1.20.4"
    }
  },
  {
    "name": "imitate_pos_y",
    "documentation": "https://bookshelf.docs.gunivers.net/en/latest/modules/link.html#imitate-behaviors",
    "authors": [
      "Aksiome",
      "Leirof"
    ],
    "created": {
      "date": "2018/06/29",
      "version": "1.13"
    },
    "updated": {
      "date": "2023/09/11",
      "version": "1.20.4"
    }
  },
  {
    "name": "imitate_pos_z",
    "documentation": "https://bookshelf.docs.gunivers.net/en/latest/modules/link.html#imitate-behaviors",
    "authors": [
      "Aksiome",
      "Leirof"
    ],
    "created": {
      "date": "2018/06/29",
      "version": "1.13"
    },
    "updated": {
      "date": "2023/09/11",
      "version": "1.20.4"
    }
  },
  {
    "name": "imitate_rot",
    "documentation": "https://bookshelf.docs.gunivers.net/en/latest/modules/link.html#imitate-behaviors",
    "authors": [
      "Aksiome",
      "Leirof"
    ],
    "created": {
      "date": "2018/06/29",
      "version": "1.13"
    },
    "updated": {
      "date": "2023/09/11",
      "version": "1.20.4"
    }
  },
  {
    "name": "imitate_rot_h",
    "documentation": "https://bookshelf.docs.gunivers.net/en/latest/modules/link.html#imitate-behaviors",
    "authors": [
      "Aksiome",
      "Leirof"
    ],
    "created": {
      "date": "2018/06/29",
      "version": "1.13"
    },
    "updated": {
      "date": "2023/09/11",
      "version": "1.20.4"
    }
  },
  {
    "name": "imitate_rot_v",
    "documentation": "https://bookshelf.docs.gunivers.net/en/latest/modules/link.html#imitate-behaviors",
    "authors": [
      "Aksiome",
      "Leirof"
    ],
    "created": {
      "date": "2018/06/29",
      "version": "1.13"
    },
    "updated": {
      "date": "2023/09/11",
      "version": "1.20.4"
    }
  },
  {
    "name": "keep_local_pos",
    "documentation": "https://bookshelf.docs.gunivers.net/en/latest/modules/link.html#keep-local-position",
    "authors": [
      "Aksiome",
      "Leirof"
    ],
    "created": {
      "date": "2019/07/13",
      "version": "1.14"
    },
    "updated": {
      "date": "2023/09/11",
      "version": "1.20.1"
    }
  },
  {
    "name": "mirror_point_ata",
    "documentation": "https://bookshelf.docs.gunivers.net/en/latest/modules/link.html#mirror-point",
    "authors": [
      "Aksiome"
    ],
    "created": {
      "date": "2023/09/10",
      "version": "1.20.1"
    },
    "updated": {
      "date": "2023/09/11",
      "version": "1.20.1"
    },
    "dependencies": [
      "bs.position"
    ]
  },
  {
    "name": "mirror_x_plane",
    "documentation": "https://bookshelf.docs.gunivers.net/en/latest/modules/link.html#mirror-plane",
    "authors": [
      "Aksiome"
    ],
    "created": {
      "date": "2023/09/10",
      "version": "1.20.1"
    },
    "updated": {
      "date": "2023/09/11",
      "version": "1.20.1"
    }
  },
  {
    "name": "mirror_z_plane",
    "documentation": "https://bookshelf.docs.gunivers.net/en/latest/modules/link.html#mirror-plane",
    "authors": [
      "Aksiome"
    ],
    "created": {
      "date": "2023/09/10",
      "version": "1.20.1"
    },
    "updated": {
      "date": "2023/09/11",
      "version": "1.20.1"
    }
  },
  {
    "name": "remove_link",
    "documentation": "https://bookshelf.docs.gunivers.net/en/latest/modules/link.html#remove-link",
    "authors": [
      "Aksiome"
    ],
    "created": {
      "date": "2024/09/07",
      "version": "1.21"
    },
    "updated": {
      "date": "2024/09/07",
      "version": "1.21"
    }
  },
  {
    "name": "reverse_pos",
    "documentation": "https://bookshelf.docs.gunivers.net/en/latest/modules/link.html#reverse-behaviors",
    "authors": [
      "Aksiome",
      "Leirof"
    ],
    "created": {
      "date": "2018/06/29",
      "version": "1.13"
    },
    "updated": {
      "date": "2023/09/11",
      "version": "1.20.4"
    }
  },
  {
    "name": "reverse_pos_and_rot",
    "documentation": "https://bookshelf.docs.gunivers.net/en/latest/modules/link.html#reverse-behaviors",
    "authors": [
      "Aksiome",
      "Leirof"
    ],
    "created": {
      "date": "2018/06/29",
      "version": "1.13"
    },
    "updated": {
      "date": "2023/09/11",
      "version": "1.20.4"
    }
  },
  {
    "name": "reverse_pos_x",
    "documentation": "https://bookshelf.docs.gunivers.net/en/latest/modules/link.html#reverse-behaviors",
    "authors": [
      "Aksiome",
      "Leirof"
    ],
    "created": {
      "date": "2018/06/29",
      "version": "1.13"
    },
    "updated": {
      "date": "2023/09/11",
      "version": "1.20.4"
    }
  },
  {
    "name": "reverse_pos_y",
    "documentation": "https://bookshelf.docs.gunivers.net/en/latest/modules/link.html#reverse-behaviors",
    "authors": [
      "Aksiome",
      "Leirof"
    ],
    "created": {
      "date": "2018/06/29",
      "version": "1.13"
    },
    "updated": {
      "date": "2023/09/11",
      "version": "1.20.4"
    }
  },
  {
    "name": "reverse_pos_z",
    "documentation": "https://bookshelf.docs.gunivers.net/en/latest/modules/link.html#reverse-behaviors",
    "authors": [
      "Aksiome",
      "Leirof"
    ],
    "created": {
      "date": "2018/06/29",
      "version": "1.13"
    },
    "updated": {
      "date": "2023/09/11",
      "version": "1.20.4"
    }
  },
  {
    "name": "reverse_rot",
    "documentation": "https://bookshelf.docs.gunivers.net/en/latest/modules/link.html#reverse-behaviors",
    "authors": [
      "Aksiome",
      "Leirof"
    ],
    "created": {
      "date": "2018/06/29",
      "version": "1.13"
    },
    "updated": {
      "date": "2023/09/11",
      "version": "1.20.4"
    }
  },
  {
    "name": "reverse_rot_h",
    "documentation": "https://bookshelf.docs.gunivers.net/en/latest/modules/link.html#reverse-behaviors",
    "authors": [
      "Aksiome",
      "Leirof"
    ],
    "created": {
      "date": "2018/06/29",
      "version": "1.13"
    },
    "updated": {
      "date": "2023/09/11",
      "version": "1.20.4"
    }
  },
  {
    "name": "reverse_rot_v",
    "documentation": "https://bookshelf.docs.gunivers.net/en/latest/modules/link.html#reverse-behaviors",
    "authors": [
      "Aksiome",
      "Leirof"
    ],
    "created": {
      "date": "2018/06/29",
      "version": "1.13"
    },
    "updated": {
      "date": "2023/09/11",
      "version": "1.20.4"
    }
  },
  {
    "name": "update_link",
    "documentation": "https://bookshelf.docs.gunivers.net/en/latest/modules/link.html#update-link",
    "authors": [
      "Aksiome",
      "Leirof"
    ],
    "created": {
      "date": "2018/06/29",
      "version": "1.13"
    },
    "updated": {
      "date": "2023/10/20",
      "version": "1.20.2"
    },
    "dependencies": [
      "bs.position"
    ]
  }
]
