{
  "name": "bs.link",
  "display_name": "Link",
  "description": "Construct coherent entity structures by linking entities’ positions and rotations.",
  "documentation": "https://bookshelf.docs.gunivers.net/en/latest/modules/link.html",
  "authors": [
    "Aksiome",
    "Leirof"
  ],
  "dependencies": [
    "bs.id",
    "bs.position"
  ],
  "features": [
    "bs.link:as_children",
    "bs.link:as_parent",
    "bs.link:at_children",
    "bs.link:at_parent",
    "bs.link:create_link_ata",
    "bs.link:imitate_pos",
    "bs.link:imitate_pos_and_rot",
    "bs.link:imitate_pos_x",
    "bs.link:imitate_pos_y",
    "bs.link:imitate_pos_z",
    "bs.link:imitate_rot",
    "bs.link:imitate_rot_h",
    "bs.link:imitate_rot_v",
    "bs.link:keep_local_pos",
    "bs.link:mirror_point_ata",
    "bs.link:mirror_x_plane",
    "bs.link:mirror_z_plane",
    "bs.link:remove_link",
    "bs.link:reverse_pos",
    "bs.link:reverse_pos_and_rot",
    "bs.link:reverse_pos_x",
    "bs.link:reverse_pos_y",
    "bs.link:reverse_pos_z",
    "bs.link:reverse_rot",
    "bs.link:reverse_rot_h",
    "bs.link:reverse_rot_v",
    "bs.link:update_link"
  ]
}
