[
  {
    "name": "give_cuid",
    "documentation": "https://bookshelf.docs.gunivers.net/en/latest/modules/id.html#give-chain-unique-id",
    "authors": [
      "Aksiome",
      "KubbyDev"
    ],
    "created": {
      "date": "2017/10/29",
      "version": "1.13"
    },
    "updated": {
      "date": "2023/08/28",
      "version": "23w33a"
    }
  },
  {
    "name": "give_suid",
    "documentation": "https://bookshelf.docs.gunivers.net/en/latest/modules/id.html#give-simple-unique-id",
    "authors": [
      "Aksiome",
      "KubbyDev"
    ],
    "created": {
      "date": "2017/10/29",
      "version": "1.13"
    },
    "updated": {
      "date": "2023/08/28",
      "version": "23w33a"
    }
  },
  {
    "name": "update_cuids",
    "documentation": "https://bookshelf.docs.gunivers.net/en/latest/modules/id.html#update-chain-unique-id",
    "authors": [
      "Aksiome",
      "KubbyDev"
    ],
    "created": {
      "date": "2017/10/29",
      "version": "1.13"
    },
    "updated": {
      "date": "2023/08/28",
      "version": "23w33a"
    }
  }
]
