{"pools":[{"rolls":1,"entries":[{"type":"alternatives","children":[{"type":"item","name":"egg","conditions":[{"condition":"location_check","predicate":{"block":{"state":{"facing":"north"}}}}],"functions":[{"function":"set_custom_data","tag":"{properties:{facing:'north'},_:{0:'facing=north,'}}"}]},{"type":"item","name":"egg","conditions":[{"condition":"location_check","predicate":{"block":{"state":{"facing":"south"}}}}],"functions":[{"function":"set_custom_data","tag":"{properties:{facing:'south'},_:{0:'facing=south,'}}"}]},{"type":"item","name":"egg","conditions":[{"condition":"location_check","predicate":{"block":{"state":{"facing":"west"}}}}],"functions":[{"function":"set_custom_data","tag":"{properties:{facing:'west'},_:{0:'facing=west,'}}"}]},{"type":"item","name":"egg","conditions":[{"condition":"location_check","predicate":{"block":{"state":{"facing":"east"}}}}],"functions":[{"function":"set_custom_data","tag":"{properties:{facing:'east'},_:{0:'facing=east,'}}"}]}]}]}]}
