{"pools":[{"rolls":1,"entries":[{"type":"alternatives","children":[{"type":"loot_table","value":"bs.block:get/9","conditions":[{"condition":"location_check","predicate":{"block":{"state":{"south":"false"}}}}],"functions":[{"function":"set_custom_data","tag":"{properties:{south:'false'},_:{3:'south=false,'}}"}]},{"type":"loot_table","value":"bs.block:get/9","conditions":[{"condition":"location_check","predicate":{"block":{"state":{"south":"true"}}}}],"functions":[{"function":"set_custom_data","tag":"{properties:{south:'true'},_:{3:'south=true,'}}"}]}]}]}]}
