{"pools":[{"rolls":1,"entries":[{"type":"alternatives","children":[{"type":"item","name":"egg","conditions":[{"condition":"location_check","predicate":{"block":{"state":{"has_record":"false"}}}}],"functions":[{"function":"set_custom_data","tag":"{properties:{has_record:'false'},_:{0:'has_record=false,'}}"}]},{"type":"item","name":"egg","conditions":[{"condition":"location_check","predicate":{"block":{"state":{"has_record":"true"}}}}],"functions":[{"function":"set_custom_data","tag":"{properties:{has_record:'true'},_:{0:'has_record=true,'}}"}]}]}]}]}
