{"pools":[{"rolls":1,"entries":[{"type":"alternatives","children":[{"type":"loot_table","value":"bs.block:get/7","conditions":[{"condition":"location_check","predicate":{"block":{"state":{"hanging":"false"}}}}],"functions":[{"function":"set_custom_data","tag":"{properties:{hanging:'false'},_:{1:'hanging=false,'}}"}]},{"type":"loot_table","value":"bs.block:get/7","conditions":[{"condition":"location_check","predicate":{"block":{"state":{"hanging":"true"}}}}],"functions":[{"function":"set_custom_data","tag":"{properties:{hanging:'true'},_:{1:'hanging=true,'}}"}]}]}]}]}
