{"pools":[{"rolls":1,"entries":[{"type":"alternatives","children":[{"type":"item","name":"egg","conditions":[{"condition":"location_check","predicate":{"block":{"state":{"half":"lower"}}}}],"functions":[{"function":"set_custom_data","tag":"{properties:{half:'lower'},_:{0:'half=lower,'}}"}]},{"type":"item","name":"egg","conditions":[{"condition":"location_check","predicate":{"block":{"state":{"half":"upper"}}}}],"functions":[{"function":"set_custom_data","tag":"{properties:{half:'upper'},_:{0:'half=upper,'}}"}]}]}]}]}
