{"pools":[{"rolls":1,"entries":[{"type":"alternatives","children":[{"type":"item","name":"egg","conditions":[{"condition":"location_check","predicate":{"block":{"state":{"level":"0"}}}}],"functions":[{"function":"set_custom_data","tag":"{properties:{level:'0'},_:{0:'level=0,'}}"}]},{"type":"item","name":"egg","conditions":[{"condition":"location_check","predicate":{"block":{"state":{"level":"1"}}}}],"functions":[{"function":"set_custom_data","tag":"{properties:{level:'1'},_:{0:'level=1,'}}"}]},{"type":"item","name":"egg","conditions":[{"condition":"location_check","predicate":{"block":{"state":{"level":"2"}}}}],"functions":[{"function":"set_custom_data","tag":"{properties:{level:'2'},_:{0:'level=2,'}}"}]},{"type":"item","name":"egg","conditions":[{"condition":"location_check","predicate":{"block":{"state":{"level":"3"}}}}],"functions":[{"function":"set_custom_data","tag":"{properties:{level:'3'},_:{0:'level=3,'}}"}]},{"type":"item","name":"egg","conditions":[{"condition":"location_check","predicate":{"block":{"state":{"level":"4"}}}}],"functions":[{"function":"set_custom_data","tag":"{properties:{level:'4'},_:{0:'level=4,'}}"}]},{"type":"item","name":"egg","conditions":[{"condition":"location_check","predicate":{"block":{"state":{"level":"5"}}}}],"functions":[{"function":"set_custom_data","tag":"{properties:{level:'5'},_:{0:'level=5,'}}"}]},{"type":"item","name":"egg","conditions":[{"condition":"location_check","predicate":{"block":{"state":{"level":"6"}}}}],"functions":[{"function":"set_custom_data","tag":"{properties:{level:'6'},_:{0:'level=6,'}}"}]},{"type":"item","name":"egg","conditions":[{"condition":"location_check","predicate":{"block":{"state":{"level":"7"}}}}],"functions":[{"function":"set_custom_data","tag":"{properties:{level:'7'},_:{0:'level=7,'}}"}]},{"type":"item","name":"egg","conditions":[{"condition":"location_check","predicate":{"block":{"state":{"level":"8"}}}}],"functions":[{"function":"set_custom_data","tag":"{properties:{level:'8'},_:{0:'level=8,'}}"}]},{"type":"item","name":"egg","conditions":[{"condition":"location_check","predicate":{"block":{"state":{"level":"9"}}}}],"functions":[{"function":"set_custom_data","tag":"{properties:{level:'9'},_:{0:'level=9,'}}"}]},{"type":"item","name":"egg","conditions":[{"condition":"location_check","predicate":{"block":{"state":{"level":"10"}}}}],"functions":[{"function":"set_custom_data","tag":"{properties:{level:'10'},_:{0:'level=10,'}}"}]},{"type":"item","name":"egg","conditions":[{"condition":"location_check","predicate":{"block":{"state":{"level":"11"}}}}],"functions":[{"function":"set_custom_data","tag":"{properties:{level:'11'},_:{0:'level=11,'}}"}]},{"type":"item","name":"egg","conditions":[{"condition":"location_check","predicate":{"block":{"state":{"level":"12"}}}}],"functions":[{"function":"set_custom_data","tag":"{properties:{level:'12'},_:{0:'level=12,'}}"}]},{"type":"item","name":"egg","conditions":[{"condition":"location_check","predicate":{"block":{"state":{"level":"13"}}}}],"functions":[{"function":"set_custom_data","tag":"{properties:{level:'13'},_:{0:'level=13,'}}"}]},{"type":"item","name":"egg","conditions":[{"condition":"location_check","predicate":{"block":{"state":{"level":"14"}}}}],"functions":[{"function":"set_custom_data","tag":"{properties:{level:'14'},_:{0:'level=14,'}}"}]},{"type":"item","name":"egg","conditions":[{"condition":"location_check","predicate":{"block":{"state":{"level":"15"}}}}],"functions":[{"function":"set_custom_data","tag":"{properties:{level:'15'},_:{0:'level=15,'}}"}]}]}]}]}
