{"pools":[{"rolls":1,"entries":[{"type":"alternatives","children":[{"type":"loot_table","value":"bs.block:get/2","conditions":[{"condition":"location_check","predicate":{"block":{"state":{"has_book":"false"}}}}],"functions":[{"function":"set_custom_data","tag":"{properties:{has_book:'false'},_:{2:'has_book=false,'}}"}]},{"type":"loot_table","value":"bs.block:get/2","conditions":[{"condition":"location_check","predicate":{"block":{"state":{"has_book":"true"}}}}],"functions":[{"function":"set_custom_data","tag":"{properties:{has_book:'true'},_:{2:'has_book=true,'}}"}]}]}]}]}
