{"pools":[{"rolls":1,"entries":[{"type":"alternatives","children":[{"type":"loot_table","value":"bs.block:get/108","conditions":[{"condition":"location_check","predicate":{"block":{"state":{"stage":"0"}}}}],"functions":[{"function":"set_custom_data","tag":"{properties:{stage:'0'},_:{3:'stage=0,'}}"}]},{"type":"loot_table","value":"bs.block:get/108","conditions":[{"condition":"location_check","predicate":{"block":{"state":{"stage":"1"}}}}],"functions":[{"function":"set_custom_data","tag":"{properties:{stage:'1'},_:{3:'stage=1,'}}"}]}]}]}]}
