{"pools":[{"rolls":1,"entries":[{"type":"alternatives","children":[{"type":"loot_table","value":"bs.block:get/36","conditions":[{"condition":"location_check","predicate":{"block":{"state":{"type":"normal"}}}}],"functions":[{"function":"set_custom_data","tag":"{properties:{type:'normal'},_:{1:'type=normal,'}}"}]},{"type":"loot_table","value":"bs.block:get/36","conditions":[{"condition":"location_check","predicate":{"block":{"state":{"type":"sticky"}}}}],"functions":[{"function":"set_custom_data","tag":"{properties:{type:'sticky'},_:{1:'type=sticky,'}}"}]}]}]}]}
