{"pools":[{"rolls":1,"entries":[{"type":"alternatives","children":[{"type":"loot_table","value":"bs.block:get/18","conditions":[{"condition":"location_check","predicate":{"block":{"state":{"instrument":"harp"}}}}],"functions":[{"function":"set_custom_data","tag":"{properties:{instrument:'harp'},_:{1:'instrument=harp,'}}"}]},{"type":"loot_table","value":"bs.block:get/18","conditions":[{"condition":"location_check","predicate":{"block":{"state":{"instrument":"basedrum"}}}}],"functions":[{"function":"set_custom_data","tag":"{properties:{instrument:'basedrum'},_:{1:'instrument=basedrum,'}}"}]},{"type":"loot_table","value":"bs.block:get/18","conditions":[{"condition":"location_check","predicate":{"block":{"state":{"instrument":"snare"}}}}],"functions":[{"function":"set_custom_data","tag":"{properties:{instrument:'snare'},_:{1:'instrument=snare,'}}"}]},{"type":"loot_table","value":"bs.block:get/18","conditions":[{"condition":"location_check","predicate":{"block":{"state":{"instrument":"hat"}}}}],"functions":[{"function":"set_custom_data","tag":"{properties:{instrument:'hat'},_:{1:'instrument=hat,'}}"}]},{"type":"loot_table","value":"bs.block:get/18","conditions":[{"condition":"location_check","predicate":{"block":{"state":{"instrument":"bass"}}}}],"functions":[{"function":"set_custom_data","tag":"{properties:{instrument:'bass'},_:{1:'instrument=bass,'}}"}]},{"type":"loot_table","value":"bs.block:get/18","conditions":[{"condition":"location_check","predicate":{"block":{"state":{"instrument":"flute"}}}}],"functions":[{"function":"set_custom_data","tag":"{properties:{instrument:'flute'},_:{1:'instrument=flute,'}}"}]},{"type":"loot_table","value":"bs.block:get/18","conditions":[{"condition":"location_check","predicate":{"block":{"state":{"instrument":"bell"}}}}],"functions":[{"function":"set_custom_data","tag":"{properties:{instrument:'bell'},_:{1:'instrument=bell,'}}"}]},{"type":"loot_table","value":"bs.block:get/18","conditions":[{"condition":"location_check","predicate":{"block":{"state":{"instrument":"guitar"}}}}],"functions":[{"function":"set_custom_data","tag":"{properties:{instrument:'guitar'},_:{1:'instrument=guitar,'}}"}]},{"type":"loot_table","value":"bs.block:get/18","conditions":[{"condition":"location_check","predicate":{"block":{"state":{"instrument":"chime"}}}}],"functions":[{"function":"set_custom_data","tag":"{properties:{instrument:'chime'},_:{1:'instrument=chime,'}}"}]},{"type":"loot_table","value":"bs.block:get/18","conditions":[{"condition":"location_check","predicate":{"block":{"state":{"instrument":"xylophone"}}}}],"functions":[{"function":"set_custom_data","tag":"{properties:{instrument:'xylophone'},_:{1:'instrument=xylophone,'}}"}]},{"type":"loot_table","value":"bs.block:get/18","conditions":[{"condition":"location_check","predicate":{"block":{"state":{"instrument":"iron_xylophone"}}}}],"functions":[{"function":"set_custom_data","tag":"{properties:{instrument:'iron_xylophone'},_:{1:'instrument=iron_xylophone,'}}"}]},{"type":"loot_table","value":"bs.block:get/18","conditions":[{"condition":"location_check","predicate":{"block":{"state":{"instrument":"cow_bell"}}}}],"functions":[{"function":"set_custom_data","tag":"{properties:{instrument:'cow_bell'},_:{1:'instrument=cow_bell,'}}"}]},{"type":"loot_table","value":"bs.block:get/18","conditions":[{"condition":"location_check","predicate":{"block":{"state":{"instrument":"didgeridoo"}}}}],"functions":[{"function":"set_custom_data","tag":"{properties:{instrument:'didgeridoo'},_:{1:'instrument=didgeridoo,'}}"}]},{"type":"loot_table","value":"bs.block:get/18","conditions":[{"condition":"location_check","predicate":{"block":{"state":{"instrument":"bit"}}}}],"functions":[{"function":"set_custom_data","tag":"{properties:{instrument:'bit'},_:{1:'instrument=bit,'}}"}]},{"type":"loot_table","value":"bs.block:get/18","conditions":[{"condition":"location_check","predicate":{"block":{"state":{"instrument":"banjo"}}}}],"functions":[{"function":"set_custom_data","tag":"{properties:{instrument:'banjo'},_:{1:'instrument=banjo,'}}"}]},{"type":"loot_table","value":"bs.block:get/18","conditions":[{"condition":"location_check","predicate":{"block":{"state":{"instrument":"pling"}}}}],"functions":[{"function":"set_custom_data","tag":"{properties:{instrument:'pling'},_:{1:'instrument=pling,'}}"}]},{"type":"loot_table","value":"bs.block:get/18","conditions":[{"condition":"location_check","predicate":{"block":{"state":{"instrument":"zombie"}}}}],"functions":[{"function":"set_custom_data","tag":"{properties:{instrument:'zombie'},_:{1:'instrument=zombie,'}}"}]},{"type":"loot_table","value":"bs.block:get/18","conditions":[{"condition":"location_check","predicate":{"block":{"state":{"instrument":"skeleton"}}}}],"functions":[{"function":"set_custom_data","tag":"{properties:{instrument:'skeleton'},_:{1:'instrument=skeleton,'}}"}]},{"type":"loot_table","value":"bs.block:get/18","conditions":[{"condition":"location_check","predicate":{"block":{"state":{"instrument":"creeper"}}}}],"functions":[{"function":"set_custom_data","tag":"{properties:{instrument:'creeper'},_:{1:'instrument=creeper,'}}"}]},{"type":"loot_table","value":"bs.block:get/18","conditions":[{"condition":"location_check","predicate":{"block":{"state":{"instrument":"dragon"}}}}],"functions":[{"function":"set_custom_data","tag":"{properties:{instrument:'dragon'},_:{1:'instrument=dragon,'}}"}]},{"type":"loot_table","value":"bs.block:get/18","conditions":[{"condition":"location_check","predicate":{"block":{"state":{"instrument":"wither_skeleton"}}}}],"functions":[{"function":"set_custom_data","tag":"{properties:{instrument:'wither_skeleton'},_:{1:'instrument=wither_skeleton,'}}"}]},{"type":"loot_table","value":"bs.block:get/18","conditions":[{"condition":"location_check","predicate":{"block":{"state":{"instrument":"piglin"}}}}],"functions":[{"function":"set_custom_data","tag":"{properties:{instrument:'piglin'},_:{1:'instrument=piglin,'}}"}]},{"type":"loot_table","value":"bs.block:get/18","conditions":[{"condition":"location_check","predicate":{"block":{"state":{"instrument":"custom_head"}}}}],"functions":[{"function":"set_custom_data","tag":"{properties:{instrument:'custom_head'},_:{1:'instrument=custom_head,'}}"}]}]}]}]}
