{"pools":[{"rolls":1,"entries":[{"type":"alternatives","children":[{"type":"item","name":"egg","conditions":[{"condition":"location_check","predicate":{"block":{"state":{"tip":"true"}}}}],"functions":[{"function":"set_custom_data","tag":"{properties:{tip:'true'},_:{0:'tip=true,'}}"}]},{"type":"item","name":"egg","conditions":[{"condition":"location_check","predicate":{"block":{"state":{"tip":"false"}}}}],"functions":[{"function":"set_custom_data","tag":"{properties:{tip:'false'},_:{0:'tip=false,'}}"}]}]}]}]}
