{"pools":[{"rolls":1,"entries":[{"type":"alternatives","children":[{"type":"item","name":"egg","conditions":[{"condition":"location_check","predicate":{"block":{"state":{"bottom":"true"}}}}],"functions":[{"function":"set_custom_data","tag":"{properties:{bottom:'true'},_:{0:'bottom=true,'}}"}]},{"type":"item","name":"egg","conditions":[{"condition":"location_check","predicate":{"block":{"state":{"bottom":"false"}}}}],"functions":[{"function":"set_custom_data","tag":"{properties:{bottom:'false'},_:{0:'bottom=false,'}}"}]}]}]}]}
