{"pools":[{"rolls":1,"entries":[{"type":"alternatives","children":[{"type":"loot_table","value":"bs.block:get/4","conditions":[{"condition":"location_check","predicate":{"block":{"state":{"in_wall":"false"}}}}],"functions":[{"function":"set_custom_data","tag":"{properties:{in_wall:'false'},_:{3:'in_wall=false,'}}"}]},{"type":"loot_table","value":"bs.block:get/4","conditions":[{"condition":"location_check","predicate":{"block":{"state":{"in_wall":"true"}}}}],"functions":[{"function":"set_custom_data","tag":"{properties:{in_wall:'true'},_:{3:'in_wall=true,'}}"}]}]}]}]}
