{"pools":[{"rolls":1,"entries":[{"type":"alternatives","children":[{"type":"loot_table","value":"bs.block:get/119","conditions":[{"condition":"location_check","predicate":{"block":{"state":{"west":"none"}}}}],"functions":[{"function":"set_custom_data","tag":"{properties:{west:'none'},_:{4:'west=none,'}}"}]},{"type":"loot_table","value":"bs.block:get/119","conditions":[{"condition":"location_check","predicate":{"block":{"state":{"west":"low"}}}}],"functions":[{"function":"set_custom_data","tag":"{properties:{west:'low'},_:{4:'west=low,'}}"}]},{"type":"loot_table","value":"bs.block:get/119","conditions":[{"condition":"location_check","predicate":{"block":{"state":{"west":"tall"}}}}],"functions":[{"function":"set_custom_data","tag":"{properties:{west:'tall'},_:{4:'west=tall,'}}"}]}]}]}]}
