{"pools":[{"rolls":1,"entries":[{"type":"alternatives","children":[{"type":"loot_table","value":"bs.block:get/36","conditions":[{"condition":"location_check","predicate":{"block":{"state":{"extended":"false"}}}}],"functions":[{"function":"set_custom_data","tag":"{properties:{extended:'false'},_:{1:'extended=false,'}}"}]},{"type":"loot_table","value":"bs.block:get/36","conditions":[{"condition":"location_check","predicate":{"block":{"state":{"extended":"true"}}}}],"functions":[{"function":"set_custom_data","tag":"{properties:{extended:'true'},_:{1:'extended=true,'}}"}]}]}]}]}
