{"pools":[{"rolls":1,"entries":[{"type":"alternatives","children":[{"type":"loot_table","value":"bs.block:get/110","conditions":[{"condition":"location_check","predicate":{"block":{"state":{"short":"false"}}}}],"functions":[{"function":"set_custom_data","tag":"{properties:{short:'false'},_:{2:'short=false,'}}"}]},{"type":"loot_table","value":"bs.block:get/110","conditions":[{"condition":"location_check","predicate":{"block":{"state":{"short":"true"}}}}],"functions":[{"function":"set_custom_data","tag":"{properties:{short:'true'},_:{2:'short=true,'}}"}]}]}]}]}
