{"pools":[{"rolls":1,"entries":[{"type":"alternatives","children":[{"type":"loot_table","value":"bs.block:get/7","conditions":[{"condition":"location_check","predicate":{"block":{"state":{"thickness":"tip"}}}}],"functions":[{"function":"set_custom_data","tag":"{properties:{thickness:'tip'},_:{1:'thickness=tip,'}}"}]},{"type":"loot_table","value":"bs.block:get/7","conditions":[{"condition":"location_check","predicate":{"block":{"state":{"thickness":"frustum"}}}}],"functions":[{"function":"set_custom_data","tag":"{properties:{thickness:'frustum'},_:{1:'thickness=frustum,'}}"}]},{"type":"loot_table","value":"bs.block:get/7","conditions":[{"condition":"location_check","predicate":{"block":{"state":{"thickness":"middle"}}}}],"functions":[{"function":"set_custom_data","tag":"{properties:{thickness:'middle'},_:{1:'thickness=middle,'}}"}]},{"type":"loot_table","value":"bs.block:get/7","conditions":[{"condition":"location_check","predicate":{"block":{"state":{"thickness":"base"}}}}],"functions":[{"function":"set_custom_data","tag":"{properties:{thickness:'base'},_:{1:'thickness=base,'}}"}]},{"type":"loot_table","value":"bs.block:get/7","conditions":[{"condition":"location_check","predicate":{"block":{"state":{"thickness":"tip_merge"}}}}],"functions":[{"function":"set_custom_data","tag":"{properties:{thickness:'tip_merge'},_:{1:'thickness=tip_merge,'}}"}]}]}]}]}
