{"pools":[{"rolls":1,"entries":[{"type":"alternatives","children":[{"type":"item","name":"egg","conditions":[{"condition":"location_check","predicate":{"block":{"state":{"level":"1"}}}}],"functions":[{"function":"set_custom_data","tag":"{properties:{level:'1'},_:{0:'level=1,'}}"}]},{"type":"item","name":"egg","conditions":[{"condition":"location_check","predicate":{"block":{"state":{"level":"2"}}}}],"functions":[{"function":"set_custom_data","tag":"{properties:{level:'2'},_:{0:'level=2,'}}"}]},{"type":"item","name":"egg","conditions":[{"condition":"location_check","predicate":{"block":{"state":{"level":"3"}}}}],"functions":[{"function":"set_custom_data","tag":"{properties:{level:'3'},_:{0:'level=3,'}}"}]}]}]}]}
