{"pools":[{"rolls":1,"entries":[{"type":"alternatives","children":[{"type":"loot_table","value":"bs.block:get/7","conditions":[{"condition":"location_check","predicate":{"block":{"state":{"shape":"north_south"}}}}],"functions":[{"function":"set_custom_data","tag":"{properties:{shape:'north_south'},_:{1:'shape=north_south,'}}"}]},{"type":"loot_table","value":"bs.block:get/7","conditions":[{"condition":"location_check","predicate":{"block":{"state":{"shape":"east_west"}}}}],"functions":[{"function":"set_custom_data","tag":"{properties:{shape:'east_west'},_:{1:'shape=east_west,'}}"}]},{"type":"loot_table","value":"bs.block:get/7","conditions":[{"condition":"location_check","predicate":{"block":{"state":{"shape":"ascending_east"}}}}],"functions":[{"function":"set_custom_data","tag":"{properties:{shape:'ascending_east'},_:{1:'shape=ascending_east,'}}"}]},{"type":"loot_table","value":"bs.block:get/7","conditions":[{"condition":"location_check","predicate":{"block":{"state":{"shape":"ascending_west"}}}}],"functions":[{"function":"set_custom_data","tag":"{properties:{shape:'ascending_west'},_:{1:'shape=ascending_west,'}}"}]},{"type":"loot_table","value":"bs.block:get/7","conditions":[{"condition":"location_check","predicate":{"block":{"state":{"shape":"ascending_north"}}}}],"functions":[{"function":"set_custom_data","tag":"{properties:{shape:'ascending_north'},_:{1:'shape=ascending_north,'}}"}]},{"type":"loot_table","value":"bs.block:get/7","conditions":[{"condition":"location_check","predicate":{"block":{"state":{"shape":"ascending_south"}}}}],"functions":[{"function":"set_custom_data","tag":"{properties:{shape:'ascending_south'},_:{1:'shape=ascending_south,'}}"}]},{"type":"loot_table","value":"bs.block:get/7","conditions":[{"condition":"location_check","predicate":{"block":{"state":{"shape":"south_east"}}}}],"functions":[{"function":"set_custom_data","tag":"{properties:{shape:'south_east'},_:{1:'shape=south_east,'}}"}]},{"type":"loot_table","value":"bs.block:get/7","conditions":[{"condition":"location_check","predicate":{"block":{"state":{"shape":"south_west"}}}}],"functions":[{"function":"set_custom_data","tag":"{properties:{shape:'south_west'},_:{1:'shape=south_west,'}}"}]},{"type":"loot_table","value":"bs.block:get/7","conditions":[{"condition":"location_check","predicate":{"block":{"state":{"shape":"north_west"}}}}],"functions":[{"function":"set_custom_data","tag":"{properties:{shape:'north_west'},_:{1:'shape=north_west,'}}"}]},{"type":"loot_table","value":"bs.block:get/7","conditions":[{"condition":"location_check","predicate":{"block":{"state":{"shape":"north_east"}}}}],"functions":[{"function":"set_custom_data","tag":"{properties:{shape:'north_east'},_:{1:'shape=north_east,'}}"}]}]}]}]}
