{"pools":[{"rolls":1,"entries":[{"type":"alternatives","children":[{"type":"loot_table","value":"bs.block:get/129","conditions":[{"condition":"location_check","predicate":{"block":{"state":{"north":"none"}}}}],"functions":[{"function":"set_custom_data","tag":"{properties:{north:'none'},_:{2:'north=none,'}}"}]},{"type":"loot_table","value":"bs.block:get/129","conditions":[{"condition":"location_check","predicate":{"block":{"state":{"north":"up"}}}}],"functions":[{"function":"set_custom_data","tag":"{properties:{north:'up'},_:{2:'north=up,'}}"}]},{"type":"loot_table","value":"bs.block:get/129","conditions":[{"condition":"location_check","predicate":{"block":{"state":{"north":"side"}}}}],"functions":[{"function":"set_custom_data","tag":"{properties:{north:'side'},_:{2:'north=side,'}}"}]}]}]}]}
