{"pools":[{"rolls":1,"entries":[{"type":"alternatives","children":[{"type":"loot_table","value":"bs.block:get/130","conditions":[{"condition":"location_check","predicate":{"block":{"state":{"south":"none"}}}}],"functions":[{"function":"set_custom_data","tag":"{properties:{south:'none'},_:{3:'south=none,'}}"}]},{"type":"loot_table","value":"bs.block:get/130","conditions":[{"condition":"location_check","predicate":{"block":{"state":{"south":"up"}}}}],"functions":[{"function":"set_custom_data","tag":"{properties:{south:'up'},_:{3:'south=up,'}}"}]},{"type":"loot_table","value":"bs.block:get/130","conditions":[{"condition":"location_check","predicate":{"block":{"state":{"south":"side"}}}}],"functions":[{"function":"set_custom_data","tag":"{properties:{south:'side'},_:{3:'south=side,'}}"}]}]}]}]}
