{"pools":[{"rolls":1,"entries":[{"type":"alternatives","children":[{"type":"loot_table","value":"bs.block:get/131","conditions":[{"condition":"location_check","predicate":{"block":{"state":{"west":"none"}}}}],"functions":[{"function":"set_custom_data","tag":"{properties:{west:'none'},_:{4:'west=none,'}}"}]},{"type":"loot_table","value":"bs.block:get/131","conditions":[{"condition":"location_check","predicate":{"block":{"state":{"west":"up"}}}}],"functions":[{"function":"set_custom_data","tag":"{properties:{west:'up'},_:{4:'west=up,'}}"}]},{"type":"loot_table","value":"bs.block:get/131","conditions":[{"condition":"location_check","predicate":{"block":{"state":{"west":"side"}}}}],"functions":[{"function":"set_custom_data","tag":"{properties:{west:'side'},_:{4:'west=side,'}}"}]}]}]}]}
