{"pools":[{"rolls":1,"entries":[{"type":"alternatives","children":[{"type":"loot_table","value":"bs.block:get/133","conditions":[{"condition":"location_check","predicate":{"block":{"state":{"locked":"false"}}}}],"functions":[{"function":"set_custom_data","tag":"{properties:{locked:'false'},_:{3:'locked=false,'}}"}]},{"type":"loot_table","value":"bs.block:get/133","conditions":[{"condition":"location_check","predicate":{"block":{"state":{"locked":"true"}}}}],"functions":[{"function":"set_custom_data","tag":"{properties:{locked:'true'},_:{3:'locked=true,'}}"}]}]}]}]}
