{"pools":[{"rolls":1,"entries":[{"type":"alternatives","children":[{"type":"loot_table","value":"bs.block:get/7","conditions":[{"condition":"location_check","predicate":{"block":{"state":{"bottom":"false"}}}}],"functions":[{"function":"set_custom_data","tag":"{properties:{bottom:'false'},_:{1:'bottom=false,'}}"}]},{"type":"loot_table","value":"bs.block:get/7","conditions":[{"condition":"location_check","predicate":{"block":{"state":{"bottom":"true"}}}}],"functions":[{"function":"set_custom_data","tag":"{properties:{bottom:'true'},_:{1:'bottom=true,'}}"}]}]}]}]}
