{"pools":[{"rolls":1,"entries":[{"type":"alternatives","children":[{"type":"item","name":"egg","conditions":[{"condition":"location_check","predicate":{"block":{"state":{"bloom":"false"}}}}],"functions":[{"function":"set_custom_data","tag":"{properties:{bloom:'false'},_:{0:'bloom=false,'}}"}]},{"type":"item","name":"egg","conditions":[{"condition":"location_check","predicate":{"block":{"state":{"bloom":"true"}}}}],"functions":[{"function":"set_custom_data","tag":"{properties:{bloom:'true'},_:{0:'bloom=true,'}}"}]}]}]}]}
