{"pools":[{"rolls":1,"entries":[{"type":"alternatives","children":[{"type":"loot_table","value":"bs.block:get/139","conditions":[{"condition":"location_check","predicate":{"block":{"state":{"sculk_sensor_phase":"inactive"}}}}],"functions":[{"function":"set_custom_data","tag":"{properties:{sculk_sensor_phase:'inactive'},_:{2:'sculk_sensor_phase=inactive,'}}"}]},{"type":"loot_table","value":"bs.block:get/139","conditions":[{"condition":"location_check","predicate":{"block":{"state":{"sculk_sensor_phase":"active"}}}}],"functions":[{"function":"set_custom_data","tag":"{properties:{sculk_sensor_phase:'active'},_:{2:'sculk_sensor_phase=active,'}}"}]},{"type":"loot_table","value":"bs.block:get/139","conditions":[{"condition":"location_check","predicate":{"block":{"state":{"sculk_sensor_phase":"cooldown"}}}}],"functions":[{"function":"set_custom_data","tag":"{properties:{sculk_sensor_phase:'cooldown'},_:{2:'sculk_sensor_phase=cooldown,'}}"}]}]}]}]}
