{"pools":[{"rolls":1,"entries":[{"type":"alternatives","children":[{"type":"loot_table","value":"bs.block:get/7","conditions":[{"condition":"location_check","predicate":{"block":{"state":{"can_summon":"false"}}}}],"functions":[{"function":"set_custom_data","tag":"{properties:{can_summon:'false'},_:{1:'can_summon=false,'}}"}]},{"type":"loot_table","value":"bs.block:get/7","conditions":[{"condition":"location_check","predicate":{"block":{"state":{"can_summon":"true"}}}}],"functions":[{"function":"set_custom_data","tag":"{properties:{can_summon:'true'},_:{1:'can_summon=true,'}}"}]}]}]}]}
