{"pools":[{"rolls":1,"entries":[{"type":"alternatives","children":[{"type":"loot_table","value":"bs.block:get/141","conditions":[{"condition":"location_check","predicate":{"block":{"state":{"shrieking":"false"}}}}],"functions":[{"function":"set_custom_data","tag":"{properties:{shrieking:'false'},_:{2:'shrieking=false,'}}"}]},{"type":"loot_table","value":"bs.block:get/141","conditions":[{"condition":"location_check","predicate":{"block":{"state":{"shrieking":"true"}}}}],"functions":[{"function":"set_custom_data","tag":"{properties:{shrieking:'true'},_:{2:'shrieking=true,'}}"}]}]}]}]}
