{"pools":[{"rolls":1,"entries":[{"type":"alternatives","children":[{"type":"loot_table","value":"bs.block:get/7","conditions":[{"condition":"location_check","predicate":{"block":{"state":{"pickles":"1"}}}}],"functions":[{"function":"set_custom_data","tag":"{properties:{pickles:'1'},_:{1:'pickles=1,'}}"}]},{"type":"loot_table","value":"bs.block:get/7","conditions":[{"condition":"location_check","predicate":{"block":{"state":{"pickles":"2"}}}}],"functions":[{"function":"set_custom_data","tag":"{properties:{pickles:'2'},_:{1:'pickles=2,'}}"}]},{"type":"loot_table","value":"bs.block:get/7","conditions":[{"condition":"location_check","predicate":{"block":{"state":{"pickles":"3"}}}}],"functions":[{"function":"set_custom_data","tag":"{properties:{pickles:'3'},_:{1:'pickles=3,'}}"}]},{"type":"loot_table","value":"bs.block:get/7","conditions":[{"condition":"location_check","predicate":{"block":{"state":{"pickles":"4"}}}}],"functions":[{"function":"set_custom_data","tag":"{properties:{pickles:'4'},_:{1:'pickles=4,'}}"}]}]}]}]}
