{"pools":[{"rolls":1,"entries":[{"type":"alternatives","children":[{"type":"item","name":"egg","conditions":[{"condition":"location_check","predicate":{"block":{"state":{"hatch":"0"}}}}],"functions":[{"function":"set_custom_data","tag":"{properties:{hatch:'0'},_:{0:'hatch=0,'}}"}]},{"type":"item","name":"egg","conditions":[{"condition":"location_check","predicate":{"block":{"state":{"hatch":"1"}}}}],"functions":[{"function":"set_custom_data","tag":"{properties:{hatch:'1'},_:{0:'hatch=1,'}}"}]},{"type":"item","name":"egg","conditions":[{"condition":"location_check","predicate":{"block":{"state":{"hatch":"2"}}}}],"functions":[{"function":"set_custom_data","tag":"{properties:{hatch:'2'},_:{0:'hatch=2,'}}"}]}]}]}]}
