{"pools":[{"rolls":1,"entries":[{"type":"alternatives","children":[{"type":"item","name":"egg","conditions":[{"condition":"location_check","predicate":{"block":{"state":{"layers":"1"}}}}],"functions":[{"function":"set_custom_data","tag":"{properties:{layers:'1'},_:{0:'layers=1,'}}"}]},{"type":"item","name":"egg","conditions":[{"condition":"location_check","predicate":{"block":{"state":{"layers":"2"}}}}],"functions":[{"function":"set_custom_data","tag":"{properties:{layers:'2'},_:{0:'layers=2,'}}"}]},{"type":"item","name":"egg","conditions":[{"condition":"location_check","predicate":{"block":{"state":{"layers":"3"}}}}],"functions":[{"function":"set_custom_data","tag":"{properties:{layers:'3'},_:{0:'layers=3,'}}"}]},{"type":"item","name":"egg","conditions":[{"condition":"location_check","predicate":{"block":{"state":{"layers":"4"}}}}],"functions":[{"function":"set_custom_data","tag":"{properties:{layers:'4'},_:{0:'layers=4,'}}"}]},{"type":"item","name":"egg","conditions":[{"condition":"location_check","predicate":{"block":{"state":{"layers":"5"}}}}],"functions":[{"function":"set_custom_data","tag":"{properties:{layers:'5'},_:{0:'layers=5,'}}"}]},{"type":"item","name":"egg","conditions":[{"condition":"location_check","predicate":{"block":{"state":{"layers":"6"}}}}],"functions":[{"function":"set_custom_data","tag":"{properties:{layers:'6'},_:{0:'layers=6,'}}"}]},{"type":"item","name":"egg","conditions":[{"condition":"location_check","predicate":{"block":{"state":{"layers":"7"}}}}],"functions":[{"function":"set_custom_data","tag":"{properties:{layers:'7'},_:{0:'layers=7,'}}"}]},{"type":"item","name":"egg","conditions":[{"condition":"location_check","predicate":{"block":{"state":{"layers":"8"}}}}],"functions":[{"function":"set_custom_data","tag":"{properties:{layers:'8'},_:{0:'layers=8,'}}"}]}]}]}]}
