{"pools":[{"rolls":1,"entries":[{"type":"alternatives","children":[{"type":"item","name":"egg","conditions":[{"condition":"location_check","predicate":{"block":{"state":{"mode":"load"}}}}],"functions":[{"function":"set_custom_data","tag":"{properties:{mode:'load'},_:{0:'mode=load,'}}"}]},{"type":"item","name":"egg","conditions":[{"condition":"location_check","predicate":{"block":{"state":{"mode":"corner"}}}}],"functions":[{"function":"set_custom_data","tag":"{properties:{mode:'corner'},_:{0:'mode=corner,'}}"}]},{"type":"item","name":"egg","conditions":[{"condition":"location_check","predicate":{"block":{"state":{"mode":"data"}}}}],"functions":[{"function":"set_custom_data","tag":"{properties:{mode:'data'},_:{0:'mode=data,'}}"}]},{"type":"item","name":"egg","conditions":[{"condition":"location_check","predicate":{"block":{"state":{"mode":"save"}}}}],"functions":[{"function":"set_custom_data","tag":"{properties:{mode:'save'},_:{0:'mode=save,'}}"}]}]}]}]}
