{"pools":[{"rolls":1,"entries":[{"type":"alternatives","children":[{"type":"item","name":"egg","conditions":[{"condition":"location_check","predicate":{"block":{"state":{"dusted":"0"}}}}],"functions":[{"function":"set_custom_data","tag":"{properties:{dusted:'0'},_:{0:'dusted=0,'}}"}]},{"type":"item","name":"egg","conditions":[{"condition":"location_check","predicate":{"block":{"state":{"dusted":"1"}}}}],"functions":[{"function":"set_custom_data","tag":"{properties:{dusted:'1'},_:{0:'dusted=1,'}}"}]},{"type":"item","name":"egg","conditions":[{"condition":"location_check","predicate":{"block":{"state":{"dusted":"2"}}}}],"functions":[{"function":"set_custom_data","tag":"{properties:{dusted:'2'},_:{0:'dusted=2,'}}"}]},{"type":"item","name":"egg","conditions":[{"condition":"location_check","predicate":{"block":{"state":{"dusted":"3"}}}}],"functions":[{"function":"set_custom_data","tag":"{properties:{dusted:'3'},_:{0:'dusted=3,'}}"}]}]}]}]}
