{"pools":[{"rolls":1,"entries":[{"type":"alternatives","children":[{"type":"item","name":"egg","conditions":[{"condition":"location_check","predicate":{"block":{"state":{"unstable":"false"}}}}],"functions":[{"function":"set_custom_data","tag":"{properties:{unstable:'false'},_:{0:'unstable=false,'}}"}]},{"type":"item","name":"egg","conditions":[{"condition":"location_check","predicate":{"block":{"state":{"unstable":"true"}}}}],"functions":[{"function":"set_custom_data","tag":"{properties:{unstable:'true'},_:{0:'unstable=true,'}}"}]}]}]}]}
