{"pools":[{"rolls":1,"entries":[{"type":"alternatives","children":[{"type":"loot_table","value":"bs.block:get/7","conditions":[{"condition":"location_check","predicate":{"block":{"state":{"distance":"7"}}}}],"functions":[{"function":"set_custom_data","tag":"{properties:{distance:'7'},_:{1:'distance=7,'}}"}]},{"type":"loot_table","value":"bs.block:get/7","conditions":[{"condition":"location_check","predicate":{"block":{"state":{"distance":"1"}}}}],"functions":[{"function":"set_custom_data","tag":"{properties:{distance:'1'},_:{1:'distance=1,'}}"}]},{"type":"loot_table","value":"bs.block:get/7","conditions":[{"condition":"location_check","predicate":{"block":{"state":{"distance":"2"}}}}],"functions":[{"function":"set_custom_data","tag":"{properties:{distance:'2'},_:{1:'distance=2,'}}"}]},{"type":"loot_table","value":"bs.block:get/7","conditions":[{"condition":"location_check","predicate":{"block":{"state":{"distance":"3"}}}}],"functions":[{"function":"set_custom_data","tag":"{properties:{distance:'3'},_:{1:'distance=3,'}}"}]},{"type":"loot_table","value":"bs.block:get/7","conditions":[{"condition":"location_check","predicate":{"block":{"state":{"distance":"4"}}}}],"functions":[{"function":"set_custom_data","tag":"{properties:{distance:'4'},_:{1:'distance=4,'}}"}]},{"type":"loot_table","value":"bs.block:get/7","conditions":[{"condition":"location_check","predicate":{"block":{"state":{"distance":"5"}}}}],"functions":[{"function":"set_custom_data","tag":"{properties:{distance:'5'},_:{1:'distance=5,'}}"}]},{"type":"loot_table","value":"bs.block:get/7","conditions":[{"condition":"location_check","predicate":{"block":{"state":{"distance":"6"}}}}],"functions":[{"function":"set_custom_data","tag":"{properties:{distance:'6'},_:{1:'distance=6,'}}"}]}]}]}]}
