{"pools":[{"rolls":1,"entries":[{"type":"alternatives","children":[{"type":"item","name":"egg","conditions":[{"condition":"location_check","predicate":{"block":{"state":{"ominous":"false"}}}}],"functions":[{"function":"set_custom_data","tag":"{properties:{ominous:'false'},_:{0:'ominous=false,'}}"}]},{"type":"item","name":"egg","conditions":[{"condition":"location_check","predicate":{"block":{"state":{"ominous":"true"}}}}],"functions":[{"function":"set_custom_data","tag":"{properties:{ominous:'true'},_:{0:'ominous=true,'}}"}]}]}]}]}
