{"pools":[{"rolls":1,"entries":[{"type":"alternatives","children":[{"type":"loot_table","value":"bs.block:get/151","conditions":[{"condition":"location_check","predicate":{"block":{"state":{"trial_spawner_state":"inactive"}}}}],"functions":[{"function":"set_custom_data","tag":"{properties:{trial_spawner_state:'inactive'},_:{1:'trial_spawner_state=inactive,'}}"}]},{"type":"loot_table","value":"bs.block:get/151","conditions":[{"condition":"location_check","predicate":{"block":{"state":{"trial_spawner_state":"waiting_for_players"}}}}],"functions":[{"function":"set_custom_data","tag":"{properties:{trial_spawner_state:'waiting_for_players'},_:{1:'trial_spawner_state=waiting_for_players,'}}"}]},{"type":"loot_table","value":"bs.block:get/151","conditions":[{"condition":"location_check","predicate":{"block":{"state":{"trial_spawner_state":"active"}}}}],"functions":[{"function":"set_custom_data","tag":"{properties:{trial_spawner_state:'active'},_:{1:'trial_spawner_state=active,'}}"}]},{"type":"loot_table","value":"bs.block:get/151","conditions":[{"condition":"location_check","predicate":{"block":{"state":{"trial_spawner_state":"waiting_for_reward_ejection"}}}}],"functions":[{"function":"set_custom_data","tag":"{properties:{trial_spawner_state:'waiting_for_reward_ejection'},_:{1:'trial_spawner_state=waiting_for_reward_ejection,'}}"}]},{"type":"loot_table","value":"bs.block:get/151","conditions":[{"condition":"location_check","predicate":{"block":{"state":{"trial_spawner_state":"ejecting_reward"}}}}],"functions":[{"function":"set_custom_data","tag":"{properties:{trial_spawner_state:'ejecting_reward'},_:{1:'trial_spawner_state=ejecting_reward,'}}"}]},{"type":"loot_table","value":"bs.block:get/151","conditions":[{"condition":"location_check","predicate":{"block":{"state":{"trial_spawner_state":"cooldown"}}}}],"functions":[{"function":"set_custom_data","tag":"{properties:{trial_spawner_state:'cooldown'},_:{1:'trial_spawner_state=cooldown,'}}"}]}]}]}]}
