{"pools":[{"rolls":1,"entries":[{"type":"alternatives","children":[{"type":"loot_table","value":"bs.block:get/154","conditions":[{"condition":"location_check","predicate":{"block":{"state":{"disarmed":"false"}}}}],"functions":[{"function":"set_custom_data","tag":"{properties:{disarmed:'false'},_:{6:'disarmed=false,'}}"}]},{"type":"loot_table","value":"bs.block:get/154","conditions":[{"condition":"location_check","predicate":{"block":{"state":{"disarmed":"true"}}}}],"functions":[{"function":"set_custom_data","tag":"{properties:{disarmed:'true'},_:{6:'disarmed=true,'}}"}]}]}]}]}
