{"pools":[{"rolls":1,"entries":[{"type":"alternatives","children":[{"type":"loot_table","value":"bs.block:get/2","conditions":[{"condition":"location_check","predicate":{"block":{"state":{"attached":"false"}}}}],"functions":[{"function":"set_custom_data","tag":"{properties:{attached:'false'},_:{2:'attached=false,'}}"}]},{"type":"loot_table","value":"bs.block:get/2","conditions":[{"condition":"location_check","predicate":{"block":{"state":{"attached":"true"}}}}],"functions":[{"function":"set_custom_data","tag":"{properties:{attached:'true'},_:{2:'attached=true,'}}"}]}]}]}]}
