{"pools":[{"rolls":1,"entries":[{"type":"alternatives","children":[{"type":"loot_table","value":"bs.block:get/1","conditions":[{"condition":"location_check","predicate":{"block":{"state":{"ominous":"false"}}}}],"functions":[{"function":"set_custom_data","tag":"{properties:{ominous:'false'},_:{1:'ominous=false,'}}"}]},{"type":"loot_table","value":"bs.block:get/1","conditions":[{"condition":"location_check","predicate":{"block":{"state":{"ominous":"true"}}}}],"functions":[{"function":"set_custom_data","tag":"{properties:{ominous:'true'},_:{1:'ominous=true,'}}"}]}]}]}]}
