{"pools":[{"rolls":1,"entries":[{"type":"alternatives","children":[{"type":"loot_table","value":"bs.block:get/15","conditions":[{"condition":"location_check","predicate":{"block":{"state":{"persistent":"false"}}}}],"functions":[{"function":"set_custom_data","tag":"{properties:{persistent:'false'},_:{2:'persistent=false,'}}"}]},{"type":"loot_table","value":"bs.block:get/15","conditions":[{"condition":"location_check","predicate":{"block":{"state":{"persistent":"true"}}}}],"functions":[{"function":"set_custom_data","tag":"{properties:{persistent:'true'},_:{2:'persistent=true,'}}"}]}]}]}]}
