{"pools":[{"rolls":1,"entries":[{"type":"alternatives","children":[{"type":"item","name":"egg","conditions":[{"condition":"location_check","predicate":{"block":{"state":{"axis":"y"}}}}],"functions":[{"function":"set_custom_data","tag":"{properties:{axis:'y'},_:{0:'axis=y,'}}"}]},{"type":"item","name":"egg","conditions":[{"condition":"location_check","predicate":{"block":{"state":{"axis":"z"}}}}],"functions":[{"function":"set_custom_data","tag":"{properties:{axis:'z'},_:{0:'axis=z,'}}"}]},{"type":"item","name":"egg","conditions":[{"condition":"location_check","predicate":{"block":{"state":{"axis":"x"}}}}],"functions":[{"function":"set_custom_data","tag":"{properties:{axis:'x'},_:{0:'axis=x,'}}"}]}]}]}]}
