{"pools":[{"rolls":1,"entries":[{"type":"alternatives","children":[{"type":"item","name":"egg","conditions":[{"condition":"location_check","predicate":{"block":{"state":{"powered":"false"}}}}],"functions":[{"function":"set_custom_data","tag":"{properties:{powered:'false'},_:{0:'powered=false,'}}"}]},{"type":"item","name":"egg","conditions":[{"condition":"location_check","predicate":{"block":{"state":{"powered":"true"}}}}],"functions":[{"function":"set_custom_data","tag":"{properties:{powered:'true'},_:{0:'powered=true,'}}"}]}]}]}]}
