{"pools":[{"rolls":1,"entries":[{"type":"alternatives","children":[{"type":"item","name":"egg","conditions":[{"condition":"location_check","predicate":{"block":{"state":{"stage":"0"}}}}],"functions":[{"function":"set_custom_data","tag":"{properties:{stage:'0'},_:{0:'stage=0,'}}"}]},{"type":"item","name":"egg","conditions":[{"condition":"location_check","predicate":{"block":{"state":{"stage":"1"}}}}],"functions":[{"function":"set_custom_data","tag":"{properties:{stage:'1'},_:{0:'stage=1,'}}"}]}]}]}]}
