{"pools":[{"rolls":1,"entries":[{"type":"alternatives","children":[{"type":"loot_table","value":"bs.block:get/1","conditions":[{"condition":"location_check","predicate":{"block":{"state":{"powered":"false"}}}}],"functions":[{"function":"set_custom_data","tag":"{properties:{powered:'false'},_:{1:'powered=false,'}}"}]},{"type":"loot_table","value":"bs.block:get/1","conditions":[{"condition":"location_check","predicate":{"block":{"state":{"powered":"true"}}}}],"functions":[{"function":"set_custom_data","tag":"{properties:{powered:'true'},_:{1:'powered=true,'}}"}]}]}]}]}
