{"pools":[{"rolls":1,"entries":[{"type":"alternatives","children":[{"type":"loot_table","value":"bs.block:get/7","conditions":[{"condition":"location_check","predicate":{"block":{"state":{"type":"bottom"}}}}],"functions":[{"function":"set_custom_data","tag":"{properties:{type:'bottom'},_:{1:'type=bottom,'}}"}]},{"type":"loot_table","value":"bs.block:get/7","conditions":[{"condition":"location_check","predicate":{"block":{"state":{"type":"double"}}}}],"functions":[{"function":"set_custom_data","tag":"{properties:{type:'double'},_:{1:'type=double,'}}"}]},{"type":"loot_table","value":"bs.block:get/7","conditions":[{"condition":"location_check","predicate":{"block":{"state":{"type":"top"}}}}],"functions":[{"function":"set_custom_data","tag":"{properties:{type:'top'},_:{1:'type=top,'}}"}]}]}]}]}
