{"pools":[{"rolls":1,"entries":[{"type":"alternatives","children":[{"type":"loot_table","value":"bs.block:get/21","conditions":[{"condition":"location_check","predicate":{"block":{"state":{"half":"bottom"}}}}],"functions":[{"function":"set_custom_data","tag":"{properties:{half:'bottom'},_:{2:'half=bottom,'}}"}]},{"type":"loot_table","value":"bs.block:get/21","conditions":[{"condition":"location_check","predicate":{"block":{"state":{"half":"top"}}}}],"functions":[{"function":"set_custom_data","tag":"{properties:{half:'top'},_:{2:'half=top,'}}"}]}]}]}]}
