{"pools":[{"rolls":1,"entries":[{"type":"alternatives","children":[{"type":"loot_table","value":"bs.block:get/22","conditions":[{"condition":"location_check","predicate":{"block":{"state":{"shape":"straight"}}}}],"functions":[{"function":"set_custom_data","tag":"{properties:{shape:'straight'},_:{3:'shape=straight,'}}"}]},{"type":"loot_table","value":"bs.block:get/22","conditions":[{"condition":"location_check","predicate":{"block":{"state":{"shape":"inner_left"}}}}],"functions":[{"function":"set_custom_data","tag":"{properties:{shape:'inner_left'},_:{3:'shape=inner_left,'}}"}]},{"type":"loot_table","value":"bs.block:get/22","conditions":[{"condition":"location_check","predicate":{"block":{"state":{"shape":"inner_right"}}}}],"functions":[{"function":"set_custom_data","tag":"{properties:{shape:'inner_right'},_:{3:'shape=inner_right,'}}"}]},{"type":"loot_table","value":"bs.block:get/22","conditions":[{"condition":"location_check","predicate":{"block":{"state":{"shape":"outer_left"}}}}],"functions":[{"function":"set_custom_data","tag":"{properties:{shape:'outer_left'},_:{3:'shape=outer_left,'}}"}]},{"type":"loot_table","value":"bs.block:get/22","conditions":[{"condition":"location_check","predicate":{"block":{"state":{"shape":"outer_right"}}}}],"functions":[{"function":"set_custom_data","tag":"{properties:{shape:'outer_right'},_:{3:'shape=outer_right,'}}"}]}]}]}]}
