{"pools":[{"rolls":1,"entries":[{"type":"alternatives","children":[{"type":"loot_table","value":"bs.block:get/26","conditions":[{"condition":"location_check","predicate":{"block":{"state":{"shape":"north_south"}}}}],"functions":[{"function":"set_custom_data","tag":"{properties:{shape:'north_south'},_:{2:'shape=north_south,'}}"}]},{"type":"loot_table","value":"bs.block:get/26","conditions":[{"condition":"location_check","predicate":{"block":{"state":{"shape":"east_west"}}}}],"functions":[{"function":"set_custom_data","tag":"{properties:{shape:'east_west'},_:{2:'shape=east_west,'}}"}]},{"type":"loot_table","value":"bs.block:get/26","conditions":[{"condition":"location_check","predicate":{"block":{"state":{"shape":"ascending_east"}}}}],"functions":[{"function":"set_custom_data","tag":"{properties:{shape:'ascending_east'},_:{2:'shape=ascending_east,'}}"}]},{"type":"loot_table","value":"bs.block:get/26","conditions":[{"condition":"location_check","predicate":{"block":{"state":{"shape":"ascending_west"}}}}],"functions":[{"function":"set_custom_data","tag":"{properties:{shape:'ascending_west'},_:{2:'shape=ascending_west,'}}"}]},{"type":"loot_table","value":"bs.block:get/26","conditions":[{"condition":"location_check","predicate":{"block":{"state":{"shape":"ascending_north"}}}}],"functions":[{"function":"set_custom_data","tag":"{properties:{shape:'ascending_north'},_:{2:'shape=ascending_north,'}}"}]},{"type":"loot_table","value":"bs.block:get/26","conditions":[{"condition":"location_check","predicate":{"block":{"state":{"shape":"ascending_south"}}}}],"functions":[{"function":"set_custom_data","tag":"{properties:{shape:'ascending_south'},_:{2:'shape=ascending_south,'}}"}]}]}]}]}
