{"pools":[{"rolls":1,"entries":[{"type":"alternatives","children":[{"type":"loot_table","value":"bs.block:get/7","conditions":[{"condition":"location_check","predicate":{"block":{"state":{"facing":"up"}}}}],"functions":[{"function":"set_custom_data","tag":"{properties:{facing:'up'},_:{1:'facing=up,'}}"}]},{"type":"loot_table","value":"bs.block:get/7","conditions":[{"condition":"location_check","predicate":{"block":{"state":{"facing":"down"}}}}],"functions":[{"function":"set_custom_data","tag":"{properties:{facing:'down'},_:{1:'facing=down,'}}"}]},{"type":"loot_table","value":"bs.block:get/7","conditions":[{"condition":"location_check","predicate":{"block":{"state":{"facing":"north"}}}}],"functions":[{"function":"set_custom_data","tag":"{properties:{facing:'north'},_:{1:'facing=north,'}}"}]},{"type":"loot_table","value":"bs.block:get/7","conditions":[{"condition":"location_check","predicate":{"block":{"state":{"facing":"east"}}}}],"functions":[{"function":"set_custom_data","tag":"{properties:{facing:'east'},_:{1:'facing=east,'}}"}]},{"type":"loot_table","value":"bs.block:get/7","conditions":[{"condition":"location_check","predicate":{"block":{"state":{"facing":"south"}}}}],"functions":[{"function":"set_custom_data","tag":"{properties:{facing:'south'},_:{1:'facing=south,'}}"}]},{"type":"loot_table","value":"bs.block:get/7","conditions":[{"condition":"location_check","predicate":{"block":{"state":{"facing":"west"}}}}],"functions":[{"function":"set_custom_data","tag":"{properties:{facing:'west'},_:{1:'facing=west,'}}"}]}]}]}]}
