{"pools":[{"rolls":1,"entries":[{"type":"alternatives","children":[{"type":"loot_table","value":"bs.block:get/7","conditions":[{"condition":"location_check","predicate":{"block":{"state":{"up":"true"}}}}],"functions":[{"function":"set_custom_data","tag":"{properties:{up:'true'},_:{1:'up=true,'}}"}]},{"type":"loot_table","value":"bs.block:get/7","conditions":[{"condition":"location_check","predicate":{"block":{"state":{"up":"false"}}}}],"functions":[{"function":"set_custom_data","tag":"{properties:{up:'false'},_:{1:'up=false,'}}"}]}]}]}]}
