{"pools":[{"rolls":1,"entries":[{"type":"alternatives","children":[{"type":"loot_table","value":"bs.block:get/29","conditions":[{"condition":"location_check","predicate":{"block":{"state":{"east":"none"}}}}],"functions":[{"function":"set_custom_data","tag":"{properties:{east:'none'},_:{2:'east=none,'}}"}]},{"type":"loot_table","value":"bs.block:get/29","conditions":[{"condition":"location_check","predicate":{"block":{"state":{"east":"low"}}}}],"functions":[{"function":"set_custom_data","tag":"{properties:{east:'low'},_:{2:'east=low,'}}"}]},{"type":"loot_table","value":"bs.block:get/29","conditions":[{"condition":"location_check","predicate":{"block":{"state":{"east":"tall"}}}}],"functions":[{"function":"set_custom_data","tag":"{properties:{east:'tall'},_:{2:'east=tall,'}}"}]}]}]}]}
