{"pools":[{"rolls":1,"entries":[{"type":"alternatives","children":[{"type":"loot_table","value":"bs.block:get/30","conditions":[{"condition":"location_check","predicate":{"block":{"state":{"north":"none"}}}}],"functions":[{"function":"set_custom_data","tag":"{properties:{north:'none'},_:{3:'north=none,'}}"}]},{"type":"loot_table","value":"bs.block:get/30","conditions":[{"condition":"location_check","predicate":{"block":{"state":{"north":"low"}}}}],"functions":[{"function":"set_custom_data","tag":"{properties:{north:'low'},_:{3:'north=low,'}}"}]},{"type":"loot_table","value":"bs.block:get/30","conditions":[{"condition":"location_check","predicate":{"block":{"state":{"north":"tall"}}}}],"functions":[{"function":"set_custom_data","tag":"{properties:{north:'tall'},_:{3:'north=tall,'}}"}]}]}]}]}
