{"pools":[{"rolls":1,"entries":[{"type":"alternatives","children":[{"type":"loot_table","value":"bs.block:get/31","conditions":[{"condition":"location_check","predicate":{"block":{"state":{"south":"none"}}}}],"functions":[{"function":"set_custom_data","tag":"{properties:{south:'none'},_:{4:'south=none,'}}"}]},{"type":"loot_table","value":"bs.block:get/31","conditions":[{"condition":"location_check","predicate":{"block":{"state":{"south":"low"}}}}],"functions":[{"function":"set_custom_data","tag":"{properties:{south:'low'},_:{4:'south=low,'}}"}]},{"type":"loot_table","value":"bs.block:get/31","conditions":[{"condition":"location_check","predicate":{"block":{"state":{"south":"tall"}}}}],"functions":[{"function":"set_custom_data","tag":"{properties:{south:'tall'},_:{4:'south=tall,'}}"}]}]}]}]}
