{"pools":[{"rolls":1,"entries":[{"type":"alternatives","children":[{"type":"loot_table","value":"bs.block:get/34","conditions":[{"condition":"location_check","predicate":{"block":{"state":{"leaves":"none"}}}}],"functions":[{"function":"set_custom_data","tag":"{properties:{leaves:'none'},_:{2:'leaves=none,'}}"}]},{"type":"loot_table","value":"bs.block:get/34","conditions":[{"condition":"location_check","predicate":{"block":{"state":{"leaves":"small"}}}}],"functions":[{"function":"set_custom_data","tag":"{properties:{leaves:'small'},_:{2:'leaves=small,'}}"}]},{"type":"loot_table","value":"bs.block:get/34","conditions":[{"condition":"location_check","predicate":{"block":{"state":{"leaves":"large"}}}}],"functions":[{"function":"set_custom_data","tag":"{properties:{leaves:'large'},_:{2:'leaves=large,'}}"}]}]}]}]}
