{"pools":[{"rolls":1,"entries":[{"type":"alternatives","children":[{"type":"loot_table","value":"bs.block:get/1","conditions":[{"condition":"location_check","predicate":{"block":{"state":{"honey_level":"0"}}}}],"functions":[{"function":"set_custom_data","tag":"{properties:{honey_level:'0'},_:{1:'honey_level=0,'}}"}]},{"type":"loot_table","value":"bs.block:get/1","conditions":[{"condition":"location_check","predicate":{"block":{"state":{"honey_level":"1"}}}}],"functions":[{"function":"set_custom_data","tag":"{properties:{honey_level:'1'},_:{1:'honey_level=1,'}}"}]},{"type":"loot_table","value":"bs.block:get/1","conditions":[{"condition":"location_check","predicate":{"block":{"state":{"honey_level":"2"}}}}],"functions":[{"function":"set_custom_data","tag":"{properties:{honey_level:'2'},_:{1:'honey_level=2,'}}"}]},{"type":"loot_table","value":"bs.block:get/1","conditions":[{"condition":"location_check","predicate":{"block":{"state":{"honey_level":"3"}}}}],"functions":[{"function":"set_custom_data","tag":"{properties:{honey_level:'3'},_:{1:'honey_level=3,'}}"}]},{"type":"loot_table","value":"bs.block:get/1","conditions":[{"condition":"location_check","predicate":{"block":{"state":{"honey_level":"4"}}}}],"functions":[{"function":"set_custom_data","tag":"{properties:{honey_level:'4'},_:{1:'honey_level=4,'}}"}]},{"type":"loot_table","value":"bs.block:get/1","conditions":[{"condition":"location_check","predicate":{"block":{"state":{"honey_level":"5"}}}}],"functions":[{"function":"set_custom_data","tag":"{properties:{honey_level:'5'},_:{1:'honey_level=5,'}}"}]}]}]}]}
