{"pools":[{"rolls":1,"entries":[{"type":"alternatives","children":[{"type":"item","name":"egg","conditions":[{"condition":"location_check","predicate":{"block":{"state":{"age":"0"}}}}],"functions":[{"function":"set_custom_data","tag":"{properties:{age:'0'},_:{0:'age=0,'}}"}]},{"type":"item","name":"egg","conditions":[{"condition":"location_check","predicate":{"block":{"state":{"age":"1"}}}}],"functions":[{"function":"set_custom_data","tag":"{properties:{age:'1'},_:{0:'age=1,'}}"}]},{"type":"item","name":"egg","conditions":[{"condition":"location_check","predicate":{"block":{"state":{"age":"2"}}}}],"functions":[{"function":"set_custom_data","tag":"{properties:{age:'2'},_:{0:'age=2,'}}"}]},{"type":"item","name":"egg","conditions":[{"condition":"location_check","predicate":{"block":{"state":{"age":"3"}}}}],"functions":[{"function":"set_custom_data","tag":"{properties:{age:'3'},_:{0:'age=3,'}}"}]}]}]}]}
