{"pools":[{"rolls":1,"entries":[{"type":"alternatives","children":[{"type":"loot_table","value":"bs.block:get/2","conditions":[{"condition":"location_check","predicate":{"block":{"state":{"open":"false"}}}}],"functions":[{"function":"set_custom_data","tag":"{properties:{open:'false'},_:{2:'open=false,'}}"}]},{"type":"loot_table","value":"bs.block:get/2","conditions":[{"condition":"location_check","predicate":{"block":{"state":{"open":"true"}}}}],"functions":[{"function":"set_custom_data","tag":"{properties:{open:'true'},_:{2:'open=true,'}}"}]}]}]}]}
