{"pools":[{"rolls":1,"entries":[{"type":"alternatives","children":[{"type":"loot_table","value":"bs.block:get/2","conditions":[{"condition":"location_check","predicate":{"block":{"state":{"attachment":"floor"}}}}],"functions":[{"function":"set_custom_data","tag":"{properties:{attachment:'floor'},_:{2:'attachment=floor,'}}"}]},{"type":"loot_table","value":"bs.block:get/2","conditions":[{"condition":"location_check","predicate":{"block":{"state":{"attachment":"ceiling"}}}}],"functions":[{"function":"set_custom_data","tag":"{properties:{attachment:'ceiling'},_:{2:'attachment=ceiling,'}}"}]},{"type":"loot_table","value":"bs.block:get/2","conditions":[{"condition":"location_check","predicate":{"block":{"state":{"attachment":"single_wall"}}}}],"functions":[{"function":"set_custom_data","tag":"{properties:{attachment:'single_wall'},_:{2:'attachment=single_wall,'}}"}]},{"type":"loot_table","value":"bs.block:get/2","conditions":[{"condition":"location_check","predicate":{"block":{"state":{"attachment":"double_wall"}}}}],"functions":[{"function":"set_custom_data","tag":"{properties:{attachment:'double_wall'},_:{2:'attachment=double_wall,'}}"}]}]}]}]}
