{"pools":[{"rolls":1,"entries":[{"type":"alternatives","children":[{"type":"loot_table","value":"bs.block:get/21","conditions":[{"condition":"location_check","predicate":{"block":{"state":{"tilt":"none"}}}}],"functions":[{"function":"set_custom_data","tag":"{properties:{tilt:'none'},_:{2:'tilt=none,'}}"}]},{"type":"loot_table","value":"bs.block:get/21","conditions":[{"condition":"location_check","predicate":{"block":{"state":{"tilt":"unstable"}}}}],"functions":[{"function":"set_custom_data","tag":"{properties:{tilt:'unstable'},_:{2:'tilt=unstable,'}}"}]},{"type":"loot_table","value":"bs.block:get/21","conditions":[{"condition":"location_check","predicate":{"block":{"state":{"tilt":"partial"}}}}],"functions":[{"function":"set_custom_data","tag":"{properties:{tilt:'partial'},_:{2:'tilt=partial,'}}"}]},{"type":"loot_table","value":"bs.block:get/21","conditions":[{"condition":"location_check","predicate":{"block":{"state":{"tilt":"full"}}}}],"functions":[{"function":"set_custom_data","tag":"{properties:{tilt:'full'},_:{2:'tilt=full,'}}"}]}]}]}]}
