{"pools":[{"rolls":1,"entries":[{"type":"alternatives","children":[{"type":"item","name":"egg","conditions":[{"condition":"location_check","predicate":{"block":{"state":{"rotation":"0"}}}}],"functions":[{"function":"set_custom_data","tag":"{properties:{rotation:'0'},_:{0:'rotation=0,'}}"}]},{"type":"item","name":"egg","conditions":[{"condition":"location_check","predicate":{"block":{"state":{"rotation":"1"}}}}],"functions":[{"function":"set_custom_data","tag":"{properties:{rotation:'1'},_:{0:'rotation=1,'}}"}]},{"type":"item","name":"egg","conditions":[{"condition":"location_check","predicate":{"block":{"state":{"rotation":"2"}}}}],"functions":[{"function":"set_custom_data","tag":"{properties:{rotation:'2'},_:{0:'rotation=2,'}}"}]},{"type":"item","name":"egg","conditions":[{"condition":"location_check","predicate":{"block":{"state":{"rotation":"3"}}}}],"functions":[{"function":"set_custom_data","tag":"{properties:{rotation:'3'},_:{0:'rotation=3,'}}"}]},{"type":"item","name":"egg","conditions":[{"condition":"location_check","predicate":{"block":{"state":{"rotation":"4"}}}}],"functions":[{"function":"set_custom_data","tag":"{properties:{rotation:'4'},_:{0:'rotation=4,'}}"}]},{"type":"item","name":"egg","conditions":[{"condition":"location_check","predicate":{"block":{"state":{"rotation":"5"}}}}],"functions":[{"function":"set_custom_data","tag":"{properties:{rotation:'5'},_:{0:'rotation=5,'}}"}]},{"type":"item","name":"egg","conditions":[{"condition":"location_check","predicate":{"block":{"state":{"rotation":"6"}}}}],"functions":[{"function":"set_custom_data","tag":"{properties:{rotation:'6'},_:{0:'rotation=6,'}}"}]},{"type":"item","name":"egg","conditions":[{"condition":"location_check","predicate":{"block":{"state":{"rotation":"7"}}}}],"functions":[{"function":"set_custom_data","tag":"{properties:{rotation:'7'},_:{0:'rotation=7,'}}"}]},{"type":"item","name":"egg","conditions":[{"condition":"location_check","predicate":{"block":{"state":{"rotation":"8"}}}}],"functions":[{"function":"set_custom_data","tag":"{properties:{rotation:'8'},_:{0:'rotation=8,'}}"}]},{"type":"item","name":"egg","conditions":[{"condition":"location_check","predicate":{"block":{"state":{"rotation":"9"}}}}],"functions":[{"function":"set_custom_data","tag":"{properties:{rotation:'9'},_:{0:'rotation=9,'}}"}]},{"type":"item","name":"egg","conditions":[{"condition":"location_check","predicate":{"block":{"state":{"rotation":"10"}}}}],"functions":[{"function":"set_custom_data","tag":"{properties:{rotation:'10'},_:{0:'rotation=10,'}}"}]},{"type":"item","name":"egg","conditions":[{"condition":"location_check","predicate":{"block":{"state":{"rotation":"11"}}}}],"functions":[{"function":"set_custom_data","tag":"{properties:{rotation:'11'},_:{0:'rotation=11,'}}"}]},{"type":"item","name":"egg","conditions":[{"condition":"location_check","predicate":{"block":{"state":{"rotation":"12"}}}}],"functions":[{"function":"set_custom_data","tag":"{properties:{rotation:'12'},_:{0:'rotation=12,'}}"}]},{"type":"item","name":"egg","conditions":[{"condition":"location_check","predicate":{"block":{"state":{"rotation":"13"}}}}],"functions":[{"function":"set_custom_data","tag":"{properties:{rotation:'13'},_:{0:'rotation=13,'}}"}]},{"type":"item","name":"egg","conditions":[{"condition":"location_check","predicate":{"block":{"state":{"rotation":"14"}}}}],"functions":[{"function":"set_custom_data","tag":"{properties:{rotation:'14'},_:{0:'rotation=14,'}}"}]},{"type":"item","name":"egg","conditions":[{"condition":"location_check","predicate":{"block":{"state":{"rotation":"15"}}}}],"functions":[{"function":"set_custom_data","tag":"{properties:{rotation:'15'},_:{0:'rotation=15,'}}"}]}]}]}]}
