{"pools":[{"rolls":1,"entries":[{"type":"alternatives","children":[{"type":"loot_table","value":"bs.block:get/1","conditions":[{"condition":"location_check","predicate":{"block":{"state":{"occupied":"false"}}}}],"functions":[{"function":"set_custom_data","tag":"{properties:{occupied:'false'},_:{1:'occupied=false,'}}"}]},{"type":"loot_table","value":"bs.block:get/1","conditions":[{"condition":"location_check","predicate":{"block":{"state":{"occupied":"true"}}}}],"functions":[{"function":"set_custom_data","tag":"{properties:{occupied:'true'},_:{1:'occupied=true,'}}"}]}]}]}]}
