{"pools":[{"rolls":1,"entries":[{"type":"alternatives","children":[{"type":"loot_table","value":"bs.block:get/43","conditions":[{"condition":"location_check","predicate":{"block":{"state":{"part":"foot"}}}}],"functions":[{"function":"set_custom_data","tag":"{properties:{part:'foot'},_:{2:'part=foot,'}}"}]},{"type":"loot_table","value":"bs.block:get/43","conditions":[{"condition":"location_check","predicate":{"block":{"state":{"part":"head"}}}}],"functions":[{"function":"set_custom_data","tag":"{properties:{part:'head'},_:{2:'part=head,'}}"}]}]}]}]}
