{"pools":[{"rolls":1,"entries":[{"type":"alternatives","children":[{"type":"loot_table","value":"bs.block:get/7","conditions":[{"condition":"location_check","predicate":{"block":{"state":{"lit":"false"}}}}],"functions":[{"function":"set_custom_data","tag":"{properties:{lit:'false'},_:{1:'lit=false,'}}"}]},{"type":"loot_table","value":"bs.block:get/7","conditions":[{"condition":"location_check","predicate":{"block":{"state":{"lit":"true"}}}}],"functions":[{"function":"set_custom_data","tag":"{properties:{lit:'true'},_:{1:'lit=true,'}}"}]}]}]}]}
