{"pools":[{"rolls":1,"entries":[{"type":"alternatives","children":[{"type":"item","name":"egg","conditions":[{"condition":"location_check","predicate":{"block":{"state":{"lit":"true"}}}}],"functions":[{"function":"set_custom_data","tag":"{properties:{lit:'true'},_:{0:'lit=true,'}}"}]},{"type":"item","name":"egg","conditions":[{"condition":"location_check","predicate":{"block":{"state":{"lit":"false"}}}}],"functions":[{"function":"set_custom_data","tag":"{properties:{lit:'false'},_:{0:'lit=false,'}}"}]}]}]}]}
