{"pools":[{"rolls":1,"entries":[{"type":"alternatives","children":[{"type":"item","name":"egg","conditions":[{"condition":"location_check","predicate":{"block":{"state":{"has_bottle_0":"false"}}}}],"functions":[{"function":"set_custom_data","tag":"{properties:{has_bottle_0:'false'},_:{0:'has_bottle_0=false,'}}"}]},{"type":"item","name":"egg","conditions":[{"condition":"location_check","predicate":{"block":{"state":{"has_bottle_0":"true"}}}}],"functions":[{"function":"set_custom_data","tag":"{properties:{has_bottle_0:'true'},_:{0:'has_bottle_0=true,'}}"}]}]}]}]}
