{"pools":[{"rolls":1,"entries":[{"type":"alternatives","children":[{"type":"loot_table","value":"bs.block:get/49","conditions":[{"condition":"location_check","predicate":{"block":{"state":{"has_bottle_1":"false"}}}}],"functions":[{"function":"set_custom_data","tag":"{properties:{has_bottle_1:'false'},_:{1:'has_bottle_1=false,'}}"}]},{"type":"loot_table","value":"bs.block:get/49","conditions":[{"condition":"location_check","predicate":{"block":{"state":{"has_bottle_1":"true"}}}}],"functions":[{"function":"set_custom_data","tag":"{properties:{has_bottle_1:'true'},_:{1:'has_bottle_1=true,'}}"}]}]}]}]}
