{"pools":[{"rolls":1,"entries":[{"type":"alternatives","children":[{"type":"loot_table","value":"bs.block:get/50","conditions":[{"condition":"location_check","predicate":{"block":{"state":{"has_bottle_2":"false"}}}}],"functions":[{"function":"set_custom_data","tag":"{properties:{has_bottle_2:'false'},_:{2:'has_bottle_2=false,'}}"}]},{"type":"loot_table","value":"bs.block:get/50","conditions":[{"condition":"location_check","predicate":{"block":{"state":{"has_bottle_2":"true"}}}}],"functions":[{"function":"set_custom_data","tag":"{properties:{has_bottle_2:'true'},_:{2:'has_bottle_2=true,'}}"}]}]}]}]}
