{"pools":[{"rolls":1,"entries":[{"type":"alternatives","children":[{"type":"item","name":"egg","conditions":[{"condition":"location_check","predicate":{"block":{"state":{"east":"false"}}}}],"functions":[{"function":"set_custom_data","tag":"{properties:{east:'false'},_:{0:'east=false,'}}"}]},{"type":"item","name":"egg","conditions":[{"condition":"location_check","predicate":{"block":{"state":{"east":"true"}}}}],"functions":[{"function":"set_custom_data","tag":"{properties:{east:'true'},_:{0:'east=true,'}}"}]}]}]}]}
