{"pools":[{"rolls":1,"entries":[{"type":"alternatives","children":[{"type":"loot_table","value":"bs.block:get/54","conditions":[{"condition":"location_check","predicate":{"block":{"state":{"west":"false"}}}}],"functions":[{"function":"set_custom_data","tag":"{properties:{west:'false'},_:{3:'west=false,'}}"}]},{"type":"loot_table","value":"bs.block:get/54","conditions":[{"condition":"location_check","predicate":{"block":{"state":{"west":"true"}}}}],"functions":[{"function":"set_custom_data","tag":"{properties:{west:'true'},_:{3:'west=true,'}}"}]}]}]}]}
