{"pools":[{"rolls":1,"entries":[{"type":"alternatives","children":[{"type":"loot_table","value":"bs.block:get/56","conditions":[{"condition":"location_check","predicate":{"block":{"state":{"down":"false"}}}}],"functions":[{"function":"set_custom_data","tag":"{properties:{down:'false'},_:{5:'down=false,'}}"}]},{"type":"loot_table","value":"bs.block:get/56","conditions":[{"condition":"location_check","predicate":{"block":{"state":{"down":"true"}}}}],"functions":[{"function":"set_custom_data","tag":"{properties:{down:'true'},_:{5:'down=true,'}}"}]}]}]}]}
