{"pools":[{"rolls":1,"entries":[{"type":"alternatives","children":[{"type":"item","name":"egg","conditions":[{"condition":"location_check","predicate":{"block":{"state":{"drag":"true"}}}}],"functions":[{"function":"set_custom_data","tag":"{properties:{drag:'true'},_:{0:'drag=true,'}}"}]},{"type":"item","name":"egg","conditions":[{"condition":"location_check","predicate":{"block":{"state":{"drag":"false"}}}}],"functions":[{"function":"set_custom_data","tag":"{properties:{drag:'false'},_:{0:'drag=false,'}}"}]}]}]}]}
