{"pools":[{"rolls":1,"entries":[{"type":"alternatives","children":[{"type":"item","name":"egg","conditions":[{"condition":"location_check","predicate":{"block":{"state":{"age":"0"}}}}],"functions":[{"function":"set_custom_data","tag":"{properties:{age:'0'},_:{0:'age=0,'}}"}]},{"type":"item","name":"egg","conditions":[{"condition":"location_check","predicate":{"block":{"state":{"age":"1"}}}}],"functions":[{"function":"set_custom_data","tag":"{properties:{age:'1'},_:{0:'age=1,'}}"}]},{"type":"item","name":"egg","conditions":[{"condition":"location_check","predicate":{"block":{"state":{"age":"2"}}}}],"functions":[{"function":"set_custom_data","tag":"{properties:{age:'2'},_:{0:'age=2,'}}"}]},{"type":"item","name":"egg","conditions":[{"condition":"location_check","predicate":{"block":{"state":{"age":"3"}}}}],"functions":[{"function":"set_custom_data","tag":"{properties:{age:'3'},_:{0:'age=3,'}}"}]},{"type":"item","name":"egg","conditions":[{"condition":"location_check","predicate":{"block":{"state":{"age":"4"}}}}],"functions":[{"function":"set_custom_data","tag":"{properties:{age:'4'},_:{0:'age=4,'}}"}]},{"type":"item","name":"egg","conditions":[{"condition":"location_check","predicate":{"block":{"state":{"age":"5"}}}}],"functions":[{"function":"set_custom_data","tag":"{properties:{age:'5'},_:{0:'age=5,'}}"}]},{"type":"item","name":"egg","conditions":[{"condition":"location_check","predicate":{"block":{"state":{"age":"6"}}}}],"functions":[{"function":"set_custom_data","tag":"{properties:{age:'6'},_:{0:'age=6,'}}"}]},{"type":"item","name":"egg","conditions":[{"condition":"location_check","predicate":{"block":{"state":{"age":"7"}}}}],"functions":[{"function":"set_custom_data","tag":"{properties:{age:'7'},_:{0:'age=7,'}}"}]},{"type":"item","name":"egg","conditions":[{"condition":"location_check","predicate":{"block":{"state":{"age":"8"}}}}],"functions":[{"function":"set_custom_data","tag":"{properties:{age:'8'},_:{0:'age=8,'}}"}]},{"type":"item","name":"egg","conditions":[{"condition":"location_check","predicate":{"block":{"state":{"age":"9"}}}}],"functions":[{"function":"set_custom_data","tag":"{properties:{age:'9'},_:{0:'age=9,'}}"}]},{"type":"item","name":"egg","conditions":[{"condition":"location_check","predicate":{"block":{"state":{"age":"10"}}}}],"functions":[{"function":"set_custom_data","tag":"{properties:{age:'10'},_:{0:'age=10,'}}"}]},{"type":"item","name":"egg","conditions":[{"condition":"location_check","predicate":{"block":{"state":{"age":"11"}}}}],"functions":[{"function":"set_custom_data","tag":"{properties:{age:'11'},_:{0:'age=11,'}}"}]},{"type":"item","name":"egg","conditions":[{"condition":"location_check","predicate":{"block":{"state":{"age":"12"}}}}],"functions":[{"function":"set_custom_data","tag":"{properties:{age:'12'},_:{0:'age=12,'}}"}]},{"type":"item","name":"egg","conditions":[{"condition":"location_check","predicate":{"block":{"state":{"age":"13"}}}}],"functions":[{"function":"set_custom_data","tag":"{properties:{age:'13'},_:{0:'age=13,'}}"}]},{"type":"item","name":"egg","conditions":[{"condition":"location_check","predicate":{"block":{"state":{"age":"14"}}}}],"functions":[{"function":"set_custom_data","tag":"{properties:{age:'14'},_:{0:'age=14,'}}"}]},{"type":"item","name":"egg","conditions":[{"condition":"location_check","predicate":{"block":{"state":{"age":"15"}}}}],"functions":[{"function":"set_custom_data","tag":"{properties:{age:'15'},_:{0:'age=15,'}}"}]}]}]}]}
