{"pools":[{"rolls":1,"entries":[{"type":"alternatives","children":[{"type":"loot_table","value":"bs.block:get/5","conditions":[{"condition":"location_check","predicate":{"block":{"state":{"hinge":"left"}}}}],"functions":[{"function":"set_custom_data","tag":"{properties:{hinge:'left'},_:{4:'hinge=left,'}}"}]},{"type":"loot_table","value":"bs.block:get/5","conditions":[{"condition":"location_check","predicate":{"block":{"state":{"hinge":"right"}}}}],"functions":[{"function":"set_custom_data","tag":"{properties:{hinge:'right'},_:{4:'hinge=right,'}}"}]}]}]}]}
