{"pools":[{"rolls":1,"entries":[{"type":"alternatives","children":[{"type":"item","name":"egg","conditions":[{"condition":"location_check","predicate":{"block":{"state":{"bites":"0"}}}}],"functions":[{"function":"set_custom_data","tag":"{properties:{bites:'0'},_:{0:'bites=0,'}}"}]},{"type":"item","name":"egg","conditions":[{"condition":"location_check","predicate":{"block":{"state":{"bites":"1"}}}}],"functions":[{"function":"set_custom_data","tag":"{properties:{bites:'1'},_:{0:'bites=1,'}}"}]},{"type":"item","name":"egg","conditions":[{"condition":"location_check","predicate":{"block":{"state":{"bites":"2"}}}}],"functions":[{"function":"set_custom_data","tag":"{properties:{bites:'2'},_:{0:'bites=2,'}}"}]},{"type":"item","name":"egg","conditions":[{"condition":"location_check","predicate":{"block":{"state":{"bites":"3"}}}}],"functions":[{"function":"set_custom_data","tag":"{properties:{bites:'3'},_:{0:'bites=3,'}}"}]},{"type":"item","name":"egg","conditions":[{"condition":"location_check","predicate":{"block":{"state":{"bites":"4"}}}}],"functions":[{"function":"set_custom_data","tag":"{properties:{bites:'4'},_:{0:'bites=4,'}}"}]},{"type":"item","name":"egg","conditions":[{"condition":"location_check","predicate":{"block":{"state":{"bites":"5"}}}}],"functions":[{"function":"set_custom_data","tag":"{properties:{bites:'5'},_:{0:'bites=5,'}}"}]},{"type":"item","name":"egg","conditions":[{"condition":"location_check","predicate":{"block":{"state":{"bites":"6"}}}}],"functions":[{"function":"set_custom_data","tag":"{properties:{bites:'6'},_:{0:'bites=6,'}}"}]}]}]}]}
