{"pools":[{"rolls":1,"entries":[{"type":"alternatives","children":[{"type":"loot_table","value":"bs.block:get/21","conditions":[{"condition":"location_check","predicate":{"block":{"state":{"lit":"true"}}}}],"functions":[{"function":"set_custom_data","tag":"{properties:{lit:'true'},_:{2:'lit=true,'}}"}]},{"type":"loot_table","value":"bs.block:get/21","conditions":[{"condition":"location_check","predicate":{"block":{"state":{"lit":"false"}}}}],"functions":[{"function":"set_custom_data","tag":"{properties:{lit:'false'},_:{2:'lit=false,'}}"}]}]}]}]}
