{"pools":[{"rolls":1,"entries":[{"type":"alternatives","children":[{"type":"loot_table","value":"bs.block:get/63","conditions":[{"condition":"location_check","predicate":{"block":{"state":{"signal_fire":"false"}}}}],"functions":[{"function":"set_custom_data","tag":"{properties:{signal_fire:'false'},_:{3:'signal_fire=false,'}}"}]},{"type":"loot_table","value":"bs.block:get/63","conditions":[{"condition":"location_check","predicate":{"block":{"state":{"signal_fire":"true"}}}}],"functions":[{"function":"set_custom_data","tag":"{properties:{signal_fire:'true'},_:{3:'signal_fire=true,'}}"}]}]}]}]}
