{"pools":[{"rolls":1,"entries":[{"type":"alternatives","children":[{"type":"loot_table","value":"bs.block:get/66","conditions":[{"condition":"location_check","predicate":{"block":{"state":{"berries":"false"}}}}],"functions":[{"function":"set_custom_data","tag":"{properties:{berries:'false'},_:{1:'berries=false,'}}"}]},{"type":"loot_table","value":"bs.block:get/66","conditions":[{"condition":"location_check","predicate":{"block":{"state":{"berries":"true"}}}}],"functions":[{"function":"set_custom_data","tag":"{properties:{berries:'true'},_:{1:'berries=true,'}}"}]}]}]}]}
