{"pools":[{"rolls":1,"entries":[{"type":"alternatives","children":[{"type":"item","name":"egg","conditions":[{"condition":"location_check","predicate":{"block":{"state":{"berries":"false"}}}}],"functions":[{"function":"set_custom_data","tag":"{properties:{berries:'false'},_:{0:'berries=false,'}}"}]},{"type":"item","name":"egg","conditions":[{"condition":"location_check","predicate":{"block":{"state":{"berries":"true"}}}}],"functions":[{"function":"set_custom_data","tag":"{properties:{berries:'true'},_:{0:'berries=true,'}}"}]}]}]}]}
