{"pools":[{"rolls":1,"entries":[{"type":"alternatives","children":[{"type":"loot_table","value":"bs.block:get/7","conditions":[{"condition":"location_check","predicate":{"block":{"state":{"axis":"y"}}}}],"functions":[{"function":"set_custom_data","tag":"{properties:{axis:'y'},_:{1:'axis=y,'}}"}]},{"type":"loot_table","value":"bs.block:get/7","conditions":[{"condition":"location_check","predicate":{"block":{"state":{"axis":"z"}}}}],"functions":[{"function":"set_custom_data","tag":"{properties:{axis:'z'},_:{1:'axis=z,'}}"}]},{"type":"loot_table","value":"bs.block:get/7","conditions":[{"condition":"location_check","predicate":{"block":{"state":{"axis":"x"}}}}],"functions":[{"function":"set_custom_data","tag":"{properties:{axis:'x'},_:{1:'axis=x,'}}"}]}]}]}]}
