{"pools":[{"rolls":1,"entries":[{"type":"alternatives","children":[{"type":"item","name":"egg","conditions":[{"condition":"location_check","predicate":{"block":{"state":{"waterlogged":"false"}}}}],"functions":[{"function":"set_custom_data","tag":"{properties:{waterlogged:'false'},_:{0:'waterlogged=false,'}}"}]},{"type":"item","name":"egg","conditions":[{"condition":"location_check","predicate":{"block":{"state":{"waterlogged":"true"}}}}],"functions":[{"function":"set_custom_data","tag":"{properties:{waterlogged:'true'},_:{0:'waterlogged=true,'}}"}]}]}]}]}
