{"pools":[{"rolls":1,"entries":[{"type":"alternatives","children":[{"type":"loot_table","value":"bs.block:get/36","conditions":[{"condition":"location_check","predicate":{"block":{"state":{"conditional":"false"}}}}],"functions":[{"function":"set_custom_data","tag":"{properties:{conditional:'false'},_:{1:'conditional=false,'}}"}]},{"type":"loot_table","value":"bs.block:get/36","conditions":[{"condition":"location_check","predicate":{"block":{"state":{"conditional":"true"}}}}],"functions":[{"function":"set_custom_data","tag":"{properties:{conditional:'true'},_:{1:'conditional=true,'}}"}]}]}]}]}
