{"pools":[{"rolls":1,"entries":[{"type":"alternatives","children":[{"type":"loot_table","value":"bs.block:get/21","conditions":[{"condition":"location_check","predicate":{"block":{"state":{"type":"single"}}}}],"functions":[{"function":"set_custom_data","tag":"{properties:{type:'single'},_:{2:'type=single,'}}"}]},{"type":"loot_table","value":"bs.block:get/21","conditions":[{"condition":"location_check","predicate":{"block":{"state":{"type":"left"}}}}],"functions":[{"function":"set_custom_data","tag":"{properties:{type:'left'},_:{2:'type=left,'}}"}]},{"type":"loot_table","value":"bs.block:get/21","conditions":[{"condition":"location_check","predicate":{"block":{"state":{"type":"right"}}}}],"functions":[{"function":"set_custom_data","tag":"{properties:{type:'right'},_:{2:'type=right,'}}"}]}]}]}]}
