{"pools":[{"rolls":1,"entries":[{"type":"alternatives","children":[{"type":"loot_table","value":"bs.block:get/1","conditions":[{"condition":"location_check","predicate":{"block":{"state":{"slot_0_occupied":"false"}}}}],"functions":[{"function":"set_custom_data","tag":"{properties:{slot_0_occupied:'false'},_:{1:'slot_0_occupied=false,'}}"}]},{"type":"loot_table","value":"bs.block:get/1","conditions":[{"condition":"location_check","predicate":{"block":{"state":{"slot_0_occupied":"true"}}}}],"functions":[{"function":"set_custom_data","tag":"{properties:{slot_0_occupied:'true'},_:{1:'slot_0_occupied=true,'}}"}]}]}]}]}
