{"pools":[{"rolls":1,"entries":[{"type":"alternatives","children":[{"type":"loot_table","value":"bs.block:get/72","conditions":[{"condition":"location_check","predicate":{"block":{"state":{"slot_1_occupied":"false"}}}}],"functions":[{"function":"set_custom_data","tag":"{properties:{slot_1_occupied:'false'},_:{2:'slot_1_occupied=false,'}}"}]},{"type":"loot_table","value":"bs.block:get/72","conditions":[{"condition":"location_check","predicate":{"block":{"state":{"slot_1_occupied":"true"}}}}],"functions":[{"function":"set_custom_data","tag":"{properties:{slot_1_occupied:'true'},_:{2:'slot_1_occupied=true,'}}"}]}]}]}]}
