{"pools":[{"rolls":1,"entries":[{"type":"alternatives","children":[{"type":"loot_table","value":"bs.block:get/73","conditions":[{"condition":"location_check","predicate":{"block":{"state":{"slot_2_occupied":"false"}}}}],"functions":[{"function":"set_custom_data","tag":"{properties:{slot_2_occupied:'false'},_:{3:'slot_2_occupied=false,'}}"}]},{"type":"loot_table","value":"bs.block:get/73","conditions":[{"condition":"location_check","predicate":{"block":{"state":{"slot_2_occupied":"true"}}}}],"functions":[{"function":"set_custom_data","tag":"{properties:{slot_2_occupied:'true'},_:{3:'slot_2_occupied=true,'}}"}]}]}]}]}
