{"pools":[{"rolls":1,"entries":[{"type":"alternatives","children":[{"type":"loot_table","value":"bs.block:get/74","conditions":[{"condition":"location_check","predicate":{"block":{"state":{"slot_3_occupied":"false"}}}}],"functions":[{"function":"set_custom_data","tag":"{properties:{slot_3_occupied:'false'},_:{4:'slot_3_occupied=false,'}}"}]},{"type":"loot_table","value":"bs.block:get/74","conditions":[{"condition":"location_check","predicate":{"block":{"state":{"slot_3_occupied":"true"}}}}],"functions":[{"function":"set_custom_data","tag":"{properties:{slot_3_occupied:'true'},_:{4:'slot_3_occupied=true,'}}"}]}]}]}]}
