{"pools":[{"rolls":1,"entries":[{"type":"alternatives","children":[{"type":"loot_table","value":"bs.block:get/75","conditions":[{"condition":"location_check","predicate":{"block":{"state":{"slot_4_occupied":"false"}}}}],"functions":[{"function":"set_custom_data","tag":"{properties:{slot_4_occupied:'false'},_:{5:'slot_4_occupied=false,'}}"}]},{"type":"loot_table","value":"bs.block:get/75","conditions":[{"condition":"location_check","predicate":{"block":{"state":{"slot_4_occupied":"true"}}}}],"functions":[{"function":"set_custom_data","tag":"{properties:{slot_4_occupied:'true'},_:{5:'slot_4_occupied=true,'}}"}]}]}]}]}
