{"pools":[{"rolls":1,"entries":[{"type":"alternatives","children":[{"type":"loot_table","value":"bs.block:get/76","conditions":[{"condition":"location_check","predicate":{"block":{"state":{"slot_5_occupied":"false"}}}}],"functions":[{"function":"set_custom_data","tag":"{properties:{slot_5_occupied:'false'},_:{6:'slot_5_occupied=false,'}}"}]},{"type":"loot_table","value":"bs.block:get/76","conditions":[{"condition":"location_check","predicate":{"block":{"state":{"slot_5_occupied":"true"}}}}],"functions":[{"function":"set_custom_data","tag":"{properties:{slot_5_occupied:'true'},_:{6:'slot_5_occupied=true,'}}"}]}]}]}]}
