{"pools":[{"rolls":1,"entries":[{"type":"alternatives","children":[{"type":"loot_table","value":"bs.block:get/1","conditions":[{"condition":"location_check","predicate":{"block":{"state":{"age":"0"}}}}],"functions":[{"function":"set_custom_data","tag":"{properties:{age:'0'},_:{1:'age=0,'}}"}]},{"type":"loot_table","value":"bs.block:get/1","conditions":[{"condition":"location_check","predicate":{"block":{"state":{"age":"1"}}}}],"functions":[{"function":"set_custom_data","tag":"{properties:{age:'1'},_:{1:'age=1,'}}"}]},{"type":"loot_table","value":"bs.block:get/1","conditions":[{"condition":"location_check","predicate":{"block":{"state":{"age":"2"}}}}],"functions":[{"function":"set_custom_data","tag":"{properties:{age:'2'},_:{1:'age=2,'}}"}]}]}]}]}
