{"pools":[{"rolls":1,"entries":[{"type":"alternatives","children":[{"type":"loot_table","value":"bs.block:get/7","conditions":[{"condition":"location_check","predicate":{"block":{"state":{"east":"false"}}}}],"functions":[{"function":"set_custom_data","tag":"{properties:{east:'false'},_:{1:'east=false,'}}"}]},{"type":"loot_table","value":"bs.block:get/7","conditions":[{"condition":"location_check","predicate":{"block":{"state":{"east":"true"}}}}],"functions":[{"function":"set_custom_data","tag":"{properties:{east:'true'},_:{1:'east=true,'}}"}]}]}]}]}
