{"pools":[{"rolls":1,"entries":[{"type":"alternatives","children":[{"type":"loot_table","value":"bs.block:get/2","conditions":[{"condition":"location_check","predicate":{"block":{"state":{"mode":"compare"}}}}],"functions":[{"function":"set_custom_data","tag":"{properties:{mode:'compare'},_:{2:'mode=compare,'}}"}]},{"type":"loot_table","value":"bs.block:get/2","conditions":[{"condition":"location_check","predicate":{"block":{"state":{"mode":"subtract"}}}}],"functions":[{"function":"set_custom_data","tag":"{properties:{mode:'subtract'},_:{2:'mode=subtract,'}}"}]}]}]}]}
