{"pools":[{"rolls":1,"entries":[{"type":"alternatives","children":[{"type":"item","name":"egg","conditions":[{"condition":"location_check","predicate":{"block":{"state":{"level":"0"}}}}],"functions":[{"function":"set_custom_data","tag":"{properties:{level:'0'},_:{0:'level=0,'}}"}]},{"type":"item","name":"egg","conditions":[{"condition":"location_check","predicate":{"block":{"state":{"level":"1"}}}}],"functions":[{"function":"set_custom_data","tag":"{properties:{level:'1'},_:{0:'level=1,'}}"}]},{"type":"item","name":"egg","conditions":[{"condition":"location_check","predicate":{"block":{"state":{"level":"2"}}}}],"functions":[{"function":"set_custom_data","tag":"{properties:{level:'2'},_:{0:'level=2,'}}"}]},{"type":"item","name":"egg","conditions":[{"condition":"location_check","predicate":{"block":{"state":{"level":"3"}}}}],"functions":[{"function":"set_custom_data","tag":"{properties:{level:'3'},_:{0:'level=3,'}}"}]},{"type":"item","name":"egg","conditions":[{"condition":"location_check","predicate":{"block":{"state":{"level":"4"}}}}],"functions":[{"function":"set_custom_data","tag":"{properties:{level:'4'},_:{0:'level=4,'}}"}]},{"type":"item","name":"egg","conditions":[{"condition":"location_check","predicate":{"block":{"state":{"level":"5"}}}}],"functions":[{"function":"set_custom_data","tag":"{properties:{level:'5'},_:{0:'level=5,'}}"}]},{"type":"item","name":"egg","conditions":[{"condition":"location_check","predicate":{"block":{"state":{"level":"6"}}}}],"functions":[{"function":"set_custom_data","tag":"{properties:{level:'6'},_:{0:'level=6,'}}"}]},{"type":"item","name":"egg","conditions":[{"condition":"location_check","predicate":{"block":{"state":{"level":"7"}}}}],"functions":[{"function":"set_custom_data","tag":"{properties:{level:'7'},_:{0:'level=7,'}}"}]},{"type":"item","name":"egg","conditions":[{"condition":"location_check","predicate":{"block":{"state":{"level":"8"}}}}],"functions":[{"function":"set_custom_data","tag":"{properties:{level:'8'},_:{0:'level=8,'}}"}]}]}]}]}
