{"pools":[{"rolls":1,"entries":[{"type":"alternatives","children":[{"type":"item","name":"egg","conditions":[{"condition":"location_check","predicate":{"block":{"state":{"orientation":"north_up"}}}}],"functions":[{"function":"set_custom_data","tag":"{properties:{orientation:'north_up'},_:{0:'orientation=north_up,'}}"}]},{"type":"item","name":"egg","conditions":[{"condition":"location_check","predicate":{"block":{"state":{"orientation":"south_up"}}}}],"functions":[{"function":"set_custom_data","tag":"{properties:{orientation:'south_up'},_:{0:'orientation=south_up,'}}"}]},{"type":"item","name":"egg","conditions":[{"condition":"location_check","predicate":{"block":{"state":{"orientation":"down_east"}}}}],"functions":[{"function":"set_custom_data","tag":"{properties:{orientation:'down_east'},_:{0:'orientation=down_east,'}}"}]},{"type":"item","name":"egg","conditions":[{"condition":"location_check","predicate":{"block":{"state":{"orientation":"down_north"}}}}],"functions":[{"function":"set_custom_data","tag":"{properties:{orientation:'down_north'},_:{0:'orientation=down_north,'}}"}]},{"type":"item","name":"egg","conditions":[{"condition":"location_check","predicate":{"block":{"state":{"orientation":"down_south"}}}}],"functions":[{"function":"set_custom_data","tag":"{properties:{orientation:'down_south'},_:{0:'orientation=down_south,'}}"}]},{"type":"item","name":"egg","conditions":[{"condition":"location_check","predicate":{"block":{"state":{"orientation":"down_west"}}}}],"functions":[{"function":"set_custom_data","tag":"{properties:{orientation:'down_west'},_:{0:'orientation=down_west,'}}"}]},{"type":"item","name":"egg","conditions":[{"condition":"location_check","predicate":{"block":{"state":{"orientation":"up_east"}}}}],"functions":[{"function":"set_custom_data","tag":"{properties:{orientation:'up_east'},_:{0:'orientation=up_east,'}}"}]},{"type":"item","name":"egg","conditions":[{"condition":"location_check","predicate":{"block":{"state":{"orientation":"up_north"}}}}],"functions":[{"function":"set_custom_data","tag":"{properties:{orientation:'up_north'},_:{0:'orientation=up_north,'}}"}]},{"type":"item","name":"egg","conditions":[{"condition":"location_check","predicate":{"block":{"state":{"orientation":"up_south"}}}}],"functions":[{"function":"set_custom_data","tag":"{properties:{orientation:'up_south'},_:{0:'orientation=up_south,'}}"}]},{"type":"item","name":"egg","conditions":[{"condition":"location_check","predicate":{"block":{"state":{"orientation":"up_west"}}}}],"functions":[{"function":"set_custom_data","tag":"{properties:{orientation:'up_west'},_:{0:'orientation=up_west,'}}"}]},{"type":"item","name":"egg","conditions":[{"condition":"location_check","predicate":{"block":{"state":{"orientation":"west_up"}}}}],"functions":[{"function":"set_custom_data","tag":"{properties:{orientation:'west_up'},_:{0:'orientation=west_up,'}}"}]},{"type":"item","name":"egg","conditions":[{"condition":"location_check","predicate":{"block":{"state":{"orientation":"east_up"}}}}],"functions":[{"function":"set_custom_data","tag":"{properties:{orientation:'east_up'},_:{0:'orientation=east_up,'}}"}]}]}]}]}
