{"pools":[{"rolls":1,"entries":[{"type":"alternatives","children":[{"type":"loot_table","value":"bs.block:get/84","conditions":[{"condition":"location_check","predicate":{"block":{"state":{"crafting":"false"}}}}],"functions":[{"function":"set_custom_data","tag":"{properties:{crafting:'false'},_:{2:'crafting=false,'}}"}]},{"type":"loot_table","value":"bs.block:get/84","conditions":[{"condition":"location_check","predicate":{"block":{"state":{"crafting":"true"}}}}],"functions":[{"function":"set_custom_data","tag":"{properties:{crafting:'true'},_:{2:'crafting=true,'}}"}]}]}]}]}
