{"pools":[{"rolls":1,"entries":[{"type":"alternatives","children":[{"type":"loot_table","value":"bs.block:get/17","conditions":[{"condition":"location_check","predicate":{"block":{"state":{"creaking":"disabled"}}}}],"functions":[{"function":"set_custom_data","tag":"{properties:{creaking:'disabled'},_:{1:'creaking=disabled,'}}"}]},{"type":"loot_table","value":"bs.block:get/17","conditions":[{"condition":"location_check","predicate":{"block":{"state":{"creaking":"dormant"}}}}],"functions":[{"function":"set_custom_data","tag":"{properties:{creaking:'dormant'},_:{1:'creaking=dormant,'}}"}]},{"type":"loot_table","value":"bs.block:get/17","conditions":[{"condition":"location_check","predicate":{"block":{"state":{"creaking":"active"}}}}],"functions":[{"function":"set_custom_data","tag":"{properties:{creaking:'active'},_:{1:'creaking=active,'}}"}]}]}]}]}
