{"pools":[{"rolls":1,"entries":[{"type":"alternatives","children":[{"type":"loot_table","value":"bs.block:get/88","conditions":[{"condition":"location_check","predicate":{"block":{"state":{"inverted":"false"}}}}],"functions":[{"function":"set_custom_data","tag":"{properties:{inverted:'false'},_:{1:'inverted=false,'}}"}]},{"type":"loot_table","value":"bs.block:get/88","conditions":[{"condition":"location_check","predicate":{"block":{"state":{"inverted":"true"}}}}],"functions":[{"function":"set_custom_data","tag":"{properties:{inverted:'true'},_:{1:'inverted=true,'}}"}]}]}]}]}
