{"pools":[{"rolls":1,"entries":[{"type":"alternatives","children":[{"type":"loot_table","value":"bs.block:get/8","conditions":[{"condition":"location_check","predicate":{"block":{"state":{"north":"false"}}}}],"functions":[{"function":"set_custom_data","tag":"{properties:{north:'false'},_:{2:'north=false,'}}"}]},{"type":"loot_table","value":"bs.block:get/8","conditions":[{"condition":"location_check","predicate":{"block":{"state":{"north":"true"}}}}],"functions":[{"function":"set_custom_data","tag":"{properties:{north:'true'},_:{2:'north=true,'}}"}]}]}]}]}
