{"pools":[{"rolls":1,"entries":[{"type":"alternatives","children":[{"type":"loot_table","value":"bs.block:get/21","conditions":[{"condition":"location_check","predicate":{"block":{"state":{"cracked":"false"}}}}],"functions":[{"function":"set_custom_data","tag":"{properties:{cracked:'false'},_:{2:'cracked=false,'}}"}]},{"type":"loot_table","value":"bs.block:get/21","conditions":[{"condition":"location_check","predicate":{"block":{"state":{"cracked":"true"}}}}],"functions":[{"function":"set_custom_data","tag":"{properties:{cracked:'true'},_:{2:'cracked=true,'}}"}]}]}]}]}
