{"pools":[{"rolls":1,"entries":[{"type":"alternatives","children":[{"type":"loot_table","value":"bs.block:get/36","conditions":[{"condition":"location_check","predicate":{"block":{"state":{"triggered":"false"}}}}],"functions":[{"function":"set_custom_data","tag":"{properties:{triggered:'false'},_:{1:'triggered=false,'}}"}]},{"type":"loot_table","value":"bs.block:get/36","conditions":[{"condition":"location_check","predicate":{"block":{"state":{"triggered":"true"}}}}],"functions":[{"function":"set_custom_data","tag":"{properties:{triggered:'true'},_:{1:'triggered=true,'}}"}]}]}]}]}
