{"pools":[{"rolls":1,"entries":[{"type":"alternatives","children":[{"type":"loot_table","value":"bs.block:get/1","conditions":[{"condition":"location_check","predicate":{"block":{"state":{"eye":"false"}}}}],"functions":[{"function":"set_custom_data","tag":"{properties:{eye:'false'},_:{1:'eye=false,'}}"}]},{"type":"loot_table","value":"bs.block:get/1","conditions":[{"condition":"location_check","predicate":{"block":{"state":{"eye":"true"}}}}],"functions":[{"function":"set_custom_data","tag":"{properties:{eye:'true'},_:{1:'eye=true,'}}"}]}]}]}]}
