{"pools":[{"rolls":1,"entries":[{"type":"alternatives","children":[{"type":"item","name":"egg","conditions":[{"condition":"location_check","predicate":{"block":{"state":{"moisture":"0"}}}}],"functions":[{"function":"set_custom_data","tag":"{properties:{moisture:'0'},_:{0:'moisture=0,'}}"}]},{"type":"item","name":"egg","conditions":[{"condition":"location_check","predicate":{"block":{"state":{"moisture":"1"}}}}],"functions":[{"function":"set_custom_data","tag":"{properties:{moisture:'1'},_:{0:'moisture=1,'}}"}]},{"type":"item","name":"egg","conditions":[{"condition":"location_check","predicate":{"block":{"state":{"moisture":"2"}}}}],"functions":[{"function":"set_custom_data","tag":"{properties:{moisture:'2'},_:{0:'moisture=2,'}}"}]},{"type":"item","name":"egg","conditions":[{"condition":"location_check","predicate":{"block":{"state":{"moisture":"3"}}}}],"functions":[{"function":"set_custom_data","tag":"{properties:{moisture:'3'},_:{0:'moisture=3,'}}"}]},{"type":"item","name":"egg","conditions":[{"condition":"location_check","predicate":{"block":{"state":{"moisture":"4"}}}}],"functions":[{"function":"set_custom_data","tag":"{properties:{moisture:'4'},_:{0:'moisture=4,'}}"}]},{"type":"item","name":"egg","conditions":[{"condition":"location_check","predicate":{"block":{"state":{"moisture":"5"}}}}],"functions":[{"function":"set_custom_data","tag":"{properties:{moisture:'5'},_:{0:'moisture=5,'}}"}]},{"type":"item","name":"egg","conditions":[{"condition":"location_check","predicate":{"block":{"state":{"moisture":"6"}}}}],"functions":[{"function":"set_custom_data","tag":"{properties:{moisture:'6'},_:{0:'moisture=6,'}}"}]},{"type":"item","name":"egg","conditions":[{"condition":"location_check","predicate":{"block":{"state":{"moisture":"7"}}}}],"functions":[{"function":"set_custom_data","tag":"{properties:{moisture:'7'},_:{0:'moisture=7,'}}"}]}]}]}]}
