{"pools":[{"rolls":1,"entries":[{"type":"alternatives","children":[{"type":"loot_table","value":"bs.block:get/95","conditions":[{"condition":"location_check","predicate":{"block":{"state":{"up":"false"}}}}],"functions":[{"function":"set_custom_data","tag":"{properties:{up:'false'},_:{6:'up=false,'}}"}]},{"type":"loot_table","value":"bs.block:get/95","conditions":[{"condition":"location_check","predicate":{"block":{"state":{"up":"true"}}}}],"functions":[{"function":"set_custom_data","tag":"{properties:{up:'true'},_:{6:'up=true,'}}"}]}]}]}]}
