{"pools":[{"rolls":1,"entries":[{"type":"alternatives","children":[{"type":"item","name":"egg","conditions":[{"condition":"location_check","predicate":{"block":{"state":{"snowy":"false"}}}}],"functions":[{"function":"set_custom_data","tag":"{properties:{snowy:'false'},_:{0:'snowy=false,'}}"}]},{"type":"item","name":"egg","conditions":[{"condition":"location_check","predicate":{"block":{"state":{"snowy":"true"}}}}],"functions":[{"function":"set_custom_data","tag":"{properties:{snowy:'true'},_:{0:'snowy=true,'}}"}]}]}]}]}
