{"pools":[{"rolls":1,"entries":[{"type":"alternatives","children":[{"type":"loot_table","value":"bs.block:get/1","conditions":[{"condition":"location_check","predicate":{"block":{"state":{"face":"wall"}}}}],"functions":[{"function":"set_custom_data","tag":"{properties:{face:'wall'},_:{1:'face=wall,'}}"}]},{"type":"loot_table","value":"bs.block:get/1","conditions":[{"condition":"location_check","predicate":{"block":{"state":{"face":"ceiling"}}}}],"functions":[{"function":"set_custom_data","tag":"{properties:{face:'ceiling'},_:{1:'face=ceiling,'}}"}]},{"type":"loot_table","value":"bs.block:get/1","conditions":[{"condition":"location_check","predicate":{"block":{"state":{"face":"floor"}}}}],"functions":[{"function":"set_custom_data","tag":"{properties:{face:'floor'},_:{1:'face=floor,'}}"}]}]}]}]}
