{"pools":[{"rolls":1,"entries":[{"type":"alternatives","children":[{"type":"item","name":"egg","conditions":[{"condition":"location_check","predicate":{"block":{"state":{"enabled":"true"}}}}],"functions":[{"function":"set_custom_data","tag":"{properties:{enabled:'true'},_:{0:'enabled=true,'}}"}]},{"type":"item","name":"egg","conditions":[{"condition":"location_check","predicate":{"block":{"state":{"enabled":"false"}}}}],"functions":[{"function":"set_custom_data","tag":"{properties:{enabled:'false'},_:{0:'enabled=false,'}}"}]}]}]}]}
